v -0.35281118 1.26777669 -0.27957109
v -0.33770632 1.25882066 -0.27645136
v -0.32252394 1.24886951 -0.27313030
v -0.30951713 1.24687928 -0.27156116
v -0.29655020 1.24488905 -0.26999564
v -0.35398907 1.26999627 -0.29275839
v -0.33748097 1.25612736 -0.28841390
v -0.32278913 1.24820227 -0.28545404
v -0.30850303 1.24126781 -0.28273432
v -0.29577396 1.24027717 -0.28137571
v -0.35240088 1.26228262 -0.30371559
v -0.33698542 1.25242103 -0.30019356
v -0.32202475 1.24354561 -0.29692509
v -0.30773434 1.23664250 -0.29414204
v -0.29523154 1.23664250 -0.29300727
v -0.62890829 1.42245413 -0.37771621
v -0.35136493 1.25655023 -0.31512951
v -0.33648664 1.24869679 -0.31200888
v -0.32202243 1.24182503 -0.30914713
v -0.30794240 1.23593495 -0.30654152
v -0.29515513 1.23495327 -0.30515964
v -0.64351215 1.41889650 -0.39275984
v -0.62123727 1.40130687 -0.38659326
v -0.35443440 1.26547587 -0.33037011
v -0.33572089 1.24397744 -0.32360567
v -0.32150613 1.23811423 -0.32093389
v -0.30765480 1.23322822 -0.31852537
v -0.29460461 1.23127382 -0.31688037
v -0.58364484 1.37640307 -0.39152783
v -0.57959931 1.40072114 -0.39714219
v -0.33679393 1.24605819 -0.33706217
v -0.32098660 1.23438551 -0.33275633
v -0.30663342 1.22757645 -0.32977878
v -0.29358485 1.22563100 -0.32811595
v -0.58044133 1.36522487 -0.40271749
v -0.55272570 1.33230456 -0.39176139
v -0.53430588 1.32068562 -0.38711055
v -0.51612535 1.30906669 -0.38248143
v -0.50487613 1.31487616 -0.38294995
v -0.49459270 1.32359036 -0.38425087
v -0.48940738 1.34682823 -0.38973830
v -0.32777574 1.25871797 -0.35247739
v -0.31287699 1.25097201 -0.34913914
v -0.29790557 1.24225781 -0.34554604
v -0.56327698 1.32132341 -0.40380387
v -0.53798210 1.29337420 -0.39404802
v -0.52421101 1.29241043 -0.39254089
v -0.51274549 1.29722926 -0.39278648
v -0.50155124 1.30301186 -0.39331393
v -0.49204235 1.31361328 -0.39528055
v -0.48301616 1.32614224 -0.39780548
v -0.36241188 1.38975081 -0.40383726
v -0.34948279 1.39553341 -0.40420725
v -0.57163659 1.30559062 -0.41422635
v -0.55109625 1.28928272 -0.40783611
v -0.53609584 1.28544557 -0.40540972
v -0.52351579 1.28736415 -0.40480040
v -0.51165613 1.29120130 -0.40478893
v -0.50045702 1.29695703 -0.40536988
v -0.48949846 1.30367204 -0.40623890
v -0.48400384 1.32573566 -0.41186356
v -0.36951187 1.41494942 -0.42623179
v -0.35480563 1.41494942 -0.42489703
v -0.56592385 1.28899258 -0.42291657
v -0.54837158 1.27944448 -0.41857126
v -0.53461207 1.27848967 -0.41704720
v -0.52165108 1.27944448 -0.41614607
v -0.50980812 1.28326372 -0.41617207
v -0.49899345 1.28994738 -0.41711709
v -0.49055487 1.30331472 -0.42020432
v -0.37131459 1.41980145 -0.44295920
v -0.35576949 1.41693702 -0.44072263
v -0.55831450 1.29910233 -0.43919487
v -0.54388815 1.29720166 -0.43731708
v -0.53066712 1.29815200 -0.43640133
v -0.51591211 1.29530100 -0.43420950
v -0.50269109 1.29625133 -0.43329375
v -0.49124298 1.30195332 -0.43395999
v -0.48246404 1.31525795 -0.43714220
v -0.37185339 1.41979435 -0.45836660
v -0.35600201 1.41599303 -0.45579105
v -0.50894181 1.30905981 -0.45198834
v -0.49228077 1.30149299 -0.44813051
v -0.47856159 1.30149299 -0.44688534
v -0.47396359 1.32703101 -0.45438455
v -0.37957544 1.44715427 -0.48305478
v -0.35789164 1.42161625 -0.47317018
v -0.49473666 1.30474442 -0.46374641
v -0.47744795 1.29533068 -0.45915530
v -0.46608786 1.30192030 -0.46023961
v -0.45982085 1.32357190 -0.46662131
v -0.37784260 1.43841953 -0.49604870
v -0.36142139 1.43371266 -0.49304731
v -0.35919486 1.48737098 -0.51007038
v -0.49895707 1.31259075 -0.48125820
v -0.47875752 1.29572663 -0.47382350
v -0.46261513 1.28916836 -0.47018009
v -0.44954841 1.29104216 -0.46961650
v -0.36681076 1.45312510 -0.51594233
v -0.35542430 1.46998922 -0.52051023
v -0.48316403 1.30445165 -0.49178025
v -0.46317845 1.28766814 -0.48420314
v -0.44648061 1.27927638 -0.47980603
v -0.43532494 1.28673572 -0.48135493
v -0.46206076 1.28148343 -0.49651769
v -0.44439637 1.27034817 -0.49096443
v -0.43389342 1.27962755 -0.49330284
v -0.42623779 1.29818633 -0.49919135
v -0.34386557 1.35850235 -0.51311100
v -0.44555502 1.27068142 -0.50574480
v -0.43183584 1.27068142 -0.50449963
v -0.41963598 1.27529872 -0.50508314
v -0.41292040 1.29746177 -0.51258942
v -0.38224669 1.33717057 -0.52434622
v -0.36603156 1.33070635 -0.52050740
v -0.35239644 1.33347673 -0.52028433
v -0.33987185 1.34086441 -0.52185284
v -0.32696364 1.34732863 -0.52304837
v -0.44702534 1.27187097 -0.52102648
v -0.43134825 1.26635707 -0.51752071
v -0.41821524 1.26819504 -0.51702304
v -0.40621469 1.27370893 -0.51801674
v -0.40202168 1.30495431 -0.52943923
v -0.38540551 1.29668348 -0.52480678
v -0.37186372 1.29852144 -0.52427200
v -0.35904165 1.30311635 -0.52484399
v -0.34660635 1.30954922 -0.52614538
v -0.33426472 1.31690108 -0.52780242
v -0.32109369 1.32149599 -0.52834274
v -0.43460401 1.27298885 -0.53519118
v -0.41830734 1.26567282 -0.53086295
v -0.40713888 1.27390336 -0.53305454
v -0.39579094 1.28213389 -0.53522983
v -0.38235720 1.28396289 -0.53472284
v -0.36835885 1.28396289 -0.53345233
v -0.35511769 1.28670640 -0.53331896
v -0.34205912 1.29036442 -0.53355830
v -0.32938570 1.29585144 -0.53454487
v -0.31614767 1.29950945 -0.53476792
v -0.44126257 1.28950551 -0.55743866
v -0.42110589 1.27130501 -0.54830661
v -0.40601147 1.26766491 -0.54547609
v -0.39268579 1.26948496 -0.54499689
v -0.37877718 1.26948496 -0.54373452
v -0.36513011 1.27039498 -0.54286102
v -0.35171470 1.27221503 -0.54237368
v -0.33825940 1.27403508 -0.54188271
v -0.32499586 1.27676516 -0.54177428
v -0.31167251 1.27949523 -0.54166042
v -0.44228992 1.28949841 -0.57289040
v -0.42298152 1.27410411 -0.56477789
v -0.40662801 1.26685974 -0.56030065
v -0.39099540 1.26142646 -0.55663709
v -0.37629458 1.25870982 -0.55418046
v -0.36243581 1.25870982 -0.55292261
v -0.34882783 1.25961537 -0.55206165
v -0.33519990 1.26052092 -0.55119888
v -0.32155203 1.26142646 -0.55033429
v -0.30810508 1.26323756 -0.54986207
v -0.42304206 1.27140724 -0.57896557
v -0.40607545 1.26239656 -0.57359455
v -0.38986800 1.25518802 -0.56905864
v -0.37516961 1.25248481 -0.56657526
v -0.36079097 1.25068267 -0.56450401
v -0.34670218 1.24978161 -0.56284218
v -0.33263333 1.24888054 -0.56118216
v -0.31881445 1.24888054 -0.55992793
v -0.30499557 1.24888054 -0.55867371
v -0.44801838 1.30005519 -0.60921014
v -0.42518917 1.27495067 -0.59615928
v -0.40551965 1.25791547 -0.58692411
v -0.38874060 1.24894957 -0.58148020
v -0.37377554 1.24536321 -0.57855354
v -0.35889024 1.24177685 -0.57563412
v -0.34508132 1.24177685 -0.57438080
v -0.33127241 1.24177685 -0.57312748
v -0.31746350 1.24177685 -0.57187416
v -0.30387383 1.24267344 -0.57103284
v -0.46925531 1.31586425 -0.63420128
v -0.44622851 1.29177725 -0.62128185
v -0.42672209 1.27661135 -0.61269284
v -0.40726643 1.26055335 -0.60370736
v -0.38900449 1.24717168 -0.59603349
v -0.37318795 1.24092690 -0.59179031
v -0.35854426 1.23825056 -0.58925795
v -0.34396040 1.23557423 -0.58673102
v -0.32991311 1.23468212 -0.58505497
v -0.31611417 1.23468212 -0.58380256
v -0.30231523 1.23468212 -0.58255014
v -0.48473158 1.31458437 -0.65132754
v -0.46330159 1.29594408 -0.64077078
v -0.44382715 1.28174195 -0.63244193
v -0.42556393 1.27020273 -0.62545325
v -0.40784736 1.25955113 -0.61892427
v -0.38981518 1.24712427 -0.61154648
v -0.37339956 1.23913557 -0.60636583
v -0.35845094 1.23558504 -0.60336874
v -0.34382962 1.23292214 -0.60081143
v -0.32926813 1.23025924 -0.59825956
v -0.31499405 1.22848398 -0.59614386
v -0.30119511 1.22848398 -0.59489144
v -0.47896209 1.29558766 -0.65825192
v -0.45990432 1.28322350 -0.65065518
v -0.44143228 1.27174249 -0.64353067
v -0.42321946 1.26026148 -0.63642969
v -0.40669892 1.25319625 -0.63157767
v -0.39033790 1.24613101 -0.62674013
v -0.37333640 1.23641631 -0.62058724
v -0.35783774 1.23111738 -0.61666612
v -0.34295219 1.22758476 -0.61363879
v -0.32838315 1.22493530 -0.61105926
v -0.31410072 1.22316899 -0.60892481
v -0.30007499 1.22228584 -0.60723274
v -0.47582071 1.28374576 -0.66858760
v -0.45778123 1.27408032 -0.66224160
v -0.43965535 1.26353621 -0.65545970
v -0.42206454 1.25387077 -0.64915443
v -0.40583627 1.24772004 -0.64468508
v -0.39085091 1.24508401 -0.64204079
v -0.37433021 1.23717592 -0.63668877
v -0.35798898 1.22926784 -0.63135304
v -0.34305681 1.22575313 -0.62828551
v -0.32796845 1.22135975 -0.62477575
v -0.31343175 1.21872373 -0.62217218
v -0.29917088 1.21696637 -0.62002171
v -0.47463827 1.27720278 -0.68161552
v -0.45471828 1.26234142 -0.67237762
v -0.43696688 1.25272524 -0.66595887
v -0.42031970 1.24573166 -0.66095151
v -0.40497201 1.24223487 -0.65781031
v -0.39052915 1.24136067 -0.65606240
v -0.37451592 1.23524129 -0.65154963
v -0.35787704 1.22649931 -0.64566892
v -0.34266312 1.22212832 -0.64210280
v -0.32754890 1.21775733 -0.63854574
v -0.31275955 1.21426054 -0.63545522
v -0.29826516 1.21163795 -0.63282852
v -0.47086333 1.26370204 -0.69083978
v -0.45166505 1.25065625 -0.68240663
v -0.43489474 1.24369850 -0.67731617
v -0.41946055 1.24021962 -0.67413116
v -0.40439031 1.23761046 -0.67142522
v -0.38965410 1.23587103 -0.66919565
v -0.37416506 1.23152243 -0.66555962
v -0.35775863 1.22369496 -0.66005614
v -0.34250887 1.21934636 -0.65644182
v -0.32712448 1.21412805 -0.65236923
v -0.31230846 1.21064917 -0.64924033
v -0.29757220 1.20717029 -0.64611866
v -0.32938196 1.27104559 -0.26476138
v -0.31678236 1.27740100 -0.26581701
v -0.30384742 1.27870672 -0.26586434
v -0.29080217 1.27799571 -0.26550936
v -0.34305828 1.27402010 -0.27852919
v -0.32892024 1.25223064 -0.27377307
v -0.31604236 1.24954376 -0.27301858
v -0.30329086 1.24986355 -0.27289286
v -0.29075547 1.26017865 -0.27485427
v -0.34305566 1.26422234 -0.28945749
v -0.32878671 1.23952771 -0.28386580
v -0.31597811 1.23685436 -0.28310527
v -0.30322506 1.23518056 -0.28256388
v -0.29106493 1.25640645 -0.28703362
v -0.34292011 1.25246701 -0.29985675
v -0.32887341 1.23086710 -0.29474516
v -0.31618604 1.23018973 -0.29443233
v -0.30340701 1.22752471 -0.29366407
v -0.29129725 1.24964293 -0.29856833
v -0.34278219 1.24076464 -0.31014811
v -0.32907083 1.22421440 -0.30604482
v -0.31639357 1.22353393 -0.30574140
v -0.30369647 1.22285085 -0.30543713
v -0.29139831 1.23795416 -0.30890577
v -0.60339608 1.57561975 -0.40915133
v -0.34396329 1.24886741 -0.32526228
v -0.32954857 1.22250207 -0.31855707
v -0.31678560 1.22082697 -0.31801526
v -0.30405892 1.22013557 -0.31771872
v -0.29152337 1.22730076 -0.31938015
v -0.25289929 1.23299978 -0.32042154
v -0.24027439 1.20589040 -0.31354857
v -0.61593236 1.48826038 -0.40291913
v -0.61181544 1.53547051 -0.41512740
v -0.60048698 1.55347367 -0.41970079
v -0.34461978 1.24898105 -0.33858401
v -0.33002790 1.22075443 -0.33114125
v -0.31727164 1.22005471 -0.33085244
v -0.30442255 1.21739381 -0.33005426
v -0.29175273 1.22060342 -0.33077998
v -0.27928326 1.24138033 -0.33606308
v -0.26606830 1.22015592 -0.33044778
v -0.25325353 1.19800953 -0.32459676
v -0.24076368 1.18272729 -0.32052853
v -0.63137857 1.48351375 -0.41728390
v -0.62023180 1.49854179 -0.42125958
v -0.60559399 1.49953080 -0.42142328
v -0.33062188 1.22092645 -0.34432557
v -0.31794613 1.22314304 -0.34483426
v -0.30500752 1.22047482 -0.34402329
v -0.29254379 1.23435996 -0.34768137
v -0.62124265 1.49472196 -0.43597631
v -0.60815384 1.50266030 -0.43812750
v -0.59594420 1.51554214 -0.44166941
v -0.52249408 1.29732783 -0.38008393
v -0.50737450 1.28665284 -0.37700594
v -0.49630187 1.29775267 -0.38005476
v -0.48712801 1.32165478 -0.38670306
v -0.33144519 1.22493778 -0.35871016
v -0.31862416 1.22615193 -0.35897793
v -0.30559604 1.22347640 -0.35815418
v -0.29285740 1.23049509 -0.36004955
v -0.60891242 1.49777516 -0.45269759
v -0.59107696 1.48486130 -0.44886412
v -0.53250496 1.27532561 -0.38764777
v -0.51806057 1.26766274 -0.38535659
v -0.50633862 1.27381372 -0.38709630
v -0.49480994 1.28191244 -0.38940355
v -0.48507604 1.30178091 -0.39514298
v -0.33238631 1.23079817 -0.37383875
v -0.31935277 1.23004874 -0.37356512
v -0.30615102 1.22543250 -0.37216569
v -0.29349774 1.23818953 -0.37582352
v -0.60831669 1.48695405 -0.46551423
v -0.54474256 1.26525637 -0.39844652
v -0.53050298 1.25860375 -0.39639878
v -0.51753910 1.25785902 -0.39613709
v -0.50585844 1.26397992 -0.39795042
v -0.49366652 1.26812022 -0.39916476
v -0.48501417 1.29377344 -0.40687964
v -0.33298938 1.23076719 -0.38743670
v -0.32008532 1.23385728 -0.38833215
v -0.30674646 1.22827962 -0.38661130
v -0.29452663 1.25920508 -0.39590664
v -0.17658368 1.42837688 -0.44660916
v -0.16316356 1.39599974 -0.43680266
v -0.54738276 1.27016993 -0.41378981
v -0.53200202 1.25862822 -0.41016054
v -0.51858625 1.25591513 -0.40929338
v -0.50649476 1.26004198 -0.41056588
v -0.49446061 1.26512867 -0.41213844
v -0.48678302 1.29649935 -0.42193205
v -0.32072701 1.23566052 -0.40267973
v -0.30742040 1.23296176 -0.40181721
v -0.29523590 1.26850245 -0.41290766
v -0.17777144 1.40545428 -0.45554244
v -0.16321666 1.39306866 -0.45165060
v -0.55219050 1.28474898 -0.43248892
v -0.53783775 1.27907376 -0.43065316
v -0.52435028 1.27730357 -0.43008059
v -0.51048973 1.27358868 -0.42887895
v -0.49825846 1.27861842 -0.43050604
v -0.48672175 1.28847865 -0.43369569
v -0.29575722 1.27099804 -0.42804187
v -0.17817785 1.39679803 -0.46873636
v -0.16339448 1.38822270 -0.46596247
v -0.50347877 1.29966473 -0.45181817
v -0.48916311 1.29495556 -0.45026364
v -0.47647670 1.29989449 -0.45193429
v -0.32268908 1.25235095 -0.43625333
v -0.30912221 1.25057034 -0.43567739
v -0.29653365 1.28193805 -0.44618901
v -0.17770891 1.40408290 -0.48722240
v -0.16308214 1.39084207 -0.48281427
v -0.50853312 1.31950167 -0.47330175
v -0.49110833 1.29843498 -0.46607035
v -0.47675238 1.29373384 -0.46448717
v -0.46525360 1.30724845 -0.46919237
v -0.32454296 1.27751275 -0.45932396
v -0.31053437 1.27285720 -0.45775552
v -0.17791211 1.39911598 -0.50178689
v -0.16301843 1.38964933 -0.49855796
v -0.49473040 1.31139118 -0.48546360
v -0.47875908 1.29808041 -0.48078278
v -0.46494268 1.29720159 -0.48052982
v -0.45179401 1.30108316 -0.48197304
v -0.17801399 1.39598711 -0.51705015
v -0.16295709 1.38840365 -0.51440955
v -0.47982474 1.29662516 -0.49518077
v -0.46507308 1.29003850 -0.49284178
v -0.45124695 1.28915397 -0.49259739
v -0.43944560 1.30341694 -0.49791978
v -0.34371398 1.34293857 -0.51303871
v -0.32867697 1.33445424 -0.51000250
v -0.17806661 1.39374637 -0.53272573
v -0.16277656 1.38894927 -0.53104899
v -0.46697713 1.29422511 -0.50942950
v -0.45207665 1.28671544 -0.50668774
v -0.43908707 1.29241596 -0.50894859
v -0.42676514 1.30468380 -0.51369853
v -0.37489188 1.35804416 -0.53434622
v -0.35829407 1.33272399 -0.52485323
v -0.34283614 1.31773580 -0.51927553
v -0.32809342 1.31117251 -0.51689200
v -0.31344995 1.30462224 -0.51451268
v -0.29904942 1.30273222 -0.51390136
v -0.28457363 1.29712963 -0.51188069
v -0.27009721 1.28319593 -0.50669619
v -0.25587056 1.27670037 -0.50433457
v -0.24164455 1.27853593 -0.50513679
v -0.22721385 1.28589865 -0.50803954
v -0.17812120 1.39146150 -0.54849124
v -0.16290210 1.38483568 -0.54608749
v -0.45373657 1.28987776 -0.52304831
v -0.43885475 1.28239718 -0.52025344
v -0.42539289 1.28523650 -0.52148455
v -0.41410681 1.30770725 -0.53037893
v -0.38848217 1.33658719 -0.54190929
v -0.37322406 1.32813599 -0.53873792
v -0.35803625 1.31877279 -0.53520902
v -0.34324208 1.31314617 -0.53313891
v -0.32828337 1.30289180 -0.52925922
v -0.31350330 1.29266088 -0.52538711
v -0.29904657 1.28707855 -0.52333132
v -0.28465022 1.28058291 -0.52091758
v -0.27029858 1.26856576 -0.51634262
v -0.25615776 1.26486736 -0.51502128
v -0.24200285 1.26577326 -0.51550194
v -0.22772633 1.26942690 -0.51705899
v -0.21253490 1.29691247 -0.52795070
v -0.19249286 1.41956948 -0.57613045
v -0.17802639 1.39187632 -0.56542180
v -0.16296844 1.38160892 -0.56153789
v -0.44118849 1.29108654 -0.53898540
v -0.42591041 1.28083020 -0.53501130
v -0.41515229 1.30783879 -0.54600918
v -0.40200390 1.31803141 -0.55025454
v -0.38717853 1.31333524 -0.54851667
v -0.37257023 1.31050116 -0.54752702
v -0.35749993 1.30118888 -0.54393124
v -0.34252952 1.29097293 -0.53997020
v -0.32783572 1.28262687 -0.53675991
v -0.31328087 1.27429904 -0.53355551
v -0.29895236 1.26875130 -0.53146923
v -0.28464562 1.26045603 -0.52827537
v -0.27050569 1.25493304 -0.52619710
v -0.25644387 1.25125388 -0.52486114
v -0.24234782 1.25398778 -0.52611026
v -0.22809107 1.25945096 -0.52846105
v -0.17833682 1.38493896 -0.57955728
v -0.16327709 1.37471129 -0.57559244
v -0.44327138 1.29777622 -0.55723722
v -0.42725932 1.28290174 -0.55125867
v -0.41565688 1.30327543 -0.55984980
v -0.40120673 1.30137889 -0.55923637
v -0.38666771 1.29855833 -0.55824068
v -0.37214853 1.29574038 -0.55724583
v -0.35709694 1.28555372 -0.55320049
v -0.34216489 1.27447040 -0.54878173
v -0.32748051 1.26433194 -0.54475198
v -0.31297478 1.25421693 -0.54072981
v -0.29870635 1.24595776 -0.53747469
v -0.28461569 1.23954664 -0.53498409
v -0.27066221 1.23680293 -0.53401325
v -0.25672814 1.23497413 -0.53342173
v -0.24272152 1.23952227 -0.53547653
v -0.22847451 1.24860064 -0.53941356
v -0.21314333 1.28308260 -0.55390217
v -0.17924801 1.36713222 -0.58917642
v -0.16376571 1.36510021 -0.58851917
v -0.42825522 1.28212329 -0.56649036
v -0.41572655 1.29500557 -0.57215801
v -0.40109825 1.29126982 -0.57076208
v -0.38633148 1.28570007 -0.56858533
v -0.37172327 1.28105904 -0.56680277
v -0.35710538 1.27550883 -0.56463234
v -0.34215175 1.26355915 -0.55973537
v -0.32751521 1.25346692 -0.55562679
v -0.31297841 1.24157195 -0.55074751
v -0.29871901 1.23152922 -0.54665495
v -0.28465786 1.22242042 -0.54295827
v -0.27081360 1.21878757 -0.54159562
v -0.25700831 1.21788358 -0.54139703
v -0.24310183 1.22422962 -0.54429391
v -0.22865506 1.24684722 -0.55414231
v -0.21367236 1.26939447 -0.56396795
v -0.17970567 1.35754371 -0.60204794
v -0.16335629 1.36901662 -0.60716593
v -0.44861453 1.31906851 -0.59811354
v -0.42984873 1.28588739 -0.58383749
v -0.41514068 1.28124658 -0.58202374
v -0.40029378 1.27478059 -0.57941120
v -0.38608177 1.27381878 -0.57920433
v -0.37153252 1.26919881 -0.57739733
v -0.35711223 1.26549924 -0.57599226
v -0.34267215 1.26089359 -0.57418989
v -0.32789498 1.24901591 -0.56920159
v -0.31329651 1.23625819 -0.56382442
v -0.29887676 1.22171699 -0.55766193
v -0.28477452 1.20902441 -0.55230582
v -0.27099937 1.20450603 -0.55053168
v -0.25728360 1.20360935 -0.55034588
v -0.24344828 1.21173174 -0.55411954
v -0.22921557 1.22793325 -0.56144440
v -0.21446661 1.24768090 -0.57033317
v -0.44813236 1.30702798 -0.60898321
v -0.43037337 1.28132222 -0.59768794
v -0.41498894 1.27121174 -0.59338591
v -0.40047894 1.26750927 -0.59195907
v -0.38565075 1.26016889 -0.58889696
v -0.37102120 1.25375362 -0.58624873
v -0.35635164 1.24553503 -0.58278792
v -0.34188073 1.23824155 -0.57974098
v -0.32762846 1.23277484 -0.57751420
v -0.31337589 1.22551001 -0.57447653
v -0.29918257 1.21645489 -0.57063051
v -0.28518803 1.20922393 -0.56760379
v -0.27132267 1.20290896 -0.56498800
v -0.25755793 1.20469852 -0.56602541
v -0.24369424 1.20827317 -0.56786950
v -0.22955389 1.21900380 -0.57294534
v -0.21486907 1.23775430 -0.58164700
v -0.46363977 1.30608528 -0.62456806
v -0.44635412 1.28592465 -0.61554584
v -0.43018213 1.27127776 -0.60905742
v -0.41505466 1.26303014 -0.60551429
v -0.40046452 1.25843143 -0.60365165
v -0.38584426 1.25293418 -0.60137331
v -0.37122364 1.24654228 -0.59868054
v -0.35649281 1.23745212 -0.59473982
v -0.34198067 1.22928526 -0.59122281
v -0.32760747 1.22113664 -0.58771170
v -0.31341326 1.21390611 -0.58462261
v -0.29936827 1.20758976 -0.58195427
v -0.28548312 1.20397818 -0.58053598
v -0.27165822 1.20216370 -0.57994909
v -0.25783402 1.20213851 -0.58019107
v -0.24394140 1.20478813 -0.58167341
v -0.22987153 1.21099288 -0.58480591
v -0.21482859 1.24122404 -0.59908647
v -0.46086342 1.27956326 -0.62844009
v -0.44495827 1.26768402 -0.62310744
v -0.42975003 1.25945687 -0.61949799
v -0.41511959 1.25486619 -0.61760669
v -0.40074830 1.25208984 -0.61657320
v -0.38621711 1.24751219 -0.61468612
v -0.37158558 1.24114106 -0.61194796
v -0.35698328 1.23388360 -0.60878764
v -0.34256017 1.22753982 -0.60605834
v -0.32818614 1.22031231 -0.60290771
v -0.31401169 1.21489133 -0.60061236
v -0.29985599 1.20769248 -0.59747100
v -0.28586019 1.20229494 -0.59518324
v -0.27196472 1.19869088 -0.59374654
v -0.25811059 1.19776273 -0.59358182
v -0.24418973 1.20127661 -0.59553128
v -0.23011117 1.20655011 -0.59832086
v -0.21236668 1.31816147 -0.65176335
v -0.19576167 1.34624750 -0.66545419
v -0.45961497 1.26318000 -0.63673797
v -0.44459540 1.25678013 -0.63393842
v -0.42979491 1.25129473 -0.63158056
v -0.41573331 1.25122063 -0.63184840
v -0.40163201 1.25114131 -0.63211455
v -0.38713075 1.24746663 -0.63063417
v -0.37202806 1.23662725 -0.62566916
v -0.35747494 1.23028860 -0.62288942
v -0.34302107 1.22396297 -0.62011388
v -0.32866645 1.21765037 -0.61734257
v -0.31445151 1.21224183 -0.61500957
v -0.30028545 1.20595398 -0.61224625
v -0.28625982 1.20145600 -0.61035368
v -0.27229374 1.19696583 -0.60846363
v -0.25839019 1.19602675 -0.60830579
v -0.24443925 1.19773861 -0.60944310
v -0.23029429 1.20473932 -0.61316651
v -0.21281574 1.30696020 -0.66344631
v -0.19669555 1.32521602 -0.67270691
v -0.46032057 1.25948879 -0.65110036
v -0.44514028 1.25220874 -0.64780770
v -0.43007908 1.24494432 -0.64452010
v -0.41656844 1.24934005 -0.64703615
v -0.40211735 1.24656211 -0.64598131
v -0.38795690 1.24646615 -0.64626292
v -0.37279268 1.23566309 -0.64120545
v -0.35789737 1.22577660 -0.63660078
v -0.34342267 1.21947043 -0.63377944
v -0.32909777 1.21406521 -0.63140584
v -0.31485227 1.20867041 -0.62903561
v -0.30068616 1.20328603 -0.62666875
v -0.28664104 1.19968009 -0.62518977
v -0.27261388 1.19431394 -0.62282880
v -0.25866988 1.19248383 -0.62223686
v -0.24468996 1.19417413 -0.62340887
v -0.23049829 1.20200560 -0.62766150
v -0.21346464 1.28966059 -0.67195832
v -0.19754560 1.30607815 -0.68055134
v -0.46060711 1.25308542 -0.66414780
v -0.44555579 1.24672577 -0.66125707
v -0.43084419 1.24216439 -0.65928148
v -0.41707461 1.24474138 -0.66094871
v -0.40280424 1.24374528 -0.66079327
v -0.38842357 1.24185786 -0.66018278
v -0.37339860 1.23287114 -0.65594211
v -0.35853243 1.22390527 -0.65170817
v -0.34394642 1.21672985 -0.64838684
v -0.32953027 1.21045357 -0.64552307
v -0.31529505 1.20595471 -0.64356770
v -0.30108846 1.20058277 -0.64116318
v -0.28696126 1.19522126 -0.63876204
v -0.27291346 1.18987016 -0.63636426
v -0.25894962 1.18803744 -0.63577147
v -0.24495063 1.18970748 -0.63697862
v -0.23072258 1.19836219 -0.64177888
v -0.34062880 1.29023207 -0.27398840
v -0.32937794 1.26745118 -0.26979841
v -0.31745622 1.25911249 -0.26847194
v -0.30520167 1.25589932 -0.26816425
v -0.29329284 1.24861337 -0.26704487
v -0.34183290 1.28884300 -0.28667160
v -0.33089499 1.25999111 -0.28103965
v -0.31941483 1.24556218 -0.27840250
v -0.30764013 1.23729290 -0.27704624
v -0.29567086 1.23208700 -0.27632842
v -0.34330146 1.28231377 -0.29831517
v -0.33222585 1.25560191 -0.29291070
v -0.32072544 1.24121164 -0.29018278
v -0.30893696 1.23295585 -0.28878997
v -0.29740214 1.22271005 -0.28695874
v -0.34436717 1.28392992 -0.31179204
v -0.33367796 1.24917665 -0.30433777
v -0.32203821 1.23685271 -0.30198114
v -0.31039287 1.22659590 -0.30009131
v -0.29859728 1.21939045 -0.29889576
v -0.33489405 1.24679834 -0.31670702
v -0.32335314 1.23248539 -0.31379757
v -0.31169186 1.22225046 -0.31185312
v -0.29970989 1.21705385 -0.31110780
v -0.28668757 1.22282513 -0.31298650
v -0.33582970 1.24942207 -0.33037599
v -0.32433601 1.23312045 -0.32687558
v -0.31284041 1.21989436 -0.32412962
v -0.30040019 1.21966996 -0.32461361
v -0.28712257 1.22735756 -0.32707453
v -0.19374832 1.16720164 -0.31636550
v -0.17742696 1.18613559 -0.32171679
v -0.33655740 1.25598368 -0.34522211
v -0.32533183 1.23370517 -0.34006205
v -0.31316800 1.22845447 -0.33929111
v -0.30034564 1.23114139 -0.34057654
v -0.18951358 1.19362125 -0.33618613
v -0.17702905 1.19030069 -0.33592273
v -0.33786327 1.25247408 -0.35761337
v -0.32621125 1.23622709 -0.35389051
v -0.31359996 1.23590664 -0.35443927
v -0.30108020 1.23358551 -0.35445288
v -0.51280724 1.30123396 -0.37509921
v -0.50071101 1.30107435 -0.37570555
v -0.33841541 1.26284772 -0.37390775
v -0.32723514 1.23670274 -0.36731195
v -0.31435223 1.23930463 -0.36872072
v -0.30166699 1.23792850 -0.36902385
v -0.51334638 1.28436521 -0.38372112
v -0.50170798 1.28938211 -0.38582001
v -0.49110799 1.31490245 -0.39371199
v -0.32839704 1.23515731 -0.38027212
v -0.31519592 1.24164502 -0.38288039
v -0.30235681 1.24120879 -0.38349152
v -0.51450521 1.27583287 -0.39454295
v -0.50262101 1.27671297 -0.39552659
v -0.49174946 1.29599106 -0.40188914
v -0.32889168 1.24437130 -0.39653738
v -0.31591507 1.24587407 -0.39777164
v -0.30290533 1.24636278 -0.39870805
v -0.51549455 1.26527307 -0.40469280
v -0.50380714 1.26819470 -0.40634057
v -0.49261324 1.28126772 -0.41106365
v -0.32875468 1.26420628 -0.41640595
v -0.31616705 1.25683510 -0.41496135
v -0.30316048 1.25530610 -0.41533192
v -0.51688604 1.25986584 -0.41634186
v -0.50527931 1.26377694 -0.41837042
v -0.49358493 1.26865097 -0.42070974
v -0.32914810 1.27604080 -0.43424874
v -0.31679945 1.26280600 -0.43090049
v -0.30336981 1.26508979 -0.43253809
v -0.28638897 1.30488155 -0.44629029
v -0.51936521 1.26769171 -0.43224133
v -0.50705048 1.26340937 -0.43172456
v -0.49486526 1.26114972 -0.43186012
v -0.48286338 1.26290918 -0.43329714
v -0.31678111 1.27832928 -0.45026256
v -0.30353656 1.27570127 -0.45035366
v -0.28800306 1.29798703 -0.45875824
v -0.50996179 1.27815655 -0.45020301
v -0.49660210 1.26071536 -0.44532073
v -0.48377018 1.24837904 -0.44212277
v -0.47207480 1.25710752 -0.44595365
v -0.46035825 1.27173424 -0.45177826
v -0.49875119 1.26625683 -0.46093712
v -0.48534698 1.24592049 -0.45491179
v -0.47310933 1.24362434 -0.45508111
v -0.46102652 1.24628051 -0.45696407
v -0.44901484 1.25581928 -0.46124000
v -0.48851061 1.27031472 -0.47728269
v -0.47535341 1.25501303 -0.47287595
v -0.46232507 1.23780590 -0.46777378
v -0.45023624 1.24335336 -0.47077069
v -0.43835153 1.26749918 -0.48043413
v -0.34466774 1.32853343 -0.51014310
v -0.33127532 1.31900070 -0.50782901
v -0.31759092 1.31521718 -0.50760518
v -0.30359207 1.31522482 -0.50876984
v -0.28941529 1.31614571 -0.51027745
v -0.27466101 1.32174140 -0.51351292
v -0.47708252 1.25539115 -0.48700138
v -0.46418686 1.24314234 -0.48358494
v -0.45169243 1.23879751 -0.48306063
v -0.43939400 1.24325582 -0.48577924
v -0.42701156 1.25447881 -0.49101022
v -0.37409794 1.31178182 -0.51682387
v -0.36108394 1.29463909 -0.51160541
v -0.34760497 1.29286355 -0.51211802
v -0.33390758 1.29392372 -0.51369970
v -0.32022339 1.29304737 -0.51456311
v -0.30660914 1.29025424 -0.51471063
v -0.29262801 1.29121574 -0.51628040
v -0.27844165 1.29307643 -0.51820097
v -0.26027803 1.33043516 -0.53361228
v -0.46644837 1.25721111 -0.50292632
v -0.45347393 1.24400549 -0.49906624
v -0.44082975 1.23767660 -0.49779883
v -0.42834398 1.24009667 -0.49985371
v -0.41574551 1.24730747 -0.50374588
v -0.38967288 1.27398236 -0.51628271
v -0.37651479 1.27133871 -0.51646735
v -0.36331886 1.26868190 -0.51665041
v -0.34973830 1.27361921 -0.51976456
v -0.33575734 1.28228123 -0.52433552
v -0.32244555 1.27668618 -0.52340851
v -0.30900923 1.27297979 -0.52321307
v -0.29522925 1.27301784 -0.52447683
v -0.27899800 1.29731908 -0.53521622
v -0.26438254 1.30093053 -0.53791854
v -0.15215176 1.35270575 -0.56783887
v -0.45551295 1.25593237 -0.51792225
v -0.44252880 1.24276450 -0.51398082
v -0.42978729 1.23448808 -0.51193656
v -0.41718670 1.23875906 -0.51480436
v -0.40443363 1.23913135 -0.51615617
v -0.39143310 1.24999316 -0.52164895
v -0.37845688 1.24740361 -0.52185921
v -0.36541001 1.24575091 -0.52244391
v -0.35239094 1.24218504 -0.52227498
v -0.33940467 1.23766917 -0.52173003
v -0.32611247 1.23785399 -0.52305922
v -0.31279633 1.23706907 -0.52401000
v -0.29948463 1.23532427 -0.52458359
v -0.28638487 1.23076893 -0.52403387
v -0.27249293 1.23362944 -0.52647008
v -0.25769031 1.24290316 -0.53150984
v -0.24295776 1.24931701 -0.53542036
v -0.22799820 1.25565192 -0.53932135
v -0.18379101 1.35276472 -0.58162153
v -0.16804968 1.35402070 -0.58360274
v -0.15283686 1.35161481 -0.58409654
v -0.44467688 1.26417436 -0.53694807
v -0.43154175 1.24812459 -0.53176022
v -0.41867632 1.23886652 -0.52928841
v -0.40585174 1.24493216 -0.53300050
v -0.39298569 1.23854440 -0.53168782
v -0.38009065 1.23501710 -0.53153309
v -0.36720843 1.23053741 -0.53099250
v -0.35432621 1.22605772 -0.53045192
v -0.34149464 1.22063880 -0.52952707
v -0.32850166 1.21803428 -0.52975462
v -0.31540128 1.21634926 -0.53036404
v -0.30240220 1.21278578 -0.53020494
v -0.28929572 1.21014179 -0.53042772
v -0.27585758 1.21025301 -0.53179575
v -0.26200266 1.21308982 -0.53430545
v -0.24787954 1.21679022 -0.53719028
v -0.23345987 1.22134434 -0.54044905
v -0.18894876 1.32451464 -0.58649326
v -0.16957470 1.34839649 -0.59804465
v -0.15074437 1.36576949 -0.60691415
v -0.43322293 1.25488688 -0.54917283
v -0.42025068 1.24847134 -0.54783771
v -0.40729120 1.25253525 -0.55085230
v -0.39440795 1.23662791 -0.54556712
v -0.38173051 1.22174442 -0.54068595
v -0.36895461 1.21634942 -0.53975445
v -0.35627784 1.20908436 -0.53803635
v -0.34355869 1.20370910 -0.53710723
v -0.33085846 1.19834042 -0.53617890
v -0.31804017 1.19483524 -0.53603638
v -0.30512501 1.19224864 -0.53628517
v -0.29208462 1.19057077 -0.53692409
v -0.27889062 1.18979176 -0.53795194
v -0.26530198 1.19173234 -0.54014937
v -0.25100204 1.19818693 -0.54429385
v -0.23609939 1.20728876 -0.54959917
v -0.21741091 1.23983323 -0.56502550
v -0.43514478 1.27298648 -0.57168178
v -0.42189263 1.26174422 -0.56829508
v -0.40877648 1.24770615 -0.56370096
v -0.39575359 1.24222984 -0.56275010
v -0.38274961 1.23676010 -0.56180004
v -0.37008986 1.22098533 -0.55641633
v -0.35730582 1.21369668 -0.55466675
v -0.34419060 1.21387448 -0.55613825
v -0.33138644 1.20752653 -0.55479220
v -0.31841790 1.20396452 -0.55465236
v -0.30550730 1.19947497 -0.55411059
v -0.29251038 1.19590309 -0.55396956
v -0.27939876 1.19323904 -0.55422810
v -0.26593358 1.19329515 -0.55568491
v -0.25157093 1.19967310 -0.55993466
v -0.23648465 1.20959022 -0.56577153
v -0.21989315 1.22751325 -0.57518458
v -0.43693265 1.28137964 -0.59050108
v -0.42346569 1.26349274 -0.58414887
v -0.41026332 1.24758413 -0.57863449
v -0.39718260 1.24209227 -0.57767221
v -0.38415886 1.23473397 -0.57588560
v -0.37110639 1.23019508 -0.57533787
v -0.35812982 1.22379632 -0.57396660
v -0.34514368 1.21833735 -0.57300830
v -0.33206271 1.21473169 -0.57287274
v -0.31896283 1.21111944 -0.57273638
v -0.30614718 1.20383350 -0.57095850
v -0.29321778 1.19839427 -0.57000257
v -0.28011790 1.19478202 -0.56986622
v -0.26668662 1.19388393 -0.57095605
v -0.25227071 1.20018852 -0.57531147
v -0.23787396 1.20461350 -0.57884096
v -0.22169760 1.21973723 -0.58725614
v -0.45237766 1.29907767 -0.61227502
v -0.43849450 1.27735578 -0.60409003
v -0.42502477 1.26234759 -0.59887889
v -0.41176504 1.24928955 -0.59452126
v -0.39863306 1.24096876 -0.59228077
v -0.38552288 1.23547124 -0.59130827
v -0.37237679 1.23183835 -0.59117897
v -0.35924865 1.22727315 -0.59062806
v -0.34612051 1.22270794 -0.59007716
v -0.33299237 1.21814273 -0.58952626
v -0.31979899 1.21449340 -0.58939497
v -0.30666139 1.20992491 -0.58884367
v -0.29343963 1.20626571 -0.58871120
v -0.27982446 1.20622396 -0.59025163
v -0.26601162 1.20705203 -0.59220613
v -0.25197274 1.20874006 -0.59457350
v -0.23767945 1.21127819 -0.59735254
v -0.22270900 1.21733509 -0.60179259
v -0.45358680 1.28268870 -0.62043948
v -0.43995590 1.26860873 -0.61555400
v -0.42656015 1.25834651 -0.61240378
v -0.41327995 1.24905846 -0.60968976
v -0.40008690 1.24073471 -0.60741074
v -0.38688514 1.23707790 -0.60728810
v -0.37361178 1.23526417 -0.60802514
v -0.36031747 1.23250917 -0.60832996
v -0.34703058 1.22882275 -0.60820374
v -0.33377949 1.22421479 -0.60764768
v -0.32046422 1.22051850 -0.60752027
v -0.30720367 1.21590725 -0.60696381
v -0.29361077 1.21491640 -0.60811880
v -0.27994221 1.21389924 -0.60927060
v -0.26619798 1.21285576 -0.61041924
v -0.25226662 1.21268121 -0.61199137
v -0.23811976 1.21336570 -0.61398580
v -0.22320751 1.21845401 -0.61810485
v -0.46907234 1.29367092 -0.63957334
v -0.45521311 1.27955725 -0.63458837
v -0.44154303 1.26550937 -0.62961133
v -0.42812501 1.25619625 -0.62684656
v -0.41479845 1.24598551 -0.62364530
v -0.40156004 1.23952311 -0.62220909
v -0.38828046 1.23769351 -0.62297285
v -0.37491888 1.23676482 -0.62417351
v -0.36151635 1.23489246 -0.62493211
v -0.34814542 1.23117225 -0.62481135
v -0.33480920 1.22653468 -0.62425172
v -0.32147298 1.22189712 -0.62369208
v -0.30806421 1.21816375 -0.62356974
v -0.29463652 1.21442380 -0.62344661
v -0.28118992 1.21067727 -0.62332268
v -0.26742163 1.20960715 -0.62450627
v -0.25368806 1.20761968 -0.62525098
v -0.23941838 1.20916347 -0.62773455
v -0.22462839 1.21331459 -0.63151730
v -0.47066023 1.28860329 -0.65296583
v -0.45681331 1.27546446 -0.64834078
v -0.44318287 1.26425062 -0.64462348
v -0.42971216 1.25494202 -0.64181155
v -0.41634023 1.24659263 -0.63945309
v -0.40303871 1.23919258 -0.63754691
v -0.38972034 1.23641093 -0.63788669
v -0.37626743 1.23728190 -0.64001815
v -0.36276830 1.23628709 -0.64124900
v -0.34940896 1.23071663 -0.64023907
v -0.33606854 1.22515276 -0.63922992
v -0.32268503 1.22049875 -0.63866830
v -0.30930152 1.21584474 -0.63810668
v -0.29583708 1.21208744 -0.63799100
v -0.28226334 1.20921698 -0.63832006
v -0.26855192 1.20722350 -0.63909267
v -0.25489305 1.20432345 -0.63941816
v -0.24072132 1.20494445 -0.64151945
v -0.22630786 1.20640625 -0.64405993
v -0.33214540 1.26071475 -0.26682021
v -0.31996016 1.25637493 -0.26640524
v -0.30940336 1.24612856 -0.26481631
v -0.29491198 1.24959103 -0.26595728
v -0.33679509 1.24549993 -0.27673584
v -0.32763697 1.23039798 -0.27409110
v -0.31615584 1.22417671 -0.27329598
v -0.30325217 1.22281764 -0.27351929
v -0.28556767 1.23689366 -0.27698573
v -0.33833493 1.24215833 -0.28904531
v -0.33020655 1.22317145 -0.28546219
v -0.31901715 1.21598655 -0.28445496
v -0.30586475 1.21558998 -0.28493803
v -0.28998110 1.22380892 -0.28732284
v -0.34013600 1.23782190 -0.30116734
v -0.33145094 1.22083056 -0.29791205
v -0.32023359 1.21363539 -0.29689395
v -0.30706417 1.21320029 -0.29742944
v -0.29204810 1.21846556 -0.29928457
v -0.34143335 1.23542665 -0.31377273
v -0.33218026 1.22040515 -0.31088022
v -0.32118838 1.21222509 -0.30961860
v -0.30827296 1.21078637 -0.30997510
v -0.29440371 1.21216664 -0.31101610
v -0.27057901 1.24484668 -0.31962385
v -0.25062608 1.26294547 -0.32474692
v -0.23525582 1.26573630 -0.32618435
v -0.22456674 1.25438447 -0.32419314
v -0.21130478 1.25053407 -0.32402525
v -0.19799004 1.24665507 -0.32385371
v -0.18392210 1.24459184 -0.32413039
v -0.17407419 1.23147191 -0.32169706
v -0.34097703 1.23980127 -0.32812412
v -0.33110058 1.22670008 -0.32562628
v -0.32000000 1.21847090 -0.32433928
v -0.30726507 1.21599849 -0.32449381
v -0.29417271 1.21443946 -0.32488271
v -0.27507532 1.23176776 -0.33003817
v -0.25736595 1.24320580 -0.33373503
v -0.24339707 1.24227889 -0.33432235
v -0.23028937 1.23849742 -0.33419195
v -0.21745992 1.23375966 -0.33382170
v -0.20425544 1.22992575 -0.33368459
v -0.19239272 1.22239065 -0.33260393
v -0.17733067 1.22308550 -0.33363378
v -0.34105256 1.24216202 -0.34215490
v -0.33135389 1.22808918 -0.33933879
v -0.31911701 1.22366276 -0.33902744
v -0.30490809 1.22588298 -0.34045590
v -0.29025531 1.22896488 -0.34212168
v -0.20611505 1.26603523 -0.35639869
v -0.20168808 1.23718412 -0.34965879
v -0.18553571 1.24055561 -0.35148877
v -0.17666316 1.22472607 -0.34819376
v -0.33111399 1.23133722 -0.35369617
v -0.31880106 1.22685982 -0.35339742
v -0.30452702 1.22900079 -0.35490177
v -0.28469995 1.24898130 -0.36128432
v -0.51114995 1.31142749 -0.37526676
v -0.32911040 1.24118849 -0.37009366
v -0.31745415 1.23377992 -0.36900049
v -0.30390051 1.23299006 -0.36977737
v -0.52355484 1.32470686 -0.39153628
v -0.51371610 1.30197521 -0.38613724
v -0.50100907 1.30378983 -0.38761605
v -0.32970093 1.24141387 -0.38400812
v -0.31720070 1.23681542 -0.38373213
v -0.30221721 1.24065907 -0.38593786
v -0.52755540 1.30191848 -0.39862833
v -0.51639064 1.29153810 -0.39663997
v -0.50322138 1.29739372 -0.39937339
v -0.48901010 1.30918052 -0.40385737
v -0.32752886 1.25199266 -0.40118012
v -0.31566713 1.24448252 -0.40005485
v -0.30003677 1.25008718 -0.40292162
v -0.53720328 1.34378812 -0.42363282
v -0.53039762 1.28944605 -0.40846363
v -0.51857227 1.28519376 -0.40827011
v -0.50581491 1.28798070 -0.41020110
v -0.49125620 1.30272455 -0.41575997
v -0.32440476 1.26620047 -0.41984079
v -0.31417731 1.25203653 -0.41663073
v -0.29925074 1.25472579 -0.41872421
v -0.55453229 1.30896417 -0.42575989
v -0.54193855 1.31179580 -0.42778260
v -0.53125669 1.29527898 -0.42382629
v -0.52016199 1.28390278 -0.42144967
v -0.50763661 1.28462572 -0.42283381
v -0.49431129 1.29027953 -0.42577081
v -0.31143862 1.26414135 -0.43497852
v -0.29742980 1.26298760 -0.43593827
v -0.55669846 1.30257726 -0.43745149
v -0.54383179 1.30842096 -0.44052746
v -0.53204273 1.30203284 -0.43971102
v -0.52048606 1.29363468 -0.43824949
v -0.50696470 1.30125959 -0.44194129
v -0.49359837 1.30576457 -0.44465207
v -0.48046625 1.30719253 -0.44638731
v -0.30567578 1.28723760 -0.45742337
v -0.29220087 1.28313990 -0.45748194
v -0.50463350 1.33166272 -0.46608021
v -0.49334775 1.31810566 -0.46292198
v -0.48133901 1.31053540 -0.46175080
v -0.46725032 1.31672141 -0.46518886
v -0.49537470 1.31351545 -0.47574751
v -0.48349506 1.30496182 -0.47422789
v -0.46927843 1.31207320 -0.47812167
v -0.45403016 1.32391661 -0.48368627
v -0.43662314 1.34623057 -0.49293435
v -0.48509951 1.30330265 -0.48809631
v -0.47160305 1.30546925 -0.49037810
v -0.45717075 1.31239537 -0.49438201
v -0.44429936 1.30858073 -0.49456277
v -0.42583620 1.33544245 -0.50579264
v -0.35358880 1.33842678 -0.51508464
v -0.34029818 1.33227833 -0.51452159
v -0.32652061 1.32797266 -0.51463959
v -0.31366416 1.31995282 -0.51339184
v -0.30233893 1.30644277 -0.51010581
v -0.29035367 1.29573503 -0.50784623
v -0.27843879 1.28506543 -0.50559153
v -0.26743029 1.27172700 -0.50232744
v -0.25539510 1.26204553 -0.50042179
v -0.24311644 1.25328545 -0.49885666
v -0.23026285 1.24632049 -0.49796649
v -0.21489839 1.24642156 -0.49976153
v -0.07541215 1.48262216 -0.59588785
v -0.05604449 1.48371399 -0.59847781
v -0.47218291 1.31051090 -0.50689167
v -0.45952292 1.30574772 -0.50674755
v -0.44666501 1.30192573 -0.50695604
v -0.43186748 1.30858555 -0.51105972
v -0.41447934 1.32747129 -0.51974614
v -0.37062741 1.33201713 -0.52659983
v -0.35827961 1.32218092 -0.52464573
v -0.34508733 1.31608087 -0.52409843
v -0.33094500 1.31365977 -0.52495061
v -0.31816616 1.30568688 -0.52369929
v -0.30615705 1.29498576 -0.52140233
v -0.29421832 1.28432278 -0.51911024
v -0.28181337 1.27550404 -0.51751851
v -0.27055202 1.26311123 -0.51454069
v -0.25939624 1.25077563 -0.51157019
v -0.24687254 1.24294099 -0.51033654
v -0.23406294 1.23599986 -0.50944942
v -0.21969186 1.23345481 -0.51028576
v -0.07037987 1.49538665 -0.61973173
v -0.04457229 1.51180704 -0.62856771
v -0.45851978 1.32024987 -0.52711842
v -0.44773818 1.30292857 -0.52224396
v -0.43460062 1.29998394 -0.52283514
v -0.42121391 1.29794787 -0.52378431
v -0.40680140 1.30057370 -0.52653871
v -0.38867843 1.31997291 -0.53579069
v -0.37560208 1.31393080 -0.53526035
v -0.36250814 1.30787915 -0.53472879
v -0.34917385 1.30274082 -0.53455583
v -0.33603592 1.29666533 -0.53402123
v -0.32264004 1.29149363 -0.53384401
v -0.30995642 1.28357721 -0.53259036
v -0.29780628 1.27386277 -0.53062315
v -0.28624242 1.26237891 -0.52794604
v -0.27504208 1.25004847 -0.52491885
v -0.26309429 1.24044368 -0.52296565
v -0.25090616 1.23175220 -0.52137106
v -0.23724354 1.22747950 -0.52155062
v -0.22321739 1.22405339 -0.52208026
v -0.10006701 1.46725727 -0.62500160
v -0.07047636 1.49505224 -0.63871293
v -0.05052441 1.49676353 -0.64183421
v -0.44420460 1.33148812 -0.54847930
v -0.43547192 1.30182813 -0.53865406
v -0.42273145 1.29596313 -0.53815592
v -0.40922939 1.29384012 -0.53914177
v -0.39310695 1.30379989 -0.54494056
v -0.37972175 1.29966286 -0.54516613
v -0.36607136 1.29642081 -0.54575753
v -0.35323537 1.28946538 -0.54486858
v -0.34039937 1.28250996 -0.54397963
v -0.32732459 1.27646380 -0.54345833
v -0.31497497 1.26769459 -0.54183469
v -0.30240415 1.25984419 -0.54057992
v -0.29038130 1.25021337 -0.53859472
v -0.27813725 1.24150136 -0.53697840
v -0.26592839 1.23280843 -0.53536451
v -0.25375473 1.22413456 -0.53375306
v -0.24041476 1.21898338 -0.53359758
v -0.22611209 1.21642655 -0.53452798
v -0.20377223 1.23548130 -0.54450642
v -0.09725236 1.47482043 -0.64700661
v -0.07496017 1.48351434 -0.65314649
v -0.05782586 1.47838445 -0.65349661
v -0.43453294 1.31398481 -0.55881486
v -0.42373457 1.29676191 -0.55374271
v -0.41091649 1.29084997 -0.55324812
v -0.39498902 1.29979366 -0.55882810
v -0.38300515 1.28916485 -0.55642568
v -0.37067000 1.28041325 -0.55478518
v -0.35771115 1.27442503 -0.55428084
v -0.34473470 1.26842728 -0.55377529
v -0.33150344 1.26332523 -0.55364520
v -0.31872903 1.25640317 -0.55276052
v -0.30620944 1.24858541 -0.55150036
v -0.29397106 1.23988625 -0.54986656
v -0.28176788 1.23120616 -0.54823520
v -0.26959988 1.22254513 -0.54660627
v -0.25688706 1.21565645 -0.54572585
v -0.24357661 1.21051149 -0.54559028
v -0.22900054 1.20881586 -0.54693954
v -0.21147124 1.21482401 -0.55162234
v -0.42562996 1.29283130 -0.56750611
v -0.41279584 1.28690578 -0.56701934
v -0.39975246 1.28189577 -0.56692013
v -0.38647340 1.27778695 -0.56720665
v -0.37314156 1.27364953 -0.56748952
v -0.36019307 1.26766204 -0.56699483
v -0.34722699 1.26166502 -0.56649892
v -0.33424331 1.25565846 -0.56600180
v -0.32148649 1.24874594 -0.56511833
v -0.30847642 1.24272508 -0.56461938
v -0.29571080 1.23580779 -0.56373530
v -0.28321604 1.22800837 -0.56246793
v -0.27073888 1.22021848 -0.56120178
v -0.25770241 1.21418332 -0.56070100
v -0.24435110 1.20900645 -0.56058047
v -0.23004646 1.20639970 -0.56160007
v -0.21030150 1.21833624 -0.56907779
v -0.43938184 1.30042587 -0.58418127
v -0.42787663 1.28702347 -0.58050759
v -0.41576933 1.27739087 -0.57843615
v -0.40295437 1.27147085 -0.57795964
v -0.39032073 1.26462507 -0.57708470
v -0.37768708 1.25777929 -0.57620977
v -0.36440392 1.25365359 -0.57652281
v -0.35106797 1.24949928 -0.57683219
v -0.33744513 1.24621353 -0.57753269
v -0.32448061 1.24021247 -0.57704582
v -0.31149849 1.23420187 -0.57655774
v -0.29875927 1.22729889 -0.57567549
v -0.28602005 1.22039590 -0.57479324
v -0.27328083 1.21349291 -0.57391099
v -0.26025472 1.20745847 -0.57341986
v -0.24602827 1.20486966 -0.57448955
v -0.23293178 1.19879709 -0.57399354
v -0.44163945 1.29458977 -0.59724605
v -0.43029426 1.28028916 -0.59310099
v -0.41837082 1.26975171 -0.59059557
v -0.40576357 1.26292023 -0.58972246
v -0.39276162 1.25791313 -0.58966185
v -0.37972448 1.25288696 -0.58959881
v -0.36665215 1.24784172 -0.58953333
v -0.35354463 1.24277741 -0.58946541
v -0.34063445 1.23680091 -0.58899125
v -0.32746535 1.23170324 -0.58891906
v -0.31451118 1.22570290 -0.58844185
v -0.30153942 1.21969303 -0.58796341
v -0.28828234 1.21454768 -0.58788514
v -0.27526659 1.20851398 -0.58740366
v -0.26166260 1.20419977 -0.58772128
v -0.24741757 1.20157646 -0.58883434
v -0.23338749 1.19805050 -0.58954237
v -0.21087061 1.21744220 -0.60100045
v -0.44405765 1.28782646 -0.60989309
v -0.43287815 1.27264046 -0.60525919
v -0.42060968 1.26396408 -0.60355184
v -0.40800243 1.25713260 -0.60267874
v -0.39461203 1.25393372 -0.60346680
v -0.38156042 1.24888994 -0.60342062
v -0.36826024 1.24472570 -0.60378608
v -0.35512945 1.23963902 -0.60373442
v -0.34219444 1.23364418 -0.60326746
v -0.32924184 1.22763981 -0.60279929
v -0.31627165 1.22162590 -0.60232990
v -0.30328385 1.21560246 -0.60185928
v -0.28974613 1.21130951 -0.60220829
v -0.27615562 1.20698795 -0.60255364
v -0.26279609 1.20177732 -0.60248614
v -0.24823112 1.19997045 -0.60405056
v -0.23416330 1.19640450 -0.60479171
v -0.21010008 1.21987805 -0.61856388
v -0.44710885 1.27737849 -0.62081497
v -0.43512013 1.26684475 -0.61823355
v -0.42284854 1.25817645 -0.61650812
v -0.41005586 1.25225385 -0.61605996
v -0.39627447 1.25084227 -0.61773224
v -0.38299657 1.24667545 -0.61812604
v -0.36966589 1.24248003 -0.61851619
v -0.35672365 1.23647639 -0.61805767
v -0.34376381 1.23046321 -0.61759792
v -0.33078638 1.22444050 -0.61713696
v -0.31754434 1.21928376 -0.61709546
v -0.30452292 1.21323721 -0.61663146
v -0.29121930 1.20804710 -0.61658569
v -0.27760708 1.20369912 -0.61695634
v -0.26365988 1.20017899 -0.61774157
v -0.24906029 1.19832406 -0.61935720
v -0.23435514 1.19641192 -0.62096551
v -0.21121236 1.21718029 -0.63380967
v -0.44967202 1.26972834 -0.63295386
v -0.43736211 1.26104905 -0.63120791
v -0.42473727 1.25420803 -0.63033359
v -0.41174469 1.24917670 -0.63032723
v -0.39717564 1.25132688 -0.63378544
v -0.38404230 1.24621927 -0.63376933
v -0.37045326 1.24287367 -0.63461510
v -0.35788911 1.23506107 -0.63329826
v -0.34488684 1.22902002 -0.63284451
v -0.33210364 1.22209319 -0.63195922
v -0.31882953 1.21690930 -0.63193336
v -0.30552024 1.21170635 -0.63190507
v -0.29243879 1.20562239 -0.63144584
v -0.27852423 1.20210040 -0.63226907
v -0.26453929 1.19854027 -0.63308742
v -0.24990509 1.19663727 -0.63475425
v -0.23516532 1.19467706 -0.63641376
v -0.21387230 1.21025972 -0.64700051
v -0.45207304 1.26300945 -0.64550145
v -0.43943939 1.25616367 -0.64462652
v -0.42645874 1.25112903 -0.64463885
v -0.41307830 1.24787692 -0.64553480
v -0.39867198 1.24906684 -0.64863796
v -0.38530668 1.24482335 -0.64907931
v -0.37147121 1.24232426 -0.65039939
v -0.35928768 1.23272363 -0.64818868
v -0.34647808 1.22578250 -0.64730156
v -0.33343339 1.21971357 -0.64685380
v -0.32012722 1.21450254 -0.64684359
v -0.30703854 1.20840978 -0.64639280
v -0.29367079 1.20316537 -0.64637832
v -0.27972729 1.19960816 -0.64723528
v -0.26599248 1.19516444 -0.64765103
v -0.25105339 1.19406650 -0.64980599
v -0.23599112 1.19290182 -0.65195242
v -0.21561271 1.20584941 -0.66147676
v -0.45447093 1.25629864 -0.65803096
v -0.44151980 1.25127022 -0.65806320
v -0.42818959 1.24802579 -0.65899836
v -0.41478900 1.24474322 -0.65992865
v -0.40055989 1.24499050 -0.66265990
v -0.38698335 1.24161259 -0.66357800
v -0.37354355 1.23731408 -0.66404099
v -0.36113062 1.22859849 -0.66225217
v -0.34830342 1.22164783 -0.66136383
v -0.33524270 1.21556533 -0.66092390
v -0.32216438 1.20947329 -0.66048275
v -0.30906847 1.20337172 -0.66004038
v -0.29569504 1.19811447 -0.66004338
v -0.28148027 1.19538543 -0.66138187
v -0.26801007 1.19007574 -0.66137817
v -0.25307311 1.18894476 -0.66359581
v -0.23801299 1.18774704 -0.66580492
v -0.21796719 1.19976291 -0.67510209
v -0.36412414 1.20191419 -0.24562094
v -0.34393034 1.21830826 -0.25041602
v -0.33249701 1.21552366 -0.25111265
v -0.32144129 1.21172155 -0.25160070
v -0.36255519 1.20834486 -0.25863474
v -0.35262971 1.20285311 -0.25875488
v -0.34266109 1.19731953 -0.25887240
v -0.32896016 1.19918750 -0.26068626
v -0.31463270 1.20182553 -0.26270249
v -0.36017335 1.21659638 -0.27229224
v -0.35371472 1.20347609 -0.27065572
v -0.34597441 1.19322749 -0.26968901
v -0.33322062 1.19320392 -0.27115927
v -0.32126856 1.19121477 -0.27217979
v -0.36003357 1.22003663 -0.28502557
v -0.35394486 1.20594007 -0.28310924
v -0.34614869 1.19564948 -0.28212146
v -0.33428067 1.19369921 -0.28320899
v -0.32184917 1.19256796 -0.28452040
v -0.35691892 1.23001009 -0.29958815
v -0.35333668 1.21022458 -0.29616951
v -0.34591596 1.19895089 -0.29491994
v -0.33491547 1.19508059 -0.29558827
v -0.32246291 1.19388023 -0.29696918
v -0.29354178 1.22428702 -0.30669205
v -0.22524214 1.24505519 -0.31963488
v -0.21463674 1.23749002 -0.31952666
v -0.19940912 1.23767671 -0.32154008
v -0.18971663 1.22827813 -0.32095347
v -0.16480594 1.24354321 -0.32718360
v -0.35645829 1.23425505 -0.31292275
v -0.35190677 1.21630917 -0.30989063
v -0.34572740 1.20219775 -0.30786265
v -0.33648360 1.19458748 -0.30757887
v -0.32402437 1.19333195 -0.30903014
v -0.30216045 1.21002164 -0.31542555
v -0.27753550 1.23080022 -0.32303219
v -0.26201326 1.23334074 -0.32567641
v -0.24824829 1.23217229 -0.32732433
v -0.23534038 1.22912845 -0.32847278
v -0.22283224 1.22511901 -0.32936977
v -0.20973020 1.22188691 -0.33050647
v -0.19858675 1.21514107 -0.33065905
v -0.18635614 1.21004752 -0.33129717
v -0.35860198 1.23283289 -0.32486714
v -0.35226943 1.21860946 -0.32277681
v -0.34470272 1.20723073 -0.32146532
v -0.33494243 1.20046071 -0.32144364
v -0.32106261 1.20182040 -0.32373325
v -0.30471599 1.20752385 -0.32729613
v -0.28345016 1.22192876 -0.33340642
v -0.26942808 1.22180336 -0.33540291
v -0.24897938 1.23295917 -0.34070912
v -0.23016187 1.24030810 -0.34497599
v -0.21555018 1.23961097 -0.34693680
v -0.20180441 1.23705921 -0.34838098
v -0.19255208 1.22674029 -0.34753651
v -0.18850657 1.20799880 -0.34416203
v -0.16461475 1.22120449 -0.35039790
v -0.35653215 1.24069907 -0.33954320
v -0.35482176 1.21624247 -0.33445257
v -0.34679498 1.20577697 -0.33338006
v -0.33479575 1.20352902 -0.33470737
v -0.31998524 1.20660141 -0.33762468
v -0.18240984 1.21937347 -0.36127459
v -0.16002697 1.22985481 -0.36696057
v -0.35524793 1.21846434 -0.34754607
v -0.34673068 1.20887037 -0.34672839
v -0.33557689 1.20472967 -0.34756438
v -0.32210615 1.20501715 -0.34977117
v -0.17950036 1.22559758 -0.37710298
v -0.16073667 1.23009743 -0.38110488
v -0.57454781 1.32918463 -0.34974787
v -0.56282226 1.33376128 -0.35277086
v -0.35826082 1.21513593 -0.35905366
v -0.34800615 1.20917887 -0.35936619
v -0.33375681 1.21130826 -0.36223644
v -0.31888866 1.21416649 -0.36538028
v -0.18177228 1.22339881 -0.39036445
v -0.16147950 1.23029912 -0.39535736
v -0.58095411 1.31237645 -0.35668287
v -0.57178626 1.30745499 -0.35708771
v -0.56201904 1.30459794 -0.35809609
v -0.55217992 1.30167117 -0.35910011
v -0.54051395 1.30490975 -0.36191296
v -0.34244353 1.22396055 -0.37679701
v -0.32938522 1.22320340 -0.37888579
v -0.31575399 1.22321352 -0.38125981
v -0.18406076 1.22117959 -0.40368000
v -0.16586319 1.22469863 -0.40769705
v -0.59480161 1.30688007 -0.36484214
v -0.58390154 1.30947765 -0.36746991
v -0.57634374 1.29819888 -0.36602626
v -0.56524953 1.30060820 -0.36864229
v -0.55655438 1.29349342 -0.36844479
v -0.54610646 1.29257931 -0.37011369
v -0.53585480 1.29053878 -0.37146572
v -0.33443880 1.24401878 -0.39642406
v -0.32034413 1.24483534 -0.39918724
v -0.30829491 1.24105176 -0.40043048
v -0.18333318 1.22389951 -0.41883857
v -0.16716559 1.22402272 -0.42180504
v -0.58504704 1.31399375 -0.38052874
v -0.57795422 1.30056289 -0.37841151
v -0.56957037 1.29243326 -0.37790411
v -0.55978763 1.28950027 -0.37900000
v -0.55079388 1.28340050 -0.37913088
v -0.54118306 1.27932360 -0.37989959
v -0.52850122 1.28537506 -0.38385837
v -0.18315797 1.22573486 -0.43385222
v -0.16747587 1.22494516 -0.43661664
v -0.56955189 1.30097187 -0.39237556
v -0.56274386 1.28654305 -0.38988489
v -0.55403266 1.27940053 -0.38970412
v -0.54530707 1.27224407 -0.38952247
v -0.53417840 1.27319369 -0.39196691
v -0.52200297 1.27704190 -0.39538731
v -0.18052737 1.23161455 -0.45059102
v -0.16681058 1.22744546 -0.45218594
v -0.57200326 1.30007329 -0.40401125
v -0.56460858 1.28770904 -0.40214256
v -0.55670853 1.27745163 -0.40095387
v -0.54797133 1.27027782 -0.40078037
v -0.53862810 1.26511324 -0.40128076
v -0.52863568 1.26191608 -0.40245244
v -0.51298762 1.27660687 -0.40967698
v -0.17597993 1.24067107 -0.46886496
v -0.16518631 1.23150319 -0.46856700
v -0.57077093 1.31365927 -0.42057493
v -0.56622943 1.28987003 -0.41483807
v -0.55883808 1.27753336 -0.41293420
v -0.55036076 1.26931309 -0.41242114
v -0.54100423 1.26411737 -0.41294727
v -0.53220508 1.25687739 -0.41277887
v -0.52093197 1.25757738 -0.41537380
v -0.51487827 1.24136834 -0.41209436
v -0.16757122 1.25611533 -0.49011907
v -0.16061328 1.24032182 -0.48714904
v -0.56304618 1.31045252 -0.43406263
v -0.55795455 1.28879369 -0.42890574
v -0.55106806 1.27439837 -0.42625108
v -0.54368724 1.26209625 -0.42431246
v -0.53517397 1.25384112 -0.42379723
v -0.52666069 1.24558599 -0.42328199
v -0.52188993 1.22552458 -0.41851749
v -0.51378200 1.21637623 -0.41765381
v -0.02137573 1.63929406 -0.64893868
v -0.54733940 1.29555564 -0.44608101
v -0.54063042 1.28008877 -0.44300219
v -0.52992983 1.24154851 -0.43395438
v -0.52852620 1.21074311 -0.42508742
v -0.52365766 1.19194012 -0.42059267
v -0.51959430 1.17135751 -0.41538300
v -0.50910416 1.17014679 -0.41742091
v -0.16580698 1.70906758 -0.65666810
v -0.15590545 1.68922478 -0.65301423
v -0.14488963 1.67214204 -0.65043840
v -0.13352874 1.65600489 -0.64822351
v -0.11968041 1.64513686 -0.64814904
v -0.10192119 1.64199821 -0.65127432
v -0.08137253 1.64383585 -0.65652174
v -0.06726536 1.63271682 -0.65643161
v -0.04995899 1.62745691 -0.65882064
v -0.03666418 1.61456524 -0.65801602
v -0.04206141 1.56859128 -0.64306960
v -0.53050643 1.21069220 -0.43704102
v -0.53028191 1.17734787 -0.42686992
v -0.53299717 1.13666136 -0.41375136
v -0.52931495 1.11652748 -0.40844975
v -0.52380898 1.10226976 -0.40538180
v -0.21070770 1.69562963 -0.66146661
v -0.19707342 1.68495698 -0.66142279
v -0.18458829 1.67157633 -0.66027650
v -0.17171771 1.65909602 -0.65949755
v -0.15925415 1.64573628 -0.65835256
v -0.14639076 1.63326294 -0.65757405
v -0.13352737 1.62078961 -0.65679554
v -0.11637810 1.61690135 -0.65966438
v -0.09908502 1.61287366 -0.66252451
v -0.08740673 1.59772718 -0.66064570
v -0.07172015 1.59016087 -0.66204037
v -0.06097814 1.57337407 -0.65943688
v -0.04937894 1.55830429 -0.65756285
v -0.14122897 1.30463601 -0.55803058
v -0.14696414 1.26687784 -0.54509478
v -0.53342681 1.17346384 -0.43713670
v -0.54013400 1.08993869 -0.40917669
v -0.53577833 1.07303496 -0.40491787
v -0.52851057 1.06471956 -0.40407850
v -0.51883005 1.06294066 -0.40588974
v -0.23587680 1.68378489 -0.67082630
v -0.22578569 1.66512367 -0.66741892
v -0.21502986 1.64835392 -0.66477036
v -0.19849780 1.64500330 -0.66776502
v -0.18460140 1.63533231 -0.66812255
v -0.17227889 1.62211543 -0.66697725
v -0.15914786 1.61065058 -0.66658207
v -0.14683972 1.59744764 -0.66543764
v -0.13710093 1.57912806 -0.66205159
v -0.12140056 1.57277986 -0.66389802
v -0.10603972 1.56549289 -0.66536548
v -0.09104001 1.55728807 -0.66645528
v -0.07869592 1.54405028 -0.66530868
v -0.06959867 1.52508476 -0.66156193
v -0.07280965 1.48508592 -0.64817258
v -0.15126745 1.28980977 -0.56742362
v -0.14816531 1.26651347 -0.56084355
v -0.54018541 1.03679592 -0.40351854
v -0.25721067 1.63691656 -0.66939082
v -0.24220551 1.63119988 -0.67134126
v -0.23203871 1.61376980 -0.66827575
v -0.16711152 1.55964485 -0.66720482
v -0.15211958 1.55267906 -0.66874769
v -0.13704136 1.54562961 -0.67028534
v -0.12100196 1.54017197 -0.67258154
v -0.10618142 1.53211046 -0.67372642
v -0.09671091 1.51409364 -0.67029468
v -0.08688205 1.49699126 -0.66724962
v -0.15403084 1.28700402 -0.58228956
v -0.45846934 1.55534003 -0.60837377
v -0.45050646 1.53506021 -0.60371970
v -0.59429756 0.93982551 -0.36835211
v -0.58803092 0.93249304 -0.36755563
v -0.55599629 0.92152321 -0.37229226
v -0.16952753 1.52130407 -0.67266047
v -0.15510907 1.51360202 -0.67387391
v -0.47107199 1.52086383 -0.60973095
v -0.61302336 0.91365904 -0.36439001
v -0.60918782 0.89994180 -0.36074939
v -0.60352291 0.89194916 -0.35955442
v -0.59656171 0.88769854 -0.35998524
v -0.58906408 0.88480239 -0.36102268
v -0.58030637 0.88505849 -0.36347508
v -0.56844893 0.89293174 -0.36936139
v -0.55528852 0.90329079 -0.37644702
v -0.32217348 1.27650019 -0.56663455
v -0.31578591 1.25905854 -0.56241342
v -0.30493478 1.25103595 -0.56260882
v -0.29405489 1.24298547 -0.56280247
v -0.28444201 1.23241432 -0.56179462
v -0.27396528 1.22350503 -0.56158662
v -0.26168895 1.21784971 -0.56297394
v -0.24661975 1.21698470 -0.56674859
v -0.22632481 1.22479970 -0.57489364
v -0.20337413 1.23628822 -0.58500827
v -0.62329638 0.88651368 -0.36175982
v -0.61773739 0.87863593 -0.36055357
v -0.61204651 0.87125212 -0.35955679
v -0.60539170 0.86666459 -0.35980639
v -0.59854748 0.86251523 -0.36026198
v -0.58927433 0.86471624 -0.36361492
v -0.57602098 0.87673805 -0.37151096
v -0.55783563 0.90014504 -0.38476229
v -0.35508456 1.27127450 -0.57102665
v -0.34792166 1.25562315 -0.56754879
v -0.34005863 1.24178022 -0.56489837
v -0.33022953 1.23224917 -0.56430350
v -0.31874130 1.22608395 -0.56534784
v -0.30761753 1.21902847 -0.56597933
v -0.29473396 1.21524121 -0.56824395
v -0.28087701 1.21299742 -0.57131947
v -0.26644710 1.21144170 -0.57479523
v -0.25052118 1.21216633 -0.57948516
v -0.23440832 1.21270967 -0.58416378
v -0.21066666 1.22575419 -0.59533921
v -0.62856190 0.87462434 -0.36547546
v -0.62368842 0.86494833 -0.36340549
v -0.61791681 0.85811416 -0.36261243
v -0.61134524 0.85359821 -0.36288034
v -0.60458563 0.84951873 -0.36335875
v -0.59524636 0.85221963 -0.36700919
v -0.58073449 0.86784964 -0.37678100
v -0.55931925 0.89968076 -0.39434446
v -0.40129740 1.26437633 -0.57049178
v -0.39237144 1.25324587 -0.56906406
v -0.37933747 1.25174531 -0.57226901
v -0.36885689 1.24405769 -0.57252222
v -0.35795711 1.23720115 -0.57319381
v -0.34701418 1.23030277 -0.57386279
v -0.33521845 1.22505260 -0.57536767
v -0.32252677 1.22140880 -0.57770582
v -0.31057286 1.21600524 -0.57920112
v -0.29769423 1.21218016 -0.58152797
v -0.28428135 1.20907461 -0.58426623
v -0.27031264 1.20666765 -0.58741461
v -0.25487059 1.20654476 -0.59180508
v -0.23789048 1.20864318 -0.59743373
v -0.21884525 1.21368940 -0.60471241
v -0.63256934 0.86655669 -0.37075727
v -0.62834155 0.85506816 -0.36778579
v -0.62293689 0.84736441 -0.36655349
v -0.61643058 0.84290262 -0.36683862
v -0.60990269 0.83841991 -0.36712245
v -0.59997965 0.84295989 -0.37172680
v -0.58506756 0.85990294 -0.38236561
v -0.41075118 1.24565814 -0.57571235
v -0.39717520 1.24604019 -0.57986932
v -0.38232110 1.24887736 -0.58530673
v -0.37107067 1.24289403 -0.58643624
v -0.36053809 1.23514381 -0.58670400
v -0.34918700 1.22906286 -0.58782742
v -0.33737631 1.22376775 -0.58937562
v -0.32467520 1.22007219 -0.59177513
v -0.31228988 1.21545136 -0.59374116
v -0.29897099 1.21238825 -0.59655589
v -0.28553705 1.20921358 -0.59936365
v -0.27155005 1.20673410 -0.60259054
v -0.25654320 1.20572868 -0.60666091
v -0.23956856 1.20774109 -0.61242259
v -0.22191862 1.21033016 -0.61859600
v -0.63550114 0.86180188 -0.37749173
v -0.63234159 0.84709682 -0.37291676
v -0.62759701 0.83759450 -0.37078382
v -0.62098866 0.83363733 -0.37130677
v -0.61435154 0.82965227 -0.37182797
v -0.60433969 0.83464883 -0.37675941
v -0.58954115 0.85154677 -0.38763069
v -0.41904810 1.22968918 -0.58196415
v -0.40087231 1.24147416 -0.59193886
v -0.38568632 1.24512967 -0.59794149
v -0.37406200 1.23998484 -0.59954521
v -0.36275071 1.23391815 -0.60070642
v -0.35098978 1.22864085 -0.60230187
v -0.33915695 1.22329383 -0.60389297
v -0.32684572 1.21870831 -0.60591656
v -0.31403451 1.21486338 -0.60837134
v -0.30070176 1.21173813 -0.61125600
v -0.28725396 1.20850132 -0.61413370
v -0.27325586 1.20595629 -0.61743954
v -0.25780098 1.20567486 -0.62204155
v -0.24172389 1.20601550 -0.62706736
v -0.22500303 1.20695728 -0.63251565
v -0.63265215 0.87524255 -0.39301168
v -0.63403820 0.84610371 -0.38133821
v -0.63097465 0.83154957 -0.37668501
v -0.62487317 0.82624276 -0.37655088
v -0.61779056 0.82364251 -0.37776826
v -0.60800293 0.82817378 -0.38258428
v -0.59465966 0.84145038 -0.39188805
v -0.42727324 1.21380887 -0.58798158
v -0.40240584 1.24212604 -0.60669922
v -0.38758591 1.24482588 -0.61238642
v -0.37593945 1.23962914 -0.61403303
v -0.36498542 1.23266521 -0.61478095
v -0.35282018 1.22818474 -0.61686646
v -0.34096520 1.22278580 -0.61850045
v -0.32823084 1.21897278 -0.62102181
v -0.31539582 1.21506215 -0.62353707
v -0.30246013 1.21105391 -0.62604624
v -0.28899848 1.20775496 -0.62899388
v -0.27542177 1.20434445 -0.63193455
v -0.25997127 1.20399421 -0.63664299
v -0.24434819 1.20347665 -0.64134099
v -0.22764441 1.20434977 -0.64691417
v -0.63327071 0.87788046 -0.40354101
v -0.63499507 0.84740201 -0.39094813
v -0.63294920 0.82964623 -0.38459548
v -0.62731395 0.82296862 -0.38377529
v -0.62056648 0.81945883 -0.38456477
v -0.61065685 0.82440840 -0.38971472
v -0.59788453 0.83628792 -0.39852454
v -0.40003631 1.25226565 -0.62660008
v -0.38805301 1.24792507 -0.62874968
v -0.37672786 1.24179624 -0.62998082
v -0.36610400 1.23392097 -0.63029613
v -0.35429159 1.22853288 -0.63197693
v -0.34201349 1.22390644 -0.63410869
v -0.32964910 1.21919634 -0.63623522
v -0.31679027 1.21522000 -0.63881098
v -0.30424612 1.21033559 -0.64092663
v -0.29077060 1.20697450 -0.64394420
v -0.27718004 1.20350185 -0.64695481
v -0.26260057 1.20149674 -0.65086384
v -0.24743318 1.20013476 -0.65521644
v -0.23165629 1.19939499 -0.66001129
v -0.63290615 0.88371699 -0.41582495
v -0.63315003 0.85739641 -0.40510398
v -0.63477689 0.82819188 -0.39275875
v -0.63021986 0.81834090 -0.39028701
v -0.62333412 0.81528537 -0.39133424
v -0.61395788 0.81886841 -0.39589065
v -0.60159586 0.82981688 -0.40441424
v -0.40237663 1.25107251 -0.64074293
v -0.39074340 1.24582772 -0.64247881
v -0.37866882 1.24136211 -0.64467596
v -0.36801453 1.23344516 -0.64500712
v -0.35617997 1.22800515 -0.64673082
v -0.34427351 1.22249543 -0.64845016
v -0.33149871 1.21855797 -0.65109292
v -0.31943407 1.21289485 -0.65280269
v -0.30647232 1.20877612 -0.65543414
v -0.29340992 1.20455978 -0.65805950
v -0.28024685 1.20024582 -0.66067876
v -0.26568061 1.19819266 -0.66467707
v -0.25097057 1.19600006 -0.66866667
v -0.23566817 1.19444021 -0.67310841
v -0.63300367 0.86226173 -0.41687776
v -0.63646188 0.82718142 -0.40118835
v -0.63265098 0.81507870 -0.39747987
v -0.62577711 0.81201642 -0.39855435
v -0.61708056 0.81379252 -0.40225112
v -0.60528509 0.82337313 -0.41023184
v -0.40403442 1.25157093 -0.65590892
v -0.39273135 1.24541481 -0.65721217
v -0.38027069 1.24173935 -0.65993588
v -0.36995266 1.23293525 -0.65980825
v -0.35885811 1.22578027 -0.66062729
v -0.34694388 1.22023257 -0.66239040
v -0.33495775 1.21461515 -0.66414915
v -0.32289972 1.20892801 -0.66590355
v -0.30995012 1.20477844 -0.66859767
v -0.29689985 1.20053125 -0.67128569
v -0.28332470 1.19697615 -0.67443877
v -0.26877169 1.19487495 -0.67852635
v -0.25363628 1.19341006 -0.68307551
v -0.23878848 1.19102300 -0.68714524
v -0.21609625 1.20144726 -0.69918640
v -0.63785870 0.82706213 -0.41014157
v -0.63477292 0.81271776 -0.40515085
v -0.62853094 0.80786002 -0.40527875
v -0.62018944 0.80873369 -0.40856652
v -0.60862426 0.81783359 -0.41646316
v -0.40677399 1.24946040 -0.66972949
v -0.39474691 1.24496781 -0.67203568
v -0.38372536 1.23786534 -0.67288568
v -0.37266066 1.23072105 -0.67373307
v -0.36117450 1.22436304 -0.67506064
v -0.34885981 1.21959156 -0.67734942
v -0.33645885 1.21473640 -0.67963299
v -0.32397159 1.20979759 -0.68191133
v -0.31099099 1.20557534 -0.68466549
v -0.29832398 1.20046221 -0.68693295
v -0.28514923 1.19605171 -0.68967536
v -0.27144517 1.19232291 -0.69289142
v -0.25762607 1.18848256 -0.69610052
v -0.24413496 1.18376528 -0.69882378
v -0.22874231 1.18198399 -0.70345469
v -0.64134729 0.82061254 -0.41567278
v -0.63780857 0.80767010 -0.41134239
v -0.63251985 0.80016399 -0.40999325
v -0.62535171 0.79796872 -0.41161753
v -0.61308513 0.80925719 -0.42090844
v -0.60087053 0.81940721 -0.42968796
v -0.41403842 1.23624559 -0.67718813
v -0.39820601 1.24110418 -0.68497691
v -0.38610203 1.23650048 -0.68733152
v -0.37428013 1.23098144 -0.68918868
v -0.36351298 1.22291853 -0.68956610
v -0.35156884 1.21728096 -0.69141586
v -0.33916287 1.21238443 -0.69375220
v -0.32706774 1.20660044 -0.69559282
v -0.31449639 1.20154355 -0.69791915
v -0.30225026 1.19561314 -0.69975064
v -0.28993223 1.18961301 -0.70157777
v -0.27711641 1.18431907 -0.70388931
v -0.26508046 1.17740359 -0.70521899
v -0.64290476 0.82002720 -0.42441827
v -0.64037908 0.80397603 -0.41824660
v -0.63663243 0.79206345 -0.41435623
v -0.63030665 0.78770367 -0.41475844
v -0.62170208 0.78941372 -0.41868637
v -0.40096819 1.23891817 -0.69894040
v -0.38993444 1.23176736 -0.69984274
v -0.37922315 1.22374644 -0.70024123
v -0.36885588 1.21487633 -0.70013716
v -0.35657433 1.21006392 -0.70253411
v -0.34498084 1.20355313 -0.70392596
v -0.64447603 0.81942482 -0.43320883
v -0.64354033 0.79851354 -0.42410444
v -0.63964326 0.78708607 -0.42040914
v -0.63365210 0.78186494 -0.42031266
v -0.62621511 0.78053697 -0.42252367
v -0.61363945 0.79246503 -0.43267311
v -0.40792845 1.22664599 -0.70682439
v -0.64519658 0.82147891 -0.44361534
v -0.64491281 0.79837675 -0.43304734
v -0.64218645 0.78344160 -0.42720112
v -0.62910481 0.77602439 -0.42884421
v -0.61805870 0.78404307 -0.43683277
f 1 2 6
f 2 3 7
f 3 4 8
f 4 5 9
f 6 7 11
f 7 8 12
f 8 9 13
f 9 10 14
f 11 12 17
f 12 13 18
f 13 14 19
f 14 15 20
f 17 18 24
f 18 19 25
f 19 20 26
f 20 21 27
f 25 26 31
f 26 27 32
f 27 28 33
f 29 30 35
f 32 33 42
f 33 34 43
f 36 37 46
f 37 38 47
f 38 39 48
f 39 40 49
f 40 41 50
f 45 46 55
f 46 47 56
f 47 48 57
f 48 49 58
f 49 50 59
f 50 51 60
f 52 53 62
f 54 55 64
f 55 56 65
f 56 57 66
f 57 58 67
f 58 59 68
f 59 60 69
f 60 61 70
f 62 63 71
f 65 66 73
f 66 67 74
f 67 68 75
f 68 69 76
f 69 70 77
f 71 72 80
f 77 78 82
f 78 79 83
f 83 84 88
f 84 85 89
f 86 87 92
f 88 89 95
f 89 90 96
f 90 91 97
f 96 97 101
f 97 98 102
f 102 103 105
f 103 104 106
f 106 107 110
f 107 108 111
f 110 111 119
f 111 112 120
f 112 113 121
f 114 115 125
f 115 116 126
f 116 117 127
f 117 118 128
f 120 121 130
f 121 122 131
f 122 123 132
f 123 124 133
f 124 125 134
f 125 126 135
f 126 127 136
f 127 128 137
f 128 129 138
f 130 131 140
f 131 132 141
f 132 133 142
f 133 134 143
f 134 135 144
f 135 136 145
f 136 137 146
f 137 138 147
f 138 139 148
f 140 141 150
f 141 142 151
f 142 143 152
f 143 144 153
f 144 145 154
f 145 146 155
f 146 147 156
f 147 148 157
f 148 149 158
f 151 152 160
f 152 153 161
f 153 154 162
f 154 155 163
f 155 156 164
f 156 157 165
f 157 158 166
f 158 159 167
f 160 161 170
f 161 162 171
f 162 163 172
f 163 164 173
f 164 165 174
f 165 166 175
f 166 167 176
f 167 168 177
f 169 170 180
f 170 171 181
f 171 172 182
f 172 173 183
f 173 174 184
f 174 175 185
f 175 176 186
f 176 177 187
f 177 178 188
f 179 180 191
f 180 181 192
f 181 182 193
f 182 183 194
f 183 184 195
f 184 185 196
f 185 186 197
f 186 187 198
f 187 188 199
f 188 189 200
f 190 191 202
f 191 192 203
f 192 193 204
f 193 194 205
f 194 195 206
f 195 196 207
f 196 197 208
f 197 198 209
f 198 199 210
f 199 200 211
f 200 201 212
f 202 203 214
f 203 204 215
f 204 205 216
f 205 206 217
f 206 207 218
f 207 208 219
f 208 209 220
f 209 210 221
f 210 211 222
f 211 212 223
f 212 213 224
f 214 215 226
f 215 216 227
f 216 217 228
f 217 218 229
f 218 219 230
f 219 220 231
f 220 221 232
f 221 222 233
f 222 223 234
f 223 224 235
f 224 225 236
f 226 227 238
f 227 228 239
f 228 229 240
f 229 230 241
f 230 231 242
f 231 232 243
f 232 233 244
f 233 234 245
f 234 235 246
f 235 236 247
f 236 237 248
f 2 7 6
f 3 8 7
f 4 9 8
f 5 10 9
f 7 12 11
f 8 13 12
f 9 14 13
f 10 15 14
f 12 18 17
f 13 19 18
f 14 20 19
f 15 21 20
f 16 23 22
f 18 25 24
f 19 26 25
f 20 27 26
f 21 28 27
f 26 32 31
f 27 33 32
f 28 34 33
f 33 43 42
f 34 44 43
f 36 46 45
f 37 47 46
f 38 48 47
f 39 49 48
f 40 50 49
f 41 51 50
f 45 55 54
f 46 56 55
f 47 57 56
f 48 58 57
f 49 59 58
f 50 60 59
f 51 61 60
f 53 63 62
f 55 65 64
f 56 66 65
f 57 67 66
f 58 68 67
f 59 69 68
f 60 70 69
f 63 72 71
f 66 74 73
f 67 75 74
f 68 76 75
f 69 77 76
f 70 78 77
f 72 81 80
f 78 83 82
f 79 84 83
f 84 89 88
f 85 90 89
f 87 93 92
f 89 96 95
f 90 97 96
f 91 98 97
f 94 100 99
f 97 102 101
f 98 103 102
f 103 106 105
f 104 107 106
f 107 111 110
f 108 112 111
f 109 117 116
f 111 120 119
f 112 121 120
f 113 122 121
f 114 125 124
f 115 126 125
f 116 127 126
f 117 128 127
f 118 129 128
f 121 131 130
f 122 132 131
f 123 133 132
f 124 134 133
f 125 135 134
f 126 136 135
f 127 137 136
f 128 138 137
f 129 139 138
f 131 141 140
f 132 142 141
f 133 143 142
f 134 144 143
f 135 145 144
f 136 146 145
f 137 147 146
f 138 148 147
f 139 149 148
f 141 151 150
f 142 152 151
f 143 153 152
f 144 154 153
f 145 155 154
f 146 156 155
f 147 157 156
f 148 158 157
f 149 159 158
f 152 161 160
f 153 162 161
f 154 163 162
f 155 164 163
f 156 165 164
f 157 166 165
f 158 167 166
f 159 168 167
f 161 171 170
f 162 172 171
f 163 173 172
f 164 174 173
f 165 175 174
f 166 176 175
f 167 177 176
f 168 178 177
f 169 180 179
f 170 181 180
f 171 182 181
f 172 183 182
f 173 184 183
f 174 185 184
f 175 186 185
f 176 187 186
f 177 188 187
f 178 189 188
f 179 191 190
f 180 192 191
f 181 193 192
f 182 194 193
f 183 195 194
f 184 196 195
f 185 197 196
f 186 198 197
f 187 199 198
f 188 200 199
f 189 201 200
f 191 203 202
f 192 204 203
f 193 205 204
f 194 206 205
f 195 207 206
f 196 208 207
f 197 209 208
f 198 210 209
f 199 211 210
f 200 212 211
f 201 213 212
f 203 215 214
f 204 216 215
f 205 217 216
f 206 218 217
f 207 219 218
f 208 220 219
f 209 221 220
f 210 222 221
f 211 223 222
f 212 224 223
f 213 225 224
f 215 227 226
f 216 228 227
f 217 229 228
f 218 230 229
f 219 231 230
f 220 232 231
f 221 233 232
f 222 234 233
f 223 235 234
f 224 236 235
f 225 237 236
f 227 239 238
f 228 240 239
f 229 241 240
f 230 242 241
f 231 243 242
f 232 244 243
f 233 245 244
f 234 246 245
f 235 247 246
f 236 248 247
f 237 249 248
f 250 251 255
f 251 252 256
f 252 253 257
f 254 255 259
f 255 256 260
f 256 257 261
f 257 258 262
f 259 260 264
f 260 261 265
f 261 262 266
f 262 263 267
f 264 265 269
f 265 266 270
f 266 267 271
f 267 268 272
f 269 270 275
f 270 271 276
f 271 272 277
f 272 273 278
f 275 276 285
f 276 277 286
f 277 278 287
f 278 279 288
f 280 281 292
f 286 287 297
f 287 288 298
f 288 289 299
f 289 290 300
f 295 296 301
f 297 298 308
f 298 299 309
f 299 300 310
f 302 303 312
f 304 305 315
f 305 306 316
f 306 307 317
f 308 309 319
f 309 310 320
f 310 311 321
f 312 313 323
f 314 315 325
f 315 316 326
f 316 317 327
f 317 318 328
f 319 320 330
f 320 321 331
f 321 322 332
f 324 325 336
f 325 326 337
f 326 327 338
f 327 328 339
f 328 329 340
f 331 332 342
f 332 333 343
f 334 335 345
f 336 337 347
f 337 338 348
f 338 339 349
f 339 340 350
f 340 341 351
f 345 346 354
f 351 352 356
f 354 355 362
f 356 357 364
f 357 358 365
f 359 360 368
f 360 361 369
f 362 363 370
f 365 366 372
f 366 367 373
f 370 371 376
f 373 374 378
f 374 375 379
f 376 377 384
f 379 380 386
f 380 381 387
f 382 383 392
f 384 385 401
f 387 388 403
f 388 389 404
f 390 391 408
f 391 392 409
f 392 393 410
f 393 394 411
f 394 395 412
f 395 396 413
f 396 397 414
f 397 398 415
f 398 399 416
f 399 400 417
f 401 402 421
f 404 405 423
f 405 406 424
f 407 408 427
f 408 409 428
f 409 410 429
f 410 411 430
f 411 412 431
f 412 413 432
f 413 414 433
f 414 415 434
f 415 416 435
f 416 417 436
f 417 418 437
f 418 419 438
f 421 422 439
f 423 424 441
f 424 425 442
f 425 426 443
f 426 427 444
f 427 428 445
f 428 429 446
f 429 430 447
f 430 431 448
f 431 432 449
f 432 433 450
f 433 434 451
f 434 435 452
f 435 436 453
f 436 437 454
f 437 438 455
f 439 440 458
f 442 443 460
f 443 444 461
f 444 445 462
f 445 446 463
f 446 447 464
f 447 448 465
f 448 449 466
f 449 450 467
f 450 451 468
f 451 452 469
f 452 453 470
f 453 454 471
f 454 455 472
f 455 456 473
f 456 457 474
f 458 459 476
f 460 461 479
f 461 462 480
f 462 463 481
f 463 464 482
f 464 465 483
f 465 466 484
f 466 467 485
f 467 468 486
f 468 469 487
f 469 470 488
f 470 471 489
f 471 472 490
f 472 473 491
f 473 474 492
f 474 475 493
f 478 479 495
f 479 480 496
f 480 481 497
f 481 482 498
f 482 483 499
f 483 484 500
f 484 485 501
f 485 486 502
f 486 487 503
f 487 488 504
f 488 489 505
f 489 490 506
f 490 491 507
f 491 492 508
f 492 493 509
f 493 494 510
f 495 496 513
f 496 497 514
f 497 498 515
f 498 499 516
f 499 500 517
f 500 501 518
f 501 502 519
f 502 503 520
f 503 504 521
f 504 505 522
f 505 506 523
f 506 507 524
f 507 508 525
f 508 509 526
f 509 510 527
f 510 511 528
f 512 513 530
f 513 514 531
f 514 515 532
f 515 516 533
f 516 517 534
f 517 518 535
f 518 519 536
f 519 520 537
f 520 521 538
f 521 522 539
f 522 523 540
f 523 524 541
f 524 525 542
f 525 526 543
f 526 527 544
f 527 528 545
f 528 529 546
f 530 531 549
f 531 532 550
f 532 533 551
f 533 534 552
f 534 535 553
f 535 536 554
f 536 537 555
f 537 538 556
f 538 539 557
f 539 540 558
f 540 541 559
f 541 542 560
f 542 543 561
f 543 544 562
f 544 545 563
f 545 546 564
f 547 548 566
f 549 550 568
f 550 551 569
f 551 552 570
f 552 553 571
f 553 554 572
f 554 555 573
f 555 556 574
f 556 557 575
f 557 558 576
f 558 559 577
f 559 560 578
f 560 561 579
f 561 562 580
f 562 563 581
f 563 564 582
f 564 565 583
f 566 567 585
f 568 569 587
f 569 570 588
f 570 571 589
f 571 572 590
f 572 573 591
f 573 574 592
f 574 575 593
f 575 576 594
f 576 577 595
f 577 578 596
f 578 579 597
f 579 580 598
f 580 581 599
f 581 582 600
f 582 583 601
f 583 584 602
f 250 255 254
f 251 256 255
f 252 257 256
f 253 258 257
f 255 260 259
f 256 261 260
f 257 262 261
f 258 263 262
f 260 265 264
f 261 266 265
f 262 267 266
f 263 268 267
f 265 270 269
f 266 271 270
f 267 272 271
f 268 273 272
f 270 276 275
f 271 277 276
f 272 278 277
f 273 279 278
f 274 284 283
f 276 286 285
f 277 287 286
f 278 288 287
f 279 289 288
f 280 292 291
f 281 293 292
f 282 295 294
f 283 296 295
f 287 298 297
f 288 299 298
f 289 300 299
f 296 302 301
f 298 309 308
f 299 310 309
f 300 311 310
f 303 313 312
f 304 315 314
f 305 316 315
f 306 317 316
f 307 318 317
f 309 320 319
f 310 321 320
f 311 322 321
f 314 325 324
f 315 326 325
f 316 327 326
f 317 328 327
f 318 329 328
f 320 331 330
f 321 332 331
f 322 333 332
f 325 337 336
f 326 338 337
f 327 339 338
f 328 340 339
f 329 341 340
f 332 343 342
f 333 344 343
f 335 346 345
f 337 348 347
f 338 349 348
f 339 350 349
f 340 351 350
f 341 352 351
f 346 355 354
f 352 357 356
f 353 361 360
f 355 363 362
f 357 365 364
f 358 366 365
f 360 369 368
f 363 371 370
f 366 373 372
f 367 374 373
f 371 377 376
f 374 379 378
f 375 380 379
f 377 385 384
f 380 387 386
f 381 388 387
f 382 392 391
f 383 393 392
f 385 402 401
f 388 404 403
f 389 405 404
f 390 408 407
f 391 409 408
f 392 410 409
f 393 411 410
f 394 412 411
f 395 413 412
f 396 414 413
f 397 415 414
f 398 416 415
f 399 417 416
f 400 418 417
f 401 421 420
f 402 422 421
f 405 424 423
f 406 425 424
f 407 427 426
f 408 428 427
f 409 429 428
f 410 430 429
f 411 431 430
f 412 432 431
f 413 433 432
f 414 434 433
f 415 435 434
f 416 436 435
f 417 437 436
f 418 438 437
f 422 440 439
f 424 442 441
f 425 443 442
f 426 444 443
f 427 445 444
f 428 446 445
f 429 447 446
f 430 448 447
f 431 449 448
f 432 450 449
f 433 451 450
f 434 452 451
f 435 453 452
f 436 454 453
f 437 455 454
f 438 456 455
f 440 459 458
f 443 461 460
f 444 462 461
f 445 463 462
f 446 464 463
f 447 465 464
f 448 466 465
f 449 467 466
f 450 468 467
f 451 469 468
f 452 470 469
f 453 471 470
f 454 472 471
f 455 473 472
f 456 474 473
f 457 475 474
f 459 477 476
f 461 480 479
f 462 481 480
f 463 482 481
f 464 483 482
f 465 484 483
f 466 485 484
f 467 486 485
f 468 487 486
f 469 488 487
f 470 489 488
f 471 490 489
f 472 491 490
f 473 492 491
f 474 493 492
f 475 494 493
f 479 496 495
f 480 497 496
f 481 498 497
f 482 499 498
f 483 500 499
f 484 501 500
f 485 502 501
f 486 503 502
f 487 504 503
f 488 505 504
f 489 506 505
f 490 507 506
f 491 508 507
f 492 509 508
f 493 510 509
f 494 511 510
f 495 513 512
f 496 514 513
f 497 515 514
f 498 516 515
f 499 517 516
f 500 518 517
f 501 519 518
f 502 520 519
f 503 521 520
f 504 522 521
f 505 523 522
f 506 524 523
f 507 525 524
f 508 526 525
f 509 527 526
f 510 528 527
f 511 529 528
f 513 531 530
f 514 532 531
f 515 533 532
f 516 534 533
f 517 535 534
f 518 536 535
f 519 537 536
f 520 538 537
f 521 539 538
f 522 540 539
f 523 541 540
f 524 542 541
f 525 543 542
f 526 544 543
f 527 545 544
f 528 546 545
f 531 550 549
f 532 551 550
f 533 552 551
f 534 553 552
f 535 554 553
f 536 555 554
f 537 556 555
f 538 557 556
f 539 558 557
f 540 559 558
f 541 560 559
f 542 561 560
f 543 562 561
f 544 563 562
f 545 564 563
f 546 565 564
f 548 567 566
f 550 569 568
f 551 570 569
f 552 571 570
f 553 572 571
f 554 573 572
f 555 574 573
f 556 575 574
f 557 576 575
f 558 577 576
f 559 578 577
f 560 579 578
f 561 580 579
f 562 581 580
f 563 582 581
f 564 583 582
f 565 584 583
f 567 586 585
f 569 588 587
f 570 589 588
f 571 590 589
f 572 591 590
f 573 592 591
f 574 593 592
f 575 594 593
f 576 595 594
f 577 596 595
f 578 597 596
f 579 598 597
f 580 599 598
f 581 600 599
f 582 601 600
f 583 602 601
f 584 603 602
f 604 605 609
f 605 606 610
f 606 607 611
f 607 608 612
f 609 610 614
f 610 611 615
f 611 612 616
f 612 613 617
f 614 615 619
f 615 616 620
f 616 617 621
f 617 618 622
f 620 621 624
f 621 622 625
f 622 623 626
f 624 625 629
f 625 626 630
f 626 627 631
f 627 628 632
f 629 630 636
f 630 631 637
f 631 632 638
f 632 633 639
f 634 635 640
f 636 637 642
f 637 638 643
f 638 639 644
f 642 643 648
f 643 644 649
f 644 645 650
f 646 647 652
f 649 650 655
f 650 651 656
f 652 653 658
f 653 654 659
f 655 656 661
f 656 657 662
f 658 659 664
f 659 660 665
f 661 662 667
f 662 663 668
f 664 665 670
f 665 666 671
f 667 668 673
f 668 669 674
f 670 671 677
f 671 672 678
f 674 675 681
f 678 679 684
f 679 680 685
f 685 686 689
f 686 687 690
f 687 688 691
f 690 691 694
f 691 692 695
f 692 693 696
f 695 696 705
f 696 697 706
f 697 698 707
f 699 700 712
f 700 701 713
f 701 702 714
f 702 703 715
f 703 704 716
f 706 707 719
f 707 708 720
f 708 709 721
f 710 711 725
f 711 712 726
f 712 713 727
f 713 714 728
f 714 715 729
f 715 716 730
f 716 717 731
f 717 718 732
f 720 721 735
f 721 722 736
f 722 723 737
f 724 725 740
f 725 726 741
f 726 727 742
f 727 728 743
f 728 729 744
f 729 730 745
f 730 731 746
f 736 737 756
f 737 738 757
f 738 739 758
f 739 740 759
f 740 741 760
f 741 742 761
f 742 743 762
f 743 744 763
f 744 745 764
f 745 746 765
f 746 747 766
f 747 748 767
f 748 749 768
f 749 750 769
f 750 751 770
f 751 752 771
f 753 754 773
f 754 755 774
f 757 758 776
f 758 759 777
f 759 760 778
f 760 761 779
f 761 762 780
f 762 763 781
f 763 764 782
f 764 765 783
f 765 766 784
f 766 767 785
f 767 768 786
f 768 769 787
f 769 770 788
f 770 771 789
f 771 772 790
f 776 777 793
f 777 778 794
f 778 779 795
f 779 780 796
f 780 781 797
f 781 782 798
f 782 783 799
f 783 784 800
f 784 785 801
f 785 786 802
f 786 787 803
f 787 788 804
f 788 789 805
f 789 790 806
f 790 791 807
f 791 792 808
f 793 794 810
f 794 795 811
f 795 796 812
f 796 797 813
f 797 798 814
f 798 799 815
f 799 800 816
f 800 801 817
f 801 802 818
f 802 803 819
f 803 804 820
f 804 805 821
f 805 806 822
f 806 807 823
f 807 808 824
f 808 809 825
f 810 811 828
f 811 812 829
f 812 813 830
f 813 814 831
f 814 815 832
f 815 816 833
f 816 817 834
f 817 818 835
f 818 819 836
f 819 820 837
f 820 821 838
f 821 822 839
f 822 823 840
f 823 824 841
f 824 825 842
f 825 826 843
f 827 828 845
f 828 829 846
f 829 830 847
f 830 831 848
f 831 832 849
f 832 833 850
f 833 834 851
f 834 835 852
f 835 836 853
f 836 837 854
f 837 838 855
f 838 839 856
f 839 840 857
f 840 841 858
f 841 842 859
f 842 843 860
f 843 844 861
f 845 846 864
f 846 847 865
f 847 848 866
f 848 849 867
f 849 850 868
f 850 851 869
f 851 852 870
f 852 853 871
f 853 854 872
f 854 855 873
f 855 856 874
f 856 857 875
f 857 858 876
f 858 859 877
f 859 860 878
f 860 861 879
f 861 862 880
f 863 864 882
f 864 865 883
f 865 866 884
f 866 867 885
f 867 868 886
f 868 869 887
f 869 870 888
f 870 871 889
f 871 872 890
f 872 873 891
f 873 874 892
f 874 875 893
f 875 876 894
f 876 877 895
f 877 878 896
f 878 879 897
f 879 880 898
f 880 881 899
f 605 610 609
f 606 611 610
f 607 612 611
f 608 613 612
f 610 615 614
f 611 616 615
f 612 617 616
f 613 618 617
f 615 620 619
f 616 621 620
f 617 622 621
f 618 623 622
f 621 625 624
f 622 626 625
f 623 627 626
f 625 630 629
f 626 631 630
f 627 632 631
f 628 633 632
f 630 637 636
f 631 638 637
f 632 639 638
f 635 641 640
f 637 643 642
f 638 644 643
f 639 645 644
f 643 649 648
f 644 650 649
f 645 651 650
f 647 653 652
f 650 656 655
f 651 657 656
f 653 659 658
f 654 660 659
f 656 662 661
f 657 663 662
f 659 665 664
f 660 666 665
f 662 668 667
f 663 669 668
f 665 671 670
f 666 672 671
f 668 674 673
f 669 675 674
f 671 678 677
f 672 679 678
f 675 682 681
f 676 683 682
f 679 685 684
f 680 686 685
f 686 690 689
f 687 691 690
f 688 692 691
f 691 695 694
f 692 696 695
f 693 697 696
f 696 706 705
f 697 707 706
f 698 708 707
f 699 712 711
f 700 713 712
f 701 714 713
f 702 715 714
f 703 716 715
f 704 717 716
f 707 720 719
f 708 721 720
f 709 722 721
f 710 725 724
f 711 726 725
f 712 727 726
f 713 728 727
f 714 729 728
f 715 730 729
f 716 731 730
f 717 732 731
f 718 733 732
f 721 736 735
f 722 737 736
f 723 738 737
f 724 740 739
f 725 741 740
f 726 742 741
f 727 743 742
f 728 744 743
f 729 745 744
f 730 746 745
f 731 747 746
f 734 755 754
f 737 757 756
f 738 758 757
f 739 759 758
f 740 760 759
f 741 761 760
f 742 762 761
f 743 763 762
f 744 764 763
f 745 765 764
f 746 766 765
f 747 767 766
f 748 768 767
f 749 769 768
f 750 770 769
f 751 771 770
f 752 772 771
f 754 774 773
f 755 775 774
f 758 777 776
f 759 778 777
f 760 779 778
f 761 780 779
f 762 781 780
f 763 782 781
f 764 783 782
f 765 784 783
f 766 785 784
f 767 786 785
f 768 787 786
f 769 788 787
f 770 789 788
f 771 790 789
f 772 791 790
f 777 794 793
f 778 795 794
f 779 796 795
f 780 797 796
f 781 798 797
f 782 799 798
f 783 800 799
f 784 801 800
f 785 802 801
f 786 803 802
f 787 804 803
f 788 805 804
f 789 806 805
f 790 807 806
f 791 808 807
f 792 809 808
f 794 811 810
f 795 812 811
f 796 813 812
f 797 814 813
f 798 815 814
f 799 816 815
f 800 817 816
f 801 818 817
f 802 819 818
f 803 820 819
f 804 821 820
f 805 822 821
f 806 823 822
f 807 824 823
f 808 825 824
f 809 826 825
f 810 828 827
f 811 829 828
f 812 830 829
f 813 831 830
f 814 832 831
f 815 833 832
f 816 834 833
f 817 835 834
f 818 836 835
f 819 837 836
f 820 838 837
f 821 839 838
f 822 840 839
f 823 841 840
f 824 842 841
f 825 843 842
f 826 844 843
f 828 846 845
f 829 847 846
f 830 848 847
f 831 849 848
f 832 850 849
f 833 851 850
f 834 852 851
f 835 853 852
f 836 854 853
f 837 855 854
f 838 856 855
f 839 857 856
f 840 858 857
f 841 859 858
f 842 860 859
f 843 861 860
f 844 862 861
f 845 864 863
f 846 865 864
f 847 866 865
f 848 867 866
f 849 868 867
f 850 869 868
f 851 870 869
f 852 871 870
f 853 872 871
f 854 873 872
f 855 874 873
f 856 875 874
f 857 876 875
f 858 877 876
f 859 878 877
f 860 879 878
f 861 880 879
f 862 881 880
f 864 883 882
f 865 884 883
f 866 885 884
f 867 886 885
f 868 887 886
f 869 888 887
f 870 889 888
f 871 890 889
f 872 891 890
f 873 892 891
f 874 893 892
f 875 894 893
f 876 895 894
f 877 896 895
f 878 897 896
f 879 898 897
f 880 899 898
f 881 900 899
f 901 902 905
f 902 903 906
f 903 904 907
f 905 906 910
f 906 907 911
f 907 908 912
f 908 909 913
f 910 911 915
f 911 912 916
f 912 913 917
f 913 914 918
f 915 916 920
f 916 917 921
f 917 918 922
f 918 919 923
f 920 921 933
f 921 922 934
f 922 923 935
f 923 924 936
f 924 925 937
f 925 926 938
f 926 927 939
f 927 928 940
f 928 929 941
f 929 930 942
f 930 931 943
f 931 932 944
f 933 934 946
f 934 935 947
f 935 936 948
f 936 937 949
f 937 938 950
f 942 943 951
f 943 944 952
f 944 945 953
f 947 948 955
f 948 949 956
f 949 950 957
f 955 956 960
f 956 957 961
f 957 958 962
f 960 961 966
f 961 962 967
f 963 964 969
f 964 965 970
f 966 967 973
f 967 968 974
f 969 970 977
f 970 971 978
f 971 972 979
f 973 974 981
f 974 975 982
f 977 978 986
f 978 979 987
f 979 980 988
f 982 983 990
f 984 985 992
f 985 986 993
f 986 987 994
f 987 988 995
f 988 989 996
f 990 991 999
f 996 997 1001
f 997 998 1002
f 1002 1003 1005
f 1003 1004 1006
f 1006 1007 1010
f 1007 1008 1011
f 1008 1009 1012
f 1011 1012 1029
f 1012 1013 1030
f 1013 1014 1031
f 1015 1016 1035
f 1016 1017 1036
f 1017 1018 1037
f 1018 1019 1038
f 1019 1020 1039
f 1020 1021 1040
f 1021 1022 1041
f 1022 1023 1042
f 1023 1024 1043
f 1024 1025 1044
f 1025 1026 1045
f 1027 1028 1047
f 1030 1031 1049
f 1031 1032 1050
f 1032 1033 1051
f 1034 1035 1055
f 1035 1036 1056
f 1036 1037 1057
f 1037 1038 1058
f 1038 1039 1059
f 1039 1040 1060
f 1040 1041 1061
f 1041 1042 1062
f 1042 1043 1063
f 1043 1044 1064
f 1044 1045 1065
f 1045 1046 1066
f 1047 1048 1069
f 1050 1051 1071
f 1051 1052 1072
f 1052 1053 1073
f 1053 1054 1074
f 1054 1055 1075
f 1055 1056 1076
f 1056 1057 1077
f 1057 1058 1078
f 1058 1059 1079
f 1059 1060 1080
f 1060 1061 1081
f 1061 1062 1082
f 1062 1063 1083
f 1063 1064 1084
f 1064 1065 1085
f 1065 1066 1086
f 1066 1067 1087
f 1068 1069 1090
f 1069 1070 1091
f 1072 1073 1093
f 1073 1074 1094
f 1074 1075 1095
f 1075 1076 1096
f 1076 1077 1097
f 1077 1078 1098
f 1078 1079 1099
f 1079 1080 1100
f 1080 1081 1101
f 1081 1082 1102
f 1082 1083 1103
f 1083 1084 1104
f 1084 1085 1105
f 1085 1086 1106
f 1086 1087 1107
f 1087 1088 1108
f 1088 1089 1109
f 1094 1095 1111
f 1095 1096 1112
f 1096 1097 1113
f 1097 1098 1114
f 1098 1099 1115
f 1099 1100 1116
f 1100 1101 1117
f 1101 1102 1118
f 1102 1103 1119
f 1103 1104 1120
f 1104 1105 1121
f 1105 1106 1122
f 1106 1107 1123
f 1107 1108 1124
f 1108 1109 1125
f 1109 1110 1126
f 1111 1112 1129
f 1112 1113 1130
f 1113 1114 1131
f 1114 1115 1132
f 1115 1116 1133
f 1116 1117 1134
f 1117 1118 1135
f 1118 1119 1136
f 1119 1120 1137
f 1120 1121 1138
f 1121 1122 1139
f 1122 1123 1140
f 1123 1124 1141
f 1124 1125 1142
f 1125 1126 1143
f 1126 1127 1144
f 1128 1129 1145
f 1129 1130 1146
f 1130 1131 1147
f 1131 1132 1148
f 1132 1133 1149
f 1133 1134 1150
f 1134 1135 1151
f 1135 1136 1152
f 1136 1137 1153
f 1137 1138 1154
f 1138 1139 1155
f 1139 1140 1156
f 1140 1141 1157
f 1141 1142 1158
f 1142 1143 1159
f 1143 1144 1160
f 1145 1146 1163
f 1146 1147 1164
f 1147 1148 1165
f 1148 1149 1166
f 1149 1150 1167
f 1150 1151 1168
f 1151 1152 1169
f 1152 1153 1170
f 1153 1154 1171
f 1154 1155 1172
f 1155 1156 1173
f 1156 1157 1174
f 1157 1158 1175
f 1158 1159 1176
f 1159 1160 1177
f 1160 1161 1178
f 1161 1162 1179
f 1163 1164 1181
f 1164 1165 1182
f 1165 1166 1183
f 1166 1167 1184
f 1167 1168 1185
f 1168 1169 1186
f 1169 1170 1187
f 1170 1171 1188
f 1171 1172 1189
f 1172 1173 1190
f 1173 1174 1191
f 1174 1175 1192
f 1175 1176 1193
f 1176 1177 1194
f 1177 1178 1195
f 1178 1179 1196
f 1179 1180 1197
f 1181 1182 1199
f 1182 1183 1200
f 1183 1184 1201
f 1184 1185 1202
f 1185 1186 1203
f 1186 1187 1204
f 1187 1188 1205
f 1188 1189 1206
f 1189 1190 1207
f 1190 1191 1208
f 1191 1192 1209
f 1192 1193 1210
f 1193 1194 1211
f 1194 1195 1212
f 1195 1196 1213
f 1196 1197 1214
f 1197 1198 1215
f 1199 1200 1217
f 1200 1201 1218
f 1201 1202 1219
f 1202 1203 1220
f 1203 1204 1221
f 1204 1205 1222
f 1205 1206 1223
f 1206 1207 1224
f 1207 1208 1225
f 1208 1209 1226
f 1209 1210 1227
f 1210 1211 1228
f 1211 1212 1229
f 1212 1213 1230
f 1213 1214 1231
f 1214 1215 1232
f 1215 1216 1233
f 1217 1218 1235
f 1218 1219 1236
f 1219 1220 1237
f 1220 1221 1238
f 1221 1222 1239
f 1222 1223 1240
f 1223 1224 1241
f 1224 1225 1242
f 1225 1226 1243
f 1226 1227 1244
f 1227 1228 1245
f 1228 1229 1246
f 1229 1230 1247
f 1230 1231 1248
f 1231 1232 1249
f 1232 1233 1250
f 1233 1234 1251
f 902 906 905
f 903 907 906
f 904 908 907
f 906 911 910
f 907 912 911
f 908 913 912
f 909 914 913
f 911 916 915
f 912 917 916
f 913 918 917
f 914 919 918
f 916 921 920
f 917 922 921
f 918 923 922
f 919 924 923
f 921 934 933
f 922 935 934
f 923 936 935
f 924 937 936
f 925 938 937
f 926 939 938
f 927 940 939
f 928 941 940
f 929 942 941
f 930 943 942
f 931 944 943
f 932 945 944
f 934 947 946
f 935 948 947
f 936 949 948
f 937 950 949
f 943 952 951
f 944 953 952
f 945 954 953
f 948 956 955
f 949 957 956
f 950 958 957
f 956 961 960
f 957 962 961
f 959 964 963
f 961 967 966
f 962 968 967
f 964 970 969
f 965 971 970
f 967 974 973
f 968 975 974
f 970 978 977
f 971 979 978
f 972 980 979
f 974 982 981
f 975 983 982
f 976 985 984
f 977 986 985
f 978 987 986
f 979 988 987
f 980 989 988
f 983 991 990
f 985 993 992
f 986 994 993
f 987 995 994
f 988 996 995
f 989 997 996
f 991 1000 999
f 997 1002 1001
f 998 1003 1002
f 1003 1006 1005
f 1004 1007 1006
f 1007 1011 1010
f 1008 1012 1011
f 1009 1013 1012
f 1012 1030 1029
f 1013 1031 1030
f 1014 1032 1031
f 1015 1035 1034
f 1016 1036 1035
f 1017 1037 1036
f 1018 1038 1037
f 1019 1039 1038
f 1020 1040 1039
f 1021 1041 1040
f 1022 1042 1041
f 1023 1043 1042
f 1024 1044 1043
f 1025 1045 1044
f 1026 1046 1045
f 1028 1048 1047
f 1031 1050 1049
f 1032 1051 1050
f 1033 1052 1051
f 1034 1055 1054
f 1035 1056 1055
f 1036 1057 1056
f 1037 1058 1057
f 1038 1059 1058
f 1039 1060 1059
f 1040 1061 1060
f 1041 1062 1061
f 1042 1063 1062
f 1043 1064 1063
f 1044 1065 1064
f 1045 1066 1065
f 1046 1067 1066
f 1047 1069 1068
f 1048 1070 1069
f 1051 1072 1071
f 1052 1073 1072
f 1053 1074 1073
f 1054 1075 1074
f 1055 1076 1075
f 1056 1077 1076
f 1057 1078 1077
f 1058 1079 1078
f 1059 1080 1079
f 1060 1081 1080
f 1061 1082 1081
f 1062 1083 1082
f 1063 1084 1083
f 1064 1085 1084
f 1065 1086 1085
f 1066 1087 1086
f 1067 1088 1087
f 1069 1091 1090
f 1070 1092 1091
f 1073 1094 1093
f 1074 1095 1094
f 1075 1096 1095
f 1076 1097 1096
f 1077 1098 1097
f 1078 1099 1098
f 1079 1100 1099
f 1080 1101 1100
f 1081 1102 1101
f 1082 1103 1102
f 1083 1104 1103
f 1084 1105 1104
f 1085 1106 1105
f 1086 1107 1106
f 1087 1108 1107
f 1088 1109 1108
f 1089 1110 1109
f 1095 1112 1111
f 1096 1113 1112
f 1097 1114 1113
f 1098 1115 1114
f 1099 1116 1115
f 1100 1117 1116
f 1101 1118 1117
f 1102 1119 1118
f 1103 1120 1119
f 1104 1121 1120
f 1105 1122 1121
f 1106 1123 1122
f 1107 1124 1123
f 1108 1125 1124
f 1109 1126 1125
f 1110 1127 1126
f 1111 1129 1128
f 1112 1130 1129
f 1113 1131 1130
f 1114 1132 1131
f 1115 1133 1132
f 1116 1134 1133
f 1117 1135 1134
f 1118 1136 1135
f 1119 1137 1136
f 1120 1138 1137
f 1121 1139 1138
f 1122 1140 1139
f 1123 1141 1140
f 1124 1142 1141
f 1125 1143 1142
f 1126 1144 1143
f 1129 1146 1145
f 1130 1147 1146
f 1131 1148 1147
f 1132 1149 1148
f 1133 1150 1149
f 1134 1151 1150
f 1135 1152 1151
f 1136 1153 1152
f 1137 1154 1153
f 1138 1155 1154
f 1139 1156 1155
f 1140 1157 1156
f 1141 1158 1157
f 1142 1159 1158
f 1143 1160 1159
f 1144 1161 1160
f 1146 1164 1163
f 1147 1165 1164
f 1148 1166 1165
f 1149 1167 1166
f 1150 1168 1167
f 1151 1169 1168
f 1152 1170 1169
f 1153 1171 1170
f 1154 1172 1171
f 1155 1173 1172
f 1156 1174 1173
f 1157 1175 1174
f 1158 1176 1175
f 1159 1177 1176
f 1160 1178 1177
f 1161 1179 1178
f 1162 1180 1179
f 1164 1182 1181
f 1165 1183 1182
f 1166 1184 1183
f 1167 1185 1184
f 1168 1186 1185
f 1169 1187 1186
f 1170 1188 1187
f 1171 1189 1188
f 1172 1190 1189
f 1173 1191 1190
f 1174 1192 1191
f 1175 1193 1192
f 1176 1194 1193
f 1177 1195 1194
f 1178 1196 1195
f 1179 1197 1196
f 1180 1198 1197
f 1182 1200 1199
f 1183 1201 1200
f 1184 1202 1201
f 1185 1203 1202
f 1186 1204 1203
f 1187 1205 1204
f 1188 1206 1205
f 1189 1207 1206
f 1190 1208 1207
f 1191 1209 1208
f 1192 1210 1209
f 1193 1211 1210
f 1194 1212 1211
f 1195 1213 1212
f 1196 1214 1213
f 1197 1215 1214
f 1198 1216 1215
f 1200 1218 1217
f 1201 1219 1218
f 1202 1220 1219
f 1203 1221 1220
f 1204 1222 1221
f 1205 1223 1222
f 1206 1224 1223
f 1207 1225 1224
f 1208 1226 1225
f 1209 1227 1226
f 1210 1228 1227
f 1211 1229 1228
f 1212 1230 1229
f 1213 1231 1230
f 1214 1232 1231
f 1215 1233 1232
f 1216 1234 1233
f 1218 1236 1235
f 1219 1237 1236
f 1220 1238 1237
f 1221 1239 1238
f 1222 1240 1239
f 1223 1241 1240
f 1224 1242 1241
f 1225 1243 1242
f 1226 1244 1243
f 1227 1245 1244
f 1228 1246 1245
f 1229 1247 1246
f 1230 1248 1247
f 1231 1249 1248
f 1232 1250 1249
f 1233 1251 1250
f 1234 1252 1251
f 1253 1254 1257
f 1254 1255 1258
f 1255 1256 1259
f 1257 1258 1262
f 1258 1259 1263
f 1259 1260 1264
f 1260 1261 1265
f 1262 1263 1267
f 1263 1264 1268
f 1264 1265 1269
f 1265 1266 1270
f 1267 1268 1272
f 1268 1269 1273
f 1269 1270 1274
f 1270 1271 1275
f 1272 1273 1283
f 1273 1274 1284
f 1274 1275 1285
f 1275 1276 1286
f 1276 1277 1287
f 1278 1279 1292
f 1279 1280 1293
f 1280 1281 1294
f 1281 1282 1295
f 1283 1284 1297
f 1284 1285 1298
f 1285 1286 1299
f 1286 1287 1300
f 1287 1288 1301
f 1288 1289 1302
f 1289 1290 1303
f 1290 1291 1304
f 1291 1292 1305
f 1292 1293 1306
f 1293 1294 1307
f 1294 1295 1308
f 1295 1296 1309
f 1297 1298 1312
f 1298 1299 1313
f 1299 1300 1314
f 1300 1301 1315
f 1301 1302 1316
f 1310 1311 1317
f 1313 1314 1319
f 1314 1315 1320
f 1315 1316 1321
f 1317 1318 1323
f 1319 1320 1327
f 1320 1321 1328
f 1321 1322 1329
f 1323 1324 1331
f 1325 1326 1333
f 1328 1329 1338
f 1329 1330 1339
f 1331 1332 1341
f 1333 1334 1344
f 1334 1335 1345
f 1335 1336 1346
f 1336 1337 1347
f 1338 1339 1350
f 1339 1340 1351
f 1341 1342 1353
f 1344 1345 1355
f 1345 1346 1356
f 1346 1347 1357
f 1347 1348 1358
f 1348 1349 1359
f 1353 1354 1362
f 1357 1358 1364
f 1358 1359 1365
f 1359 1360 1366
f 1360 1361 1367
f 1362 1363 1370
f 1364 1365 1372
f 1365 1366 1373
f 1366 1367 1374
f 1367 1368 1375
f 1368 1369 1376
f 1370 1371 1379
f 1372 1373 1381
f 1373 1374 1382
f 1374 1375 1383
f 1375 1376 1384
f 1376 1377 1385
f 1377 1378 1386
f 1379 1380 1389
f 1382 1383 1391
f 1383 1384 1392
f 1384 1385 1393
f 1385 1386 1394
f 1386 1387 1395
f 1387 1388 1396
f 1393 1394 1400
f 1394 1395 1401
f 1396 1397 1402
f 1397 1398 1403
f 1403 1404 1418
f 1404 1405 1419
f 1405 1406 1420
f 1407 1408 1425
f 1408 1409 1426
f 1409 1410 1427
f 1410 1411 1428
f 1411 1412 1429
f 1412 1413 1430
f 1413 1414 1431
f 1415 1416 1433
f 1419 1420 1438
f 1421 1422 1439
f 1423 1424 1444
f 1424 1425 1445
f 1425 1426 1446
f 1426 1427 1447
f 1427 1428 1448
f 1428 1429 1449
f 1429 1430 1450
f 1432 1433 1453
f 1433 1434 1454
f 1434 1435 1455
f 1436 1437 1458
f 1441 1442 1460
f 1444 1445 1462
f 1450 1451 1464
f 1451 1452 1465
f 1452 1453 1466
f 1453 1454 1467
f 1454 1455 1468
f 1455 1456 1469
f 1456 1457 1470
f 1458 1459 1471
f 1465 1466 1477
f 1466 1467 1478
f 1472 1473 1479
f 1474 1475 1481
f 1480 1481 1498
f 1481 1482 1499
f 1482 1483 1500
f 1483 1484 1501
f 1484 1485 1502
f 1485 1486 1503
f 1486 1487 1504
f 1488 1489 1508
f 1489 1490 1509
f 1490 1491 1510
f 1491 1492 1511
f 1492 1493 1512
f 1493 1494 1513
f 1494 1495 1514
f 1495 1496 1515
f 1496 1497 1516
f 1498 1499 1518
f 1499 1500 1519
f 1500 1501 1520
f 1501 1502 1521
f 1502 1503 1522
f 1503 1504 1523
f 1504 1505 1524
f 1506 1507 1529
f 1507 1508 1530
f 1508 1509 1531
f 1509 1510 1532
f 1510 1511 1533
f 1511 1512 1534
f 1512 1513 1535
f 1513 1514 1536
f 1514 1515 1537
f 1515 1516 1538
f 1516 1517 1539
f 1518 1519 1541
f 1519 1520 1542
f 1520 1521 1543
f 1521 1522 1544
f 1522 1523 1545
f 1523 1524 1546
f 1526 1527 1548
f 1527 1528 1549
f 1528 1529 1550
f 1529 1530 1551
f 1530 1531 1552
f 1531 1532 1553
f 1532 1533 1554
f 1533 1534 1555
f 1534 1535 1556
f 1535 1536 1557
f 1536 1537 1558
f 1537 1538 1559
f 1538 1539 1560
f 1539 1540 1561
f 1541 1542 1563
f 1542 1543 1564
f 1543 1544 1565
f 1544 1545 1566
f 1545 1546 1567
f 1546 1547 1568
f 1548 1549 1570
f 1549 1550 1571
f 1550 1551 1572
f 1551 1552 1573
f 1552 1553 1574
f 1553 1554 1575
f 1554 1555 1576
f 1555 1556 1577
f 1556 1557 1578
f 1557 1558 1579
f 1558 1559 1580
f 1559 1560 1581
f 1560 1561 1582
f 1561 1562 1583
f 1563 1564 1585
f 1564 1565 1586
f 1565 1566 1587
f 1566 1567 1588
f 1567 1568 1589
f 1568 1569 1590
f 1570 1571 1592
f 1571 1572 1593
f 1572 1573 1594
f 1573 1574 1595
f 1574 1575 1596
f 1575 1576 1597
f 1576 1577 1598
f 1577 1578 1599
f 1578 1579 1600
f 1579 1580 1601
f 1580 1581 1602
f 1581 1582 1603
f 1582 1583 1604
f 1583 1584 1605
f 1585 1586 1607
f 1586 1587 1608
f 1587 1588 1609
f 1588 1589 1610
f 1589 1590 1611
f 1590 1591 1612
f 1593 1594 1614
f 1594 1595 1615
f 1595 1596 1616
f 1596 1597 1617
f 1597 1598 1618
f 1598 1599 1619
f 1599 1600 1620
f 1600 1601 1621
f 1601 1602 1622
f 1602 1603 1623
f 1603 1604 1624
f 1604 1605 1625
f 1605 1606 1626
f 1607 1608 1628
f 1608 1609 1629
f 1609 1610 1630
f 1610 1611 1631
f 1611 1612 1632
f 1612 1613 1633
f 1614 1615 1635
f 1615 1616 1636
f 1616 1617 1637
f 1617 1618 1638
f 1618 1619 1639
f 1619 1620 1640
f 1620 1621 1641
f 1621 1622 1642
f 1622 1623 1643
f 1623 1624 1644
f 1624 1625 1645
f 1625 1626 1646
f 1626 1627 1647
f 1629 1630 1649
f 1630 1631 1650
f 1631 1632 1651
f 1632 1633 1652
f 1633 1634 1653
f 1635 1636 1655
f 1636 1637 1656
f 1637 1638 1657
f 1638 1639 1658
f 1639 1640 1659
f 1640 1641 1660
f 1641 1642 1661
f 1642 1643 1662
f 1643 1644 1663
f 1644 1645 1664
f 1645 1646 1665
f 1646 1647 1666
f 1647 1648 1667
f 1650 1651 1670
f 1651 1652 1671
f 1652 1653 1672
f 1653 1654 1673
f 1655 1656 1675
f 1656 1657 1676
f 1657 1658 1677
f 1658 1659 1678
f 1659 1660 1679
f 1660 1661 1680
f 1661 1662 1681
f 1662 1663 1682
f 1663 1664 1683
f 1664 1665 1684
f 1665 1666 1685
f 1666 1667 1686
f 1667 1668 1687
f 1668 1669 1688
f 1670 1671 1690
f 1671 1672 1691
f 1672 1673 1692
f 1673 1674 1693
f 1675 1676 1696
f 1676 1677 1697
f 1677 1678 1698
f 1678 1679 1699
f 1679 1680 1700
f 1680 1681 1701
f 1681 1682 1702
f 1682 1683 1703
f 1683 1684 1704
f 1684 1685 1705
f 1685 1686 1706
f 1686 1687 1707
f 1687 1688 1708
f 1690 1691 1709
f 1691 1692 1710
f 1692 1693 1711
f 1693 1694 1712
f 1694 1695 1713
f 1697 1698 1714
f 1698 1699 1715
f 1699 1700 1716
f 1700 1701 1717
f 1701 1702 1718
f 1702 1703 1719
f 1709 1710 1720
f 1710 1711 1721
f 1711 1712 1722
f 1712 1713 1723
f 1714 1715 1726
f 1720 1721 1727
f 1721 1722 1728
f 1722 1723 1729
f 1724 1725 1730
f 1254 1258 1257
f 1255 1259 1258
f 1256 1260 1259
f 1258 1263 1262
f 1259 1264 1263
f 1260 1265 1264
f 1261 1266 1265
f 1263 1268 1267
f 1264 1269 1268
f 1265 1270 1269
f 1266 1271 1270
f 1268 1273 1272
f 1269 1274 1273
f 1270 1275 1274
f 1271 1276 1275
f 1273 1284 1283
f 1274 1285 1284
f 1275 1286 1285
f 1276 1287 1286
f 1277 1288 1287
f 1278 1292 1291
f 1279 1293 1292
f 1280 1294 1293
f 1281 1295 1294
f 1282 1296 1295
f 1284 1298 1297
f 1285 1299 1298
f 1286 1300 1299
f 1287 1301 1300
f 1288 1302 1301
f 1289 1303 1302
f 1290 1304 1303
f 1291 1305 1304
f 1292 1306 1305
f 1293 1307 1306
f 1294 1308 1307
f 1295 1309 1308
f 1296 1310 1309
f 1298 1313 1312
f 1299 1314 1313
f 1300 1315 1314
f 1301 1316 1315
f 1311 1318 1317
f 1314 1320 1319
f 1315 1321 1320
f 1316 1322 1321
f 1318 1324 1323
f 1320 1328 1327
f 1321 1329 1328
f 1322 1330 1329
f 1324 1332 1331
f 1326 1334 1333
f 1329 1339 1338
f 1330 1340 1339
f 1332 1342 1341
f 1333 1344 1343
f 1334 1345 1344
f 1335 1346 1345
f 1336 1347 1346
f 1337 1348 1347
f 1339 1351 1350
f 1340 1352 1351
f 1342 1354 1353
f 1345 1356 1355
f 1346 1357 1356
f 1347 1358 1357
f 1348 1359 1358
f 1349 1360 1359
f 1354 1363 1362
f 1358 1365 1364
f 1359 1366 1365
f 1360 1367 1366
f 1361 1368 1367
f 1363 1371 1370
f 1365 1373 1372
f 1366 1374 1373
f 1367 1375 1374
f 1368 1376 1375
f 1369 1377 1376
f 1371 1380 1379
f 1373 1382 1381
f 1374 1383 1382
f 1375 1384 1383
f 1376 1385 1384
f 1377 1386 1385
f 1378 1387 1386
f 1380 1390 1389
f 1383 1392 1391
f 1384 1393 1392
f 1385 1394 1393
f 1386 1395 1394
f 1387 1396 1395
f 1388 1397 1396
f 1394 1401 1400
f 1397 1403 1402
f 1398 1404 1403
f 1399 1416 1415
f 1404 1419 1418
f 1405 1420 1419
f 1407 1425 1424
f 1408 1426 1425
f 1409 1427 1426
f 1410 1428 1427
f 1411 1429 1428
f 1412 1430 1429
f 1413 1431 1430
f 1414 1432 1431
f 1417 1435 1434
f 1422 1440 1439
f 1423 1444 1443
f 1424 1445 1444
f 1425 1446 1445
f 1426 1447 1446
f 1427 1448 1447
f 1428 1449 1448
f 1429 1450 1449
f 1430 1451 1450
f 1432 1453 1452
f 1433 1454 1453
f 1434 1455 1454
f 1435 1456 1455
f 1437 1459 1458
f 1444 1462 1461
f 1445 1463 1462
f 1451 1465 1464
f 1452 1466 1465
f 1453 1467 1466
f 1454 1468 1467
f 1455 1469 1468
f 1456 1470 1469
f 1466 1478 1477
f 1474 1481 1480
f 1475 1482 1481
f 1476 1486 1485
f 1481 1499 1498
f 1482 1500 1499
f 1483 1501 1500
f 1484 1502 1501
f 1485 1503 1502
f 1486 1504 1503
f 1487 1505 1504
f 1488 1508 1507
f 1489 1509 1508
f 1490 1510 1509
f 1491 1511 1510
f 1492 1512 1511
f 1493 1513 1512
f 1494 1514 1513
f 1495 1515 1514
f 1496 1516 1515
f 1497 1517 1516
f 1499 1519 1518
f 1500 1520 1519
f 1501 1521 1520
f 1502 1522 1521
f 1503 1523 1522
f 1504 1524 1523
f 1505 1525 1524
f 1506 1529 1528
f 1507 1530 1529
f 1508 1531 1530
f 1509 1532 1531
f 1510 1533 1532
f 1511 1534 1533
f 1512 1535 1534
f 1513 1536 1535
f 1514 1537 1536
f 1515 1538 1537
f 1516 1539 1538
f 1517 1540 1539
f 1519 1542 1541
f 1520 1543 1542
f 1521 1544 1543
f 1522 1545 1544
f 1523 1546 1545
f 1524 1547 1546
f 1527 1549 1548
f 1528 1550 1549
f 1529 1551 1550
f 1530 1552 1551
f 1531 1553 1552
f 1532 1554 1553
f 1533 1555 1554
f 1534 1556 1555
f 1535 1557 1556
f 1536 1558 1557
f 1537 1559 1558
f 1538 1560 1559
f 1539 1561 1560
f 1540 1562 1561
f 1542 1564 1563
f 1543 1565 1564
f 1544 1566 1565
f 1545 1567 1566
f 1546 1568 1567
f 1547 1569 1568
f 1549 1571 1570
f 1550 1572 1571
f 1551 1573 1572
f 1552 1574 1573
f 1553 1575 1574
f 1554 1576 1575
f 1555 1577 1576
f 1556 1578 1577
f 1557 1579 1578
f 1558 1580 1579
f 1559 1581 1580
f 1560 1582 1581
f 1561 1583 1582
f 1562 1584 1583
f 1564 1586 1585
f 1565 1587 1586
f 1566 1588 1587
f 1567 1589 1588
f 1568 1590 1589
f 1569 1591 1590
f 1571 1593 1592
f 1572 1594 1593
f 1573 1595 1594
f 1574 1596 1595
f 1575 1597 1596
f 1576 1598 1597
f 1577 1599 1598
f 1578 1600 1599
f 1579 1601 1600
f 1580 1602 1601
f 1581 1603 1602
f 1582 1604 1603
f 1583 1605 1604
f 1584 1606 1605
f 1586 1608 1607
f 1587 1609 1608
f 1588 1610 1609
f 1589 1611 1610
f 1590 1612 1611
f 1591 1613 1612
f 1594 1615 1614
f 1595 1616 1615
f 1596 1617 1616
f 1597 1618 1617
f 1598 1619 1618
f 1599 1620 1619
f 1600 1621 1620
f 1601 1622 1621
f 1602 1623 1622
f 1603 1624 1623
f 1604 1625 1624
f 1605 1626 1625
f 1606 1627 1626
f 1608 1629 1628
f 1609 1630 1629
f 1610 1631 1630
f 1611 1632 1631
f 1612 1633 1632
f 1613 1634 1633
f 1615 1636 1635
f 1616 1637 1636
f 1617 1638 1637
f 1618 1639 1638
f 1619 1640 1639
f 1620 1641 1640
f 1621 1642 1641
f 1622 1643 1642
f 1623 1644 1643
f 1624 1645 1644
f 1625 1646 1645
f 1626 1647 1646
f 1627 1648 1647
f 1630 1650 1649
f 1631 1651 1650
f 1632 1652 1651
f 1633 1653 1652
f 1634 1654 1653
f 1636 1656 1655
f 1637 1657 1656
f 1638 1658 1657
f 1639 1659 1658
f 1640 1660 1659
f 1641 1661 1660
f 1642 1662 1661
f 1643 1663 1662
f 1644 1664 1663
f 1645 1665 1664
f 1646 1666 1665
f 1647 1667 1666
f 1648 1668 1667
f 1651 1671 1670
f 1652 1672 1671
f 1653 1673 1672
f 1654 1674 1673
f 1656 1676 1675
f 1657 1677 1676
f 1658 1678 1677
f 1659 1679 1678
f 1660 1680 1679
f 1661 1681 1680
f 1662 1682 1681
f 1663 1683 1682
f 1664 1684 1683
f 1665 1685 1684
f 1666 1686 1685
f 1667 1687 1686
f 1668 1688 1687
f 1669 1689 1688
f 1671 1691 1690
f 1672 1692 1691
f 1673 1693 1692
f 1674 1694 1693
f 1676 1697 1696
f 1677 1698 1697
f 1678 1699 1698
f 1679 1700 1699
f 1680 1701 1700
f 1681 1702 1701
f 1682 1703 1702
f 1683 1704 1703
f 1684 1705 1704
f 1685 1706 1705
f 1686 1707 1706
f 1687 1708 1707
f 1691 1710 1709
f 1692 1711 1710
f 1693 1712 1711
f 1694 1713 1712
f 1698 1715 1714
f 1699 1716 1715
f 1700 1717 1716
f 1701 1718 1717
f 1702 1719 1718
f 1710 1721 1720
f 1711 1722 1721
f 1712 1723 1722
f 1713 1724 1723
f 1721 1728 1727
f 1722 1729 1728
f 1725 1731 1730
