v -0.60225807 1.33402562 -0.72160704
v -0.58588925 1.33140303 -0.71881022
v -0.57107916 1.33227723 -0.71790308
v -0.55624913 1.33315143 -0.71699414
v -0.54246350 1.33664822 -0.71749115
v -0.52790849 1.33839661 -0.71704422
v -0.50862580 1.32790624 -0.71004944
v -0.58605653 1.29414221 -0.71690648
v -0.57083679 1.29327250 -0.71507907
v -0.55713264 1.29588165 -0.71517339
v -0.54336868 1.29849081 -0.71526228
v -0.52883695 1.29936053 -0.71438941
v -0.51462927 1.30109997 -0.71399198
v -0.49904559 1.29936053 -0.71168549
v -0.56913040 1.25286869 -0.71054680
v -0.55584259 1.25546441 -0.71070588
v -0.54324116 1.25979061 -0.71183733
v -0.53054003 1.26411682 -0.71295973
v -0.51703287 1.26671254 -0.71309891
v -0.50243630 1.26671254 -0.71177410
v -0.48617361 1.26238633 -0.70802289
v -0.51522690 1.22400410 -0.70660811
v -0.44043909 1.12773153 -0.70895963
v -0.42773719 1.12941723 -0.70880676
v -0.41499542 1.13110293 -0.70865028
v -0.40251303 1.13363147 -0.70901732
v -0.38968152 1.13531717 -0.70885269
v -0.37681014 1.13700287 -0.70868444
v -0.36389887 1.13868856 -0.70851256
v -0.35094772 1.14037426 -0.70833707
v -0.33820610 1.14290281 -0.70868059
v -0.32516522 1.14458850 -0.70849695
v -0.31231393 1.14711705 -0.70883051
v -0.29918331 1.14880275 -0.70863874
v -0.28622234 1.15133129 -0.70896234
v -0.27320156 1.15385984 -0.70928052
v -0.45698079 1.09994177 -0.70925692
v -0.44457639 1.10161851 -0.70914904
v -0.43278884 1.10497199 -0.71011510
v -0.42028474 1.10664873 -0.70999816
v -0.40743232 1.10748710 -0.70934064
v -0.39545534 1.11084058 -0.71028950
v -0.38282162 1.11251732 -0.71016080
v -0.37014802 1.11419406 -0.71002848
v -0.35743454 1.11587081 -0.70989254
v -0.34493975 1.11838592 -0.71028543
v -0.33213654 1.12006266 -0.71014135
v -0.31953208 1.12257777 -0.71052429
v -0.30663913 1.12425451 -0.71037206
v -0.29370630 1.12593125 -0.71021621
v -0.28073359 1.12760799 -0.71005675
v -0.26772100 1.12928473 -0.70989366
v -0.25447975 1.13012310 -0.70920084
v -0.50741705 1.06487986 -0.70750131
v -0.49584708 1.06738154 -0.70800511
v -0.48421728 1.06988321 -0.70850348
v -0.47252766 1.07238489 -0.70899642
v -0.46042075 1.07405267 -0.70893351
v -0.44896896 1.07738824 -0.70996601
v -0.43676235 1.07905602 -0.70989405
v -0.42484341 1.08155770 -0.71036618
v -0.41286465 1.08405937 -0.71083288
v -0.40051846 1.08572716 -0.71074826
v -0.38843002 1.08822883 -0.71120500
v -0.37599409 1.08989662 -0.71111223
v -0.36379599 1.09239829 -0.71155902
v -0.35127033 1.09406608 -0.71145811
v -0.33870478 1.09573386 -0.71135358
v -0.32634715 1.09823554 -0.71178589
v -0.31369187 1.09990332 -0.71167322
v -0.30099671 1.10157110 -0.71155692
v -0.28847956 1.10407278 -0.71197475
v -0.27569466 1.10574056 -0.71185031
v -0.26267195 1.10657445 -0.71118632
v -0.24906537 1.10490667 -0.70891542
v -0.53306566 1.03676675 -0.70708226
v -0.52310164 1.04174323 -0.70933967
v -0.51179843 1.04423147 -0.70989466
v -0.50043541 1.04671971 -0.71044421
v -0.48823942 1.04754913 -0.70986424
v -0.47677669 1.05003737 -0.71040475
v -0.46452088 1.05086678 -0.70981935
v -0.45260179 1.05252561 -0.70979147
v -0.44098950 1.05501385 -0.71031840
v -0.42931740 1.05750209 -0.71083990
v -0.41758547 1.05999033 -0.71135598
v -0.40579372 1.06247857 -0.71186662
v -0.39363534 1.06413739 -0.71181702
v -0.38173392 1.06662563 -0.71231771
v -0.36919894 1.06745505 -0.71170698
v -0.35719781 1.06994329 -0.71219862
v -0.34513686 1.07243153 -0.71268482
v -0.33275914 1.07409035 -0.71261532
v -0.32034153 1.07574918 -0.71254220
v -0.30788404 1.07740801 -0.71246546
v -0.29538667 1.07906683 -0.71238510
v -0.28306649 1.08155507 -0.71284778
v -0.27027228 1.08238449 -0.71221351
v -0.25666959 1.07989625 -0.70939803
v -0.57915274 1.00477080 -0.70535300
v -0.56933650 1.00889547 -0.70714182
v -0.55987611 1.01384508 -0.70949888
v -0.54851373 1.01549495 -0.70953952
v -0.53754709 1.01796976 -0.71015202
v -0.52652063 1.02044456 -0.71075909
v -0.51543435 1.02291937 -0.71136073
v -0.50388254 1.02456924 -0.71138417
v -0.49229085 1.02621911 -0.71140399
v -0.48065928 1.02786898 -0.71142020
v -0.46898783 1.02951885 -0.71143278
v -0.45691067 1.03034378 -0.71087259
v -0.44552528 1.03281859 -0.71144708
v -0.43373418 1.03446846 -0.71144880
v -0.42190321 1.03611833 -0.71144691
v -0.41035829 1.03859313 -0.71200692
v -0.39843758 1.04024300 -0.71199688
v -0.38678298 1.04271781 -0.71254694
v -0.37477254 1.04436768 -0.71252876
v -0.36300827 1.04684248 -0.71306886
v -0.35090810 1.04849235 -0.71304253
v -0.33876804 1.05014222 -0.71301258
v -0.32658810 1.05179209 -0.71297901
v -0.31436828 1.05344196 -0.71294183
v -0.30210858 1.05509183 -0.71290102
v -0.29003523 1.05756664 -0.71341307
v -0.27725326 1.05756664 -0.71225296
v -0.26405870 1.05591677 -0.70998350
v -0.25149300 1.05674170 -0.70937896
v -0.60400205 0.98208649 -0.70711512
v -0.59404606 0.98536832 -0.70839127
v -0.58546428 0.99111151 -0.71142696
v -0.57626823 0.99603425 -0.71386196
v -0.56555839 0.99849562 -0.71452474
v -0.55387924 0.99931608 -0.71400966
v -0.54262493 1.00095699 -0.71407809
v -0.53089592 1.00177745 -0.71355849
v -0.51914698 1.00259790 -0.71303707
v -0.50779296 1.00423882 -0.71309645
v -0.49599416 1.00505927 -0.71257051
v -0.48457035 1.00670019 -0.71262355
v -0.47272171 1.00752064 -0.71209309
v -0.46122810 1.00916156 -0.71213979
v -0.44969461 1.01080247 -0.71218288
v -0.43812125 1.01244338 -0.71222234
v -0.42650800 1.01408430 -0.71225819
v -0.41485487 1.01572521 -0.71229041
v -0.40348699 1.01818658 -0.71289347
v -0.39174412 1.01982749 -0.71291755
v -0.38026657 1.02228886 -0.71351065
v -0.36872919 1.02475023 -0.71409832
v -0.35656149 1.02557069 -0.71353891
v -0.34492441 1.02803206 -0.71411753
v -0.33269690 1.02885251 -0.71355268
v -0.32070477 1.03049343 -0.71355414
v -0.30867277 1.03213434 -0.71355198
v -0.29683628 1.03459571 -0.71411250
v -0.28448912 1.03541617 -0.71353679
v -0.27233747 1.03705708 -0.71352377
v -0.25973497 1.03705708 -0.71237995
v -0.24693696 1.03623662 -0.71067344
v -0.23397333 1.03459571 -0.70840696
v -0.63717952 0.95632636 -0.70703979
v -0.62762908 0.95959027 -0.70838871
v -0.61799888 0.96285419 -0.70973038
v -0.60777516 0.96530212 -0.71046426
v -0.59698783 0.96693408 -0.71059304
v -0.58961733 0.97427788 -0.71490947
v -0.57964814 0.97754179 -0.71622038
v -0.56865144 0.97917375 -0.71633017
v -0.55761485 0.98080571 -0.71643633
v -0.54608444 0.98162168 -0.71594374
v -0.53453410 0.98243766 -0.71544935
v -0.52252981 0.98243766 -0.71435982
v -0.51137358 0.98406962 -0.71445512
v -0.49976341 0.98488560 -0.71395530
v -0.48813331 0.98570157 -0.71345366
v -0.47687737 0.98733353 -0.71353992
v -0.46519741 0.98814951 -0.71303376
v -0.45387168 0.98978146 -0.71311368
v -0.44214187 0.99059744 -0.71260300
v -0.43074635 0.99222940 -0.71267658
v -0.41931095 0.99386136 -0.71274655
v -0.40783567 0.99549331 -0.71281290
v -0.39664482 0.99794125 -0.71345900
v -0.38507981 0.99957320 -0.71351720
v -0.37377929 1.00202114 -0.71415334
v -0.36212454 1.00365309 -0.71420340
v -0.35042991 1.00528505 -0.71424984
v -0.33869540 1.00691701 -0.71429266
v -0.32692101 1.00854896 -0.71433186
v -0.31510673 1.01018092 -0.71436744
v -0.30349714 1.01262885 -0.71497553
v -0.29135854 1.01344483 -0.71442775
v -0.27964924 1.01589276 -0.71502679
v -0.26788012 1.01834070 -0.71562040
v -0.25482311 1.01589276 -0.71277353
v -0.24221534 1.01507679 -0.71107529
v -0.22962751 1.01426081 -0.70937887
v -0.21740915 1.01507679 -0.70882384
v -0.64834544 0.93484765 -0.70733174
v -0.64017660 0.93971665 -0.70996786
v -0.63080239 0.94296265 -0.71136873
v -0.62081553 0.94539715 -0.71215107
v -0.61076884 0.94783165 -0.71292799
v -0.60014939 0.94945465 -0.71308999
v -0.59099899 0.95351215 -0.71507410
v -0.58076287 0.95594665 -0.71583382
v -0.57046693 0.95838114 -0.71658811
v -0.55916503 0.95919264 -0.71612525
v -0.54830629 0.96081564 -0.71626554
v -0.53650142 0.96081564 -0.71519411
v -0.52558285 0.96243864 -0.71532897
v -0.51419122 0.96325014 -0.71485797
v -0.50277965 0.96406164 -0.71438516
v -0.49176139 0.96568464 -0.71451097
v -0.48029996 0.96649614 -0.71403363
v -0.46921191 0.96811914 -0.71415311
v -0.45770063 0.96893064 -0.71367125
v -0.44654278 0.97055364 -0.71378439
v -0.43498166 0.97136514 -0.71329800
v -0.42375401 0.97298814 -0.71340481
v -0.41248649 0.97461114 -0.71350800
v -0.40117908 0.97623414 -0.71360756
v -0.38983180 0.97785714 -0.71370351
v -0.37844463 0.97948014 -0.71379584
v -0.36732115 0.98191464 -0.71447502
v -0.35613785 0.98434913 -0.71514877
v -0.34461109 0.98597213 -0.71522843
v -0.33304446 0.98759513 -0.71530447
v -0.32117425 0.98840663 -0.71479003
v -0.30979155 0.99084113 -0.71544569
v -0.29810527 0.99246413 -0.71551086
v -0.28708044 0.99652163 -0.71732485
v -0.27506068 0.99733313 -0.71679684
v -0.26195179 0.99408713 -0.71335536
v -0.24892266 0.99084113 -0.70992112
v -0.23694278 0.99165263 -0.70939673
v -0.22512689 0.99327563 -0.70945015
v -0.21344507 0.99571013 -0.71007866
v -0.20088350 0.99408713 -0.70781270
v -0.65990998 0.91516212 -0.70844407
v -0.65089146 0.91839021 -0.70991318
v -0.64235518 0.92242532 -0.71199798
v -0.63261514 0.92484638 -0.71282970
v -0.62335734 0.92807446 -0.71427710
v -0.61348770 0.93049553 -0.71509706
v -0.60303612 0.93210957 -0.71529228
v -0.59305680 0.93453063 -0.71610228
v -0.58251549 0.93614468 -0.71628936
v -0.57193430 0.93775872 -0.71647282
v -0.56131323 0.93937276 -0.71665266
v -0.55018002 0.94017978 -0.71621410
v -0.53902687 0.94098680 -0.71577374
v -0.52785378 0.94179383 -0.71533156
v -0.51666075 0.94260085 -0.71488758
v -0.50588015 0.94421489 -0.71505294
v -0.49463727 0.94502191 -0.71460443
v -0.48378688 0.94663595 -0.71476346
v -0.47289661 0.94825000 -0.71491886
v -0.46157396 0.94905702 -0.71446312
v -0.45061390 0.95067106 -0.71461219
v -0.43924140 0.95147808 -0.71415191
v -0.42821154 0.95309212 -0.71429465
v -0.41678919 0.95389914 -0.71382985
v -0.40568954 0.95551319 -0.71396626
v -0.39455002 0.95712723 -0.71409904
v -0.38337061 0.95874127 -0.71422821
v -0.37246405 0.96116234 -0.71495405
v -0.36119490 0.96277638 -0.71507507
v -0.34988588 0.96439042 -0.71519247
v -0.33881979 0.96681149 -0.71590383
v -0.32742104 0.96842553 -0.71601309
v -0.31571952 0.96923255 -0.71552295
v -0.30425097 0.97084659 -0.71562588
v -0.29298548 0.97326766 -0.71631914
v -0.28166016 0.97568872 -0.71700698
v -0.26782204 0.96923255 -0.71117570
v -0.25606069 0.97003957 -0.71068013
v -0.24326412 0.96681149 -0.70723104
v -0.23247819 0.97165361 -0.70968357
v -0.22102326 0.97407468 -0.71035964
v -0.20968166 0.97730276 -0.71161791
v -0.19777076 0.97810978 -0.71110877
v -0.65434322 0.90366325 -0.71348691
v -0.64425893 0.90526833 -0.71373345
v -0.63581830 0.90928105 -0.71587188
v -0.62562433 0.91088613 -0.71610847
v -0.61593172 0.91329376 -0.71697146
v -0.60617929 0.91570139 -0.71782903
v -0.59532444 0.91650393 -0.71742473
v -0.58444965 0.91730647 -0.71701862
v -0.57355492 0.91810902 -0.71661070
v -0.56313164 0.91971410 -0.71682647
v -0.55218705 0.92051665 -0.71641402
v -0.54122253 0.92131919 -0.71599977
v -0.53023807 0.92212173 -0.71558371
v -0.51968517 0.92372682 -0.71578771
v -0.50865085 0.92452936 -0.71536713
v -0.49759659 0.92533190 -0.71494473
v -0.48694399 0.92693699 -0.71513969
v -0.47625151 0.92854207 -0.71533103
v -0.46511749 0.92934462 -0.71490139
v -0.45435522 0.93094970 -0.71508639
v -0.44355306 0.93255479 -0.71526778
v -0.43233928 0.93335733 -0.71483090
v -0.42110555 0.93415987 -0.71439221
v -0.40985189 0.93496242 -0.71395172
v -0.39892012 0.93656750 -0.71412134
v -0.38794847 0.93817259 -0.71428734
v -0.37693693 0.93977767 -0.71444972
v -0.36619744 0.94218530 -0.71521770
v -0.35509618 0.94379039 -0.71537194
v -0.34424701 0.94619802 -0.71612996
v -0.33305601 0.94780310 -0.71627606
v -0.32182513 0.94940819 -0.71641853
v -0.31055437 0.95101327 -0.71655738
v -0.29873952 0.95101327 -0.71548505
v -0.28765107 0.95342090 -0.71622135
v -0.27302039 0.94379039 -0.70792261
v -0.21658253 0.95342090 -0.70977106
v -0.20525479 0.95582853 -0.71048564
v -0.19370486 0.95743362 -0.71059916
v -0.64646816 0.88904377 -0.71581682
v -0.63707223 0.89143796 -0.71673371
v -0.62817686 0.89463022 -0.71828593
v -0.61755052 0.89542828 -0.71791136
v -0.60744467 0.89702441 -0.71817392
v -0.59729893 0.89862054 -0.71843287
v -0.58659283 0.89941860 -0.71805106
v -0.57586678 0.90021667 -0.71766744
v -0.56512080 0.90101473 -0.71728201
v -0.55484545 0.90261086 -0.71752919
v -0.54404961 0.90340893 -0.71713924
v -0.53323383 0.90420699 -0.71674748
v -0.52239811 0.90500505 -0.71635390
v -0.51154245 0.90580312 -0.71595852
v -0.50066685 0.90660118 -0.71556133
v -0.49020207 0.90819731 -0.71579131
v -0.47927662 0.90899538 -0.71538960
v -0.46874204 0.91059151 -0.71561325
v -0.45776674 0.91138957 -0.71520701
v -0.44716237 0.91298570 -0.71542432
v -0.43613721 0.91378376 -0.71501356
v -0.42509212 0.91458183 -0.71460098
v -0.41438805 0.91617796 -0.71480925
v -0.40364409 0.91777409 -0.71501390
v -0.39251923 0.91857215 -0.71459408
v -0.38170549 0.92016828 -0.71479240
v -0.37085186 0.92176441 -0.71498709
v -0.35995835 0.92336054 -0.71517817
v -0.34902497 0.92495667 -0.71536563
v -0.33834287 0.92735086 -0.71616578
v -0.32760095 0.92974505 -0.71696051
v -0.31652797 0.93134118 -0.71713530
v -0.30515386 0.93213925 -0.71669286
v -0.29350851 0.93213925 -0.71563591
v -0.28162184 0.93134118 -0.71396716
v -0.63861252 0.87453177 -0.71793272
v -0.62876428 0.87611894 -0.71823664
v -0.61999528 0.87929328 -0.71983629
v -0.60949775 0.88008687 -0.71948241
v -0.59951989 0.88167404 -0.71977457
v -0.58897250 0.88246763 -0.71941615
v -0.57840517 0.88326121 -0.71905593
v -0.56730819 0.88326121 -0.71804875
v -0.55671095 0.88405480 -0.71768581
v -0.54658354 0.88564197 -0.71796440
v -0.53593645 0.88643556 -0.71759694
v -0.52526942 0.88722914 -0.71722767
v -0.51412258 0.88722914 -0.71621596
v -0.50387553 0.88881632 -0.71648369
v -0.49314867 0.88960990 -0.71610899
v -0.48240188 0.89040349 -0.71573248
v -0.47163514 0.89119707 -0.71535416
v -0.46125847 0.89278425 -0.71561012
v -0.45044188 0.89357783 -0.71522728
v -0.43999542 0.89516500 -0.71547691
v -0.42912898 0.89595859 -0.71508954
v -0.41861273 0.89754576 -0.71533283
v -0.40769644 0.89833935 -0.71494094
v -0.39711039 0.89992652 -0.71517790
v -0.38648446 0.90151369 -0.71541124
v -0.37548841 0.90230728 -0.71501211
v -0.36511297 0.90468804 -0.71586707
v -0.35405709 0.90548162 -0.71546251
v -0.34328161 0.90706879 -0.71568227
v -0.33275661 0.90944955 -0.71652366
v -0.32189139 0.91103672 -0.71673529
v -0.31098629 0.91262390 -0.71694329
v -0.29978086 0.91341748 -0.71652515
v -0.28830501 0.91341748 -0.71548359
v -0.27610762 0.91103672 -0.71257988
v -0.63077631 0.86012725 -0.71983460
v -0.62104610 0.86170547 -0.72016722
v -0.61183475 0.86407279 -0.72115481
v -0.60146602 0.86486190 -0.72082161
v -0.59107735 0.86565101 -0.72048659
v -0.58013989 0.86565101 -0.71949389
v -0.56972131 0.86644011 -0.71915615
v -0.55877388 0.86644011 -0.71816255
v -0.54832539 0.86722922 -0.71782210
v -0.53834591 0.86880744 -0.71813210
v -0.52784757 0.86959654 -0.71778713
v -0.51732928 0.87038565 -0.71744034
v -0.50679105 0.87117476 -0.71709175
v -0.49623288 0.87196387 -0.71674135
v -0.48565477 0.87275297 -0.71638914
v -0.47505672 0.87354208 -0.71603512
v -0.46443873 0.87433119 -0.71567929
v -0.45421000 0.87590940 -0.71596666
v -0.44354216 0.87669851 -0.71560631
v -0.43324363 0.87827673 -0.71588735
v -0.42252594 0.87906583 -0.71552247
v -0.41215762 0.88064405 -0.71579717
v -0.40139008 0.88143316 -0.71542777
v -0.39095197 0.88301137 -0.71569614
v -0.38013457 0.88380048 -0.71532221
v -0.36962667 0.88537869 -0.71558424
v -0.35907888 0.88695691 -0.71584266
v -0.34849122 0.88853513 -0.71609746
v -0.33786367 0.89011334 -0.71634864
v -0.32719624 0.89169156 -0.71659619
v -0.31648893 0.89326977 -0.71684013
v -0.30574174 0.89484799 -0.71708045
v -0.29469503 0.89563709 -0.71668571
v -0.28337870 0.89563709 -0.71565862
v -0.27110356 0.89248066 -0.71211300
v -0.62295952 0.84583022 -0.72152248
v -0.61221151 0.84583022 -0.72054697
v -0.60313732 0.84818411 -0.72157398
v -0.59290736 0.84896874 -0.72126236
v -0.58211946 0.84896874 -0.72028323
v -0.57185959 0.84975336 -0.71996890
v -0.56106172 0.84975336 -0.71898886
v -0.55077194 0.85053799 -0.71867181
v -0.54046222 0.85132262 -0.71835295
v -0.53013256 0.85210725 -0.71803228
v -0.51978296 0.85289188 -0.71770980
v -0.50941342 0.85367651 -0.71738551
v -0.49902394 0.85446114 -0.71705941
v -0.48861452 0.85524577 -0.71673150
v -0.47818515 0.85603040 -0.71640178
v -0.46773585 0.85681503 -0.71607025
v -0.45726660 0.85759966 -0.71573691
v -0.44718581 0.85916891 -0.71605569
v -0.43706513 0.86073817 -0.71637085
v -0.42651612 0.86152280 -0.71603027
v -0.41632565 0.86309206 -0.71633910
v -0.40572679 0.86387669 -0.71599400
v -0.39510799 0.86466132 -0.71564708
v -0.38481782 0.86623058 -0.71594686
v -0.37448776 0.86779984 -0.71624302
v -0.36378920 0.86858446 -0.71588887
v -0.35338935 0.87015372 -0.71617869
v -0.34294963 0.87172298 -0.71646490
v -0.33217130 0.87250761 -0.71610351
v -0.32166178 0.87407687 -0.71638338
v -0.31111238 0.87564613 -0.71665963
v -0.30052309 0.87721538 -0.71693226
v -0.28963509 0.87800001 -0.71656091
v -0.27872716 0.87878464 -0.71618775
v -0.26684370 0.87643076 -0.71325859
v -0.61458509 0.83086052 -0.72231811
v -0.60396668 0.83086052 -0.72135437
v -0.59501968 0.83320097 -0.72241989
v -0.58437136 0.83320097 -0.72145343
v -0.57372305 0.83320097 -0.72048698
v -0.56360196 0.83398112 -0.72019422
v -0.55346092 0.83476127 -0.71989966
v -0.54279267 0.83476127 -0.71893140
v -0.53262172 0.83554142 -0.71863412
v -0.52291818 0.83710172 -0.71900512
v -0.51222001 0.83710172 -0.71803414
v -0.50198924 0.83788187 -0.71773144
v -0.49173854 0.83866202 -0.71742692
v -0.48146789 0.83944217 -0.71712060
v -0.47117730 0.84022233 -0.71681246
v -0.46086677 0.84100248 -0.71650252
v -0.45053630 0.84178263 -0.71619077
v -0.44018589 0.84256278 -0.71587720
v -0.43061076 0.84490323 -0.71688572
v -0.42020053 0.84568338 -0.71656672
v -0.40977036 0.84646353 -0.71624592
v -0.39968794 0.84802383 -0.71658254
v -0.38920792 0.84880398 -0.71625721
v -0.37870795 0.84958413 -0.71593007
v -0.36852583 0.85114444 -0.71625764
v -0.35830383 0.85270474 -0.71658159
v -0.34772411 0.85348489 -0.71624721
v -0.33743231 0.85504519 -0.71656482
v -0.32680273 0.85582534 -0.71622592
v -0.31644115 0.85738564 -0.71653720
v -0.30603968 0.85894594 -0.71684486
v -0.29533034 0.85972609 -0.71649872
v -0.28485908 0.86128640 -0.71680004
v -0.27409989 0.86206655 -0.71644938
v -0.26260650 0.86050624 -0.71415451
v -0.60623169 0.81600725 -0.72288190
v -0.59630919 0.81678293 -0.72261616
v -0.58636676 0.81755860 -0.72234862
v -0.57585803 0.81755860 -0.72139483
v -0.56588568 0.81833427 -0.72112457
v -0.55589339 0.81910994 -0.72085250
v -0.54536472 0.81910994 -0.71989690
v -0.53534252 0.81988562 -0.71962212
v -0.52530038 0.82066129 -0.71934552
v -0.51523830 0.82143696 -0.71906712
v -0.50467972 0.82143696 -0.71810880
v -0.49458773 0.82221263 -0.71782769
v -0.48447580 0.82298830 -0.71754476
v -0.47434393 0.82376398 -0.71726002
v -0.46375543 0.82376398 -0.71629899
v -0.45359365 0.82453965 -0.71601154
v -0.44341193 0.82531532 -0.71572227
v -0.43361703 0.82686667 -0.71610297
v -0.42378226 0.82841801 -0.71648004
v -0.41352077 0.82919368 -0.71618354
v -0.40361620 0.83074503 -0.71655428
v -0.39330486 0.83152070 -0.71625325
v -0.38333050 0.83307204 -0.71661766
v -0.37296931 0.83384772 -0.71631211
v -0.36292516 0.83539906 -0.71667018
v -0.35251412 0.83617473 -0.71636010
v -0.34240017 0.83772608 -0.71671184
v -0.33193928 0.83850175 -0.71639724
v -0.32175554 0.84005310 -0.71674264
v -0.31124480 0.84082877 -0.71642351
v -0.30099127 0.84238011 -0.71676258
v -0.29043067 0.84315578 -0.71643893
v -0.28010735 0.84470713 -0.71677166
v -0.26949690 0.84548280 -0.71644349
v -0.25815469 0.84393146 -0.71414435
v -0.59847479 0.80204162 -0.72390991
v -0.58810565 0.80204162 -0.72296879
v -0.57829202 0.80281282 -0.72272192
v -0.56791290 0.80281282 -0.72177990
v -0.55806936 0.80358401 -0.72153032
v -0.54820587 0.80435521 -0.72127893
v -0.53780682 0.80435521 -0.72033509
v -0.52791342 0.80512640 -0.72008099
v -0.51750440 0.80512640 -0.71913625
v -0.50758109 0.80589759 -0.71887943
v -0.49763785 0.80666879 -0.71862081
v -0.48767466 0.80743998 -0.71836037
v -0.47723572 0.80743998 -0.71741291
v -0.46724262 0.80821117 -0.71714976
v -0.45722959 0.80898237 -0.71688480
v -0.44677071 0.80898237 -0.71593553
v -0.43672776 0.80975356 -0.71566786
v -0.42707083 0.81129595 -0.71607905
v -0.41697803 0.81206714 -0.71580685
v -0.40686529 0.81283834 -0.71553284
v -0.39710866 0.81438073 -0.71593499
v -0.38694607 0.81515192 -0.71565645
v -0.37711964 0.81669431 -0.71605227
v -0.36690720 0.81746550 -0.71576921
v -0.35701098 0.81900789 -0.71615868
v -0.34707488 0.82055028 -0.71654454
v -0.33678268 0.82132147 -0.71625424
v -0.32677679 0.82286386 -0.71663377
v -0.31643473 0.82363505 -0.71633894
v -0.30635905 0.82517744 -0.71671213
v -0.29596714 0.82594863 -0.71641278
v -0.28582166 0.82749102 -0.71677964
v -0.27537990 0.82826222 -0.71647577
v -0.26516463 0.82980460 -0.71683629
v -0.25420009 0.82903341 -0.71519729
v -0.23940507 0.81515192 -0.70226539
v -0.17900666 0.82826222 -0.70772877
v -0.16845522 0.82903341 -0.70741494
v -0.58958803 0.78665005 -0.72331394
v -0.57935846 0.78665005 -0.72238548
v -0.57023832 0.78818348 -0.72286338
v -0.55998881 0.78818348 -0.72193312
v -0.55027408 0.78895019 -0.72170422
v -0.54053940 0.78971691 -0.72147352
v -0.53026995 0.78971691 -0.72054144
v -0.52050537 0.79048362 -0.72030802
v -0.51022595 0.79048362 -0.71937505
v -0.50043145 0.79125034 -0.71913891
v -0.49014207 0.79125034 -0.71820503
v -0.48031766 0.79201705 -0.71796618
v -0.47047331 0.79278377 -0.71772551
v -0.46060902 0.79355048 -0.71748304
v -0.45028972 0.79355048 -0.71654645
v -0.44039552 0.79431720 -0.71630126
v -0.43048137 0.79508392 -0.71605427
v -0.42054729 0.79585063 -0.71580546
v -0.41059327 0.79661735 -0.71555484
v -0.40061930 0.79738406 -0.71530242
v -0.39062539 0.79815078 -0.71504818
v -0.38097682 0.79968421 -0.71547812
v -0.37093306 0.80045092 -0.71521936
v -0.36121469 0.80198435 -0.71564296
v -0.35145644 0.80351778 -0.71606294
v -0.34133292 0.80428450 -0.71579695
v -0.33150488 0.80581793 -0.71621059
v -0.32133151 0.80658465 -0.71594007
v -0.31143367 0.80811808 -0.71634738
v -0.30149595 0.80965151 -0.71675108
v -0.29124282 0.81041822 -0.71647331
v -0.28123531 0.81195165 -0.71687067
v -0.27093232 0.81271837 -0.71658838
v -0.26110065 0.81501852 -0.71765453
v -0.25026653 0.81425180 -0.71601838
v -0.23742118 0.80658465 -0.70832423
v -0.18708723 0.81578523 -0.71158978
v -0.17730812 0.81961881 -0.71396635
v -0.16540268 0.81348509 -0.70766317
v 0.09081694 0.83495312 -0.70268744
v 0.10064761 0.82651925 -0.69461408
v -0.58158468 0.77252722 -0.72353914
v -0.57147974 0.77252722 -0.72262200
v -0.56248261 0.77405169 -0.72312904
v -0.55235773 0.77405169 -0.72221009
v -0.54276682 0.77481393 -0.72200142
v -0.53315596 0.77557617 -0.72179094
v -0.52301114 0.77557617 -0.72087018
v -0.51286633 0.77557617 -0.71994942
v -0.50296855 0.77595728 -0.71938199
v -0.49306081 0.77633840 -0.71881366
v -0.48314309 0.77671952 -0.71824442
v -0.47321540 0.77710064 -0.71767428
v -0.46305065 0.77710064 -0.71675171
v -0.45333012 0.77786288 -0.71653127
v -0.44358964 0.77862511 -0.71630903
v -0.43361709 0.77900623 -0.71573482
v -0.42384172 0.77976847 -0.71550941
v -0.41404641 0.78053071 -0.71528219
v -0.40423116 0.78129294 -0.71505316
v -0.39439597 0.78205518 -0.71482232
v -0.38454084 0.78281742 -0.71458967
v -0.37466577 0.78357965 -0.71435521
v -0.36512525 0.78510413 -0.71481294
v -0.35554485 0.78662860 -0.71526704
v -0.34592456 0.78815308 -0.71571753
v -0.33593982 0.78891531 -0.71547311
v -0.32624974 0.79043979 -0.71591726
v -0.31621514 0.79120202 -0.71566833
v -0.30645527 0.79272650 -0.71610614
v -0.29665552 0.79425097 -0.71654034
v -0.28681589 0.79577545 -0.71697091
v -0.27667162 0.79653768 -0.71671202
v -0.26676220 0.79806216 -0.71713626
v -0.25681289 0.79958663 -0.71755689
v -0.24658886 0.80034887 -0.71729076
v -0.23499563 0.79653768 -0.71292944
v -0.22221267 0.78815308 -0.70448923
v -0.20256884 0.79196426 -0.70601542
v -0.19368963 0.79806216 -0.71050408
v -0.18500093 0.80568453 -0.71633367
v -0.17512251 0.80873348 -0.71808436
v -0.16314823 0.80187334 -0.71104118
v 0.06946881 0.82397822 -0.70912123
v 0.08069214 0.82855164 -0.71207349
v 0.09211932 0.83388730 -0.71566908
v 0.10349774 0.83769848 -0.71794545
v 0.11476757 0.83998519 -0.71890804
v 0.12507019 0.83541177 -0.71400204
v 0.13562541 0.83312506 -0.71105857
v 0.14558460 0.82778940 -0.70552193
v -0.57417459 0.75927411 -0.72426423
v -0.56446585 0.75965299 -0.72371845
v -0.55474713 0.76003187 -0.72317177
v -0.54474689 0.76003187 -0.72226413
v -0.53527979 0.76078963 -0.72207569
v -0.52553116 0.76116851 -0.72152630
v -0.51551596 0.76116851 -0.72061730
v -0.50575238 0.76154739 -0.72006655
v -0.49597883 0.76192626 -0.71951489
v -0.48595366 0.76192626 -0.71860499
v -0.47616515 0.76230514 -0.71805197
v -0.46613500 0.76230514 -0.71714162
v -0.45610484 0.76230514 -0.71623126
v -0.44629639 0.76268402 -0.71567644
v -0.43626125 0.76268402 -0.71476563
v -0.42622611 0.76268402 -0.71385482
v -0.41619097 0.76268402 -0.71294402
v -0.40635760 0.76306290 -0.71238693
v -0.39671103 0.76382066 -0.71218220
v -0.38742812 0.76533618 -0.71268129
v -0.37829214 0.76723057 -0.71352912
v -0.36892448 0.76874609 -0.71402051
v -0.35969378 0.77064049 -0.71485974
v -0.35024137 0.77215601 -0.71534344
v -0.34074908 0.77367152 -0.71582353
v -0.33105503 0.77480816 -0.71594989
v -0.32133106 0.77594480 -0.71607354
v -0.31172910 0.77746032 -0.71654367
v -0.30208726 0.77897583 -0.71701018
v -0.29212164 0.77973359 -0.71677650
v -0.28241001 0.78124911 -0.71723667
v -0.27239454 0.78200687 -0.71699846
v -0.26261311 0.78352238 -0.71745230
v -0.25279180 0.78503790 -0.71790252
v -0.24293061 0.78655342 -0.71834912
v -0.23213327 0.78503790 -0.71602752
v -0.22094762 0.78200687 -0.71232905
v -0.21086236 0.78276463 -0.71208451
v -0.20095132 0.78428014 -0.71252658
v -0.19228970 0.79109997 -0.71777773
v -0.18275175 0.79488876 -0.72026609
v -0.17278560 0.79716204 -0.72137398
v -0.16137116 0.79261549 -0.71631313
v 0.05873923 0.80777066 -0.70975174
v 0.06956282 0.81004394 -0.71078180
v 0.08052128 0.81307497 -0.71247043
v 0.09164452 0.81686376 -0.71481491
v 0.10286745 0.82065256 -0.71715035
v 0.11398019 0.82292583 -0.71815417
v 0.12526767 0.82595687 -0.71981294
v 0.13663491 0.82898790 -0.72146446
v 0.14794705 0.83126118 -0.72245018
v 0.15975352 0.83580773 -0.72540347
v 0.16904793 0.82747238 -0.71718098
v 0.18026509 0.82898790 -0.71750452
v 0.18872618 0.81837928 -0.70734524
v -0.56678312 0.74612401 -0.72478423
v -0.55634525 0.74537073 -0.72315707
v -0.54703189 0.74612401 -0.72299157
v -0.53742743 0.74650065 -0.72245976
v -0.52781299 0.74687729 -0.72192704
v -0.51818859 0.74725393 -0.72139341
v -0.50855422 0.74763057 -0.72085888
v -0.49890988 0.74800721 -0.72032344
v -0.48925557 0.74838385 -0.71978710
v -0.47935004 0.74838385 -0.71888806
v -0.46968077 0.74876049 -0.71835036
v -0.46000153 0.74913713 -0.71781176
v -0.45031232 0.74951377 -0.71727225
v -0.44061314 0.74989041 -0.71673183
v -0.43133663 0.75102033 -0.71690958
v -0.42181887 0.75177361 -0.71672554
v -0.41248752 0.75290353 -0.71689831
v -0.40292490 0.75365681 -0.71671019
v -0.39373508 0.75516337 -0.71723570
v -0.38412261 0.75591665 -0.71704306
v -0.37467660 0.75704657 -0.71720543
v -0.36501925 0.75779985 -0.71700871
v -0.35551841 0.75892977 -0.71716610
v -0.34581620 0.75968305 -0.71696531
v -0.33626051 0.76081297 -0.71711772
v -0.32667492 0.76194289 -0.71726741
v -0.31690292 0.76269617 -0.71706029
v -0.30711097 0.76344945 -0.71685136
v -0.29759214 0.76495601 -0.71734701
v -0.28775035 0.76570929 -0.71713356
v -0.27802517 0.76683921 -0.71727058
v -0.26827007 0.76796913 -0.71740490
v -0.25861166 0.76947569 -0.71788788
v -0.24879176 0.77060561 -0.71801631
v -0.23905856 0.77211217 -0.71849251
v -0.22906223 0.77286545 -0.71826503
v -0.21904595 0.77361873 -0.71803573
v -0.20900974 0.77437201 -0.71780463
v -0.19953362 0.77738513 -0.71966376
v -0.18997774 0.78039825 -0.72151566
v -0.17999529 0.78190481 -0.72196923
v -0.16980952 0.78265809 -0.72172456
v -0.15592064 0.76533265 -0.70482857
v 0.05865148 0.79019090 -0.70778706
v 0.06943977 0.79395730 -0.71020690
v 0.08025191 0.79697042 -0.71194477
v 0.09131546 0.80149010 -0.71501942
v 0.10240286 0.80525650 -0.71741211
v 0.11306114 0.80525650 -0.71644475
v 0.12383516 0.80600978 -0.71614668
v 0.13488053 0.80826962 -0.71718359
v 0.14598573 0.81052946 -0.71821506
v 0.15700509 0.81203602 -0.71857453
v 0.16837557 0.81504914 -0.72026172
v 0.18048816 0.82107538 -0.72460077
v 0.19276027 0.82710162 -0.72892533
v 0.20129585 0.81730898 -0.71931322
v 0.21094069 0.81278930 -0.71435904
v 0.22231508 0.81504914 -0.71536608
v 0.22922511 0.80149010 -0.70250252
v -0.55912455 0.73270250 -0.72472881
v -0.54852642 0.73157930 -0.72273372
v -0.53988835 0.73307690 -0.72332729
v -0.53012739 0.73307690 -0.72244137
v -0.52063220 0.73345131 -0.72192397
v -0.51138782 0.73420011 -0.72177372
v -0.50161190 0.73420011 -0.72088645
v -0.49183599 0.73420011 -0.71999917
v -0.48255173 0.73494891 -0.71984530
v -0.47300668 0.73532331 -0.71932337
v -0.46321582 0.73532331 -0.71843474
v -0.45388668 0.73607211 -0.71827680
v -0.44431173 0.73644651 -0.71775216
v -0.43472681 0.73682091 -0.71722661
v -0.42534782 0.73756972 -0.71706415
v -0.41615983 0.73869292 -0.71726342
v -0.40673598 0.73944172 -0.71709688
v -0.39709123 0.73981612 -0.71656591
v -0.38782846 0.74093932 -0.71675839
v -0.37834479 0.74168812 -0.71658642
v -0.36902717 0.74281133 -0.71677393
v -0.35949864 0.74356013 -0.71659789
v -0.35012619 0.74468333 -0.71678042
v -0.34072383 0.74580653 -0.71696023
v -0.33112550 0.74655534 -0.71677786
v -0.32182938 0.74805294 -0.71731171
v -0.31233729 0.74917614 -0.71748338
v -0.30296639 0.75067375 -0.71801045
v -0.29340950 0.75179695 -0.71817623
v -0.28382269 0.75292015 -0.71833930
v -0.27434212 0.75441775 -0.71885641
v -0.26455933 0.75516656 -0.71865730
v -0.25500897 0.75666416 -0.71916808
v -0.24517634 0.75741296 -0.71896444
v -0.23567239 0.75928497 -0.71982382
v -0.22567370 0.75965937 -0.71926072
v -0.21598375 0.76115697 -0.71975883
v -0.20635518 0.76302897 -0.72060690
v -0.19686929 0.76564978 -0.72215671
v -0.18694847 0.76677298 -0.72228947
v -0.17760183 0.77051699 -0.72488511
v -0.16652923 0.76677298 -0.72043618
v 0.07980493 0.77950261 -0.70978793
v 0.09079047 0.78474423 -0.71361240
v 0.10152919 0.78699063 -0.71470411
v 0.11254088 0.79073464 -0.71714862
v 0.12341918 0.79298104 -0.71822766
v 0.13435730 0.79522745 -0.71930127
v 0.14521876 0.79672505 -0.71969305
v 0.15626656 0.79897146 -0.72075671
v 0.16721775 0.80046906 -0.72114034
v 0.17820883 0.80196667 -0.72152035
v 0.18959252 0.80496187 -0.72324231
v 0.20086963 0.80720828 -0.72428515
v 0.21201026 0.80870588 -0.72465159
v 0.22380960 0.81244989 -0.72702462
v 0.23289744 0.80645948 -0.72068947
v 0.24227819 0.80196667 -0.71570531
v 0.25319261 0.80271547 -0.71540349
v 0.26265002 0.79897146 -0.71110117
v -0.55034421 0.71789984 -0.72296023
v -0.54184909 0.71938848 -0.72358477
v -0.53276342 0.72013281 -0.72345792
v -0.52311712 0.72013281 -0.72258240
v -0.51373619 0.72050497 -0.72207986
v -0.50460565 0.72124929 -0.72194894
v -0.49545518 0.72199362 -0.72181621
v -0.48578395 0.72199362 -0.72093844
v -0.47635815 0.72236578 -0.72043182
v -0.46692238 0.72273794 -0.71992431
v -0.45724118 0.72273794 -0.71904563
v -0.44779045 0.72311010 -0.71853675
v -0.43855523 0.72385442 -0.71839633
v -0.42907957 0.72422659 -0.71788520
v -0.41980945 0.72497091 -0.71774161
v -0.41051940 0.72571523 -0.71759621
v -0.40100386 0.72608739 -0.71708145
v -0.39167890 0.72683172 -0.71693288
v -0.38252957 0.72794820 -0.71714915
v -0.37296917 0.72832036 -0.71663032
v -0.36376999 0.72943685 -0.71684206
v -0.35436029 0.73018117 -0.71668580
v -0.34493064 0.73092550 -0.71652773
v -0.33548106 0.73166982 -0.71636785
v -0.32617719 0.73278630 -0.71657009
v -0.31700408 0.73427495 -0.71713309
v -0.30763541 0.73539144 -0.71732944
v -0.29823682 0.73650792 -0.71752308
v -0.28880832 0.73762441 -0.71771401
v -0.27934991 0.73874089 -0.71790222
v -0.26999734 0.74022954 -0.71844893
v -0.26047412 0.74134602 -0.71863126
v -0.25092099 0.74246251 -0.71881087
v -0.24145874 0.74395115 -0.71934762
v -0.23184081 0.74506764 -0.71952136
v -0.22241460 0.74692845 -0.72041027
v -0.21293855 0.74878926 -0.72129466
v -0.20351348 0.75102223 -0.72253257
v -0.19383687 0.75251087 -0.72304987
v -0.18393862 0.75325520 -0.72284927
v -0.17350507 0.75176655 -0.72050674
v 0.07948538 0.76367572 -0.70870941
v 0.09023959 0.76814166 -0.71192003
v 0.10121086 0.77335193 -0.71580873
v 0.11189218 0.77558490 -0.71693261
v 0.12275068 0.77856219 -0.71873820
v 0.13343429 0.78005084 -0.71916410
v 0.14415779 0.78153948 -0.71958639
v 0.15506843 0.78377245 -0.72068946
v 0.16603889 0.78600542 -0.72178711
v 0.17690197 0.78749407 -0.72219672
v 0.18745058 0.78749407 -0.72123931
v 0.19818634 0.78823839 -0.72096270
v 0.20894204 0.78898271 -0.72068427
v 0.21951059 0.78898271 -0.71972505
v 0.23029620 0.78972704 -0.71944391
v 0.24110175 0.79047136 -0.71916097
v 0.25240124 0.79270433 -0.72022875
v 0.26252571 0.79121568 -0.71791427
v 0.27389498 0.79344865 -0.71897572
v 0.28238810 0.78749407 -0.71262262
v 0.29099857 0.78228381 -0.70695665
v -0.54358081 0.70581203 -0.72359669
v -0.53462893 0.70655187 -0.72349097
v -0.52565711 0.70729172 -0.72338345
v -0.51666535 0.70803156 -0.72327411
v -0.50738870 0.70840148 -0.72278553
v -0.49836204 0.70914133 -0.72267303
v -0.48906046 0.70951125 -0.72218219
v -0.47949891 0.70951125 -0.72131437
v -0.47018238 0.70988117 -0.72082217
v -0.46085587 0.71025109 -0.72032907
v -0.45151940 0.71062102 -0.71983506
v -0.44217295 0.71099094 -0.71934015
v -0.43281653 0.71136086 -0.71884433
v -0.42367024 0.71210071 -0.71872097
v -0.41428889 0.71247063 -0.71822289
v -0.40510770 0.71321047 -0.71809636
v -0.39570143 0.71358040 -0.71759602
v -0.38628519 0.71395032 -0.71709477
v -0.37705414 0.71469016 -0.71696371
v -0.36780316 0.71543001 -0.71683085
v -0.35871742 0.71653978 -0.71706637
v -0.34942157 0.71727962 -0.71692944
v -0.34028100 0.71838939 -0.71715998
v -0.33094028 0.71912923 -0.71701897
v -0.32174487 0.72023900 -0.71724454
v -0.31235928 0.72097885 -0.71709946
v -0.30326431 0.72245854 -0.71768753
v -0.29397917 0.72356830 -0.71790496
v -0.28466412 0.72467807 -0.71811966
v -0.27531916 0.72578784 -0.71833166
v -0.26580894 0.72652768 -0.71817527
v -0.25653949 0.72800737 -0.71874750
v -0.24710480 0.72911714 -0.71895135
v -0.23764019 0.73022691 -0.71915248
v -0.22826107 0.73170660 -0.71971476
v -0.21873165 0.73281636 -0.71991001
v -0.20938319 0.73466598 -0.72082846
v -0.19998487 0.73651559 -0.72174238
v -0.19044124 0.73799528 -0.72228973
v -0.18058630 0.73836520 -0.72174867
v -0.17055042 0.73799528 -0.72048441
v 0.05874818 0.74502380 -0.70638722
v 0.06906154 0.74798318 -0.70827825
v 0.07945467 0.75094256 -0.71016204
v 0.09005994 0.75501171 -0.71308673
v 0.10067666 0.75834101 -0.71530362
v 0.11122083 0.76056055 -0.71646693
v 0.12170665 0.76204024 -0.71692876
v 0.13236049 0.76425977 -0.71808212
v 0.14293605 0.76573946 -0.71853580
v 0.15355149 0.76721915 -0.71898587
v 0.16436486 0.76943869 -0.72012475
v 0.17523804 0.77165822 -0.72125820
v 0.18599307 0.77313791 -0.72169560
v 0.19660002 0.77387776 -0.72143966
v 0.20742484 0.77535745 -0.72187073
v 0.21787375 0.77535745 -0.72092237
v 0.22832266 0.77535745 -0.71997401
v 0.23854373 0.77461760 -0.71833956
v 0.24898267 0.77461760 -0.71739210
v 0.25942161 0.77461760 -0.71644464
v 0.27011829 0.77535745 -0.71618057
v 0.28083492 0.77609729 -0.71591468
v 0.29157149 0.77683714 -0.71564698
v 0.30261565 0.77831682 -0.71605814
v 0.31072342 0.77239807 -0.70966809
v 0.31928686 0.76795900 -0.70465023
v -0.53711888 0.69418594 -0.72442958
v -0.52742738 0.69381826 -0.72319208
v -0.52021654 0.69675973 -0.72540067
v -0.51076965 0.69675973 -0.72454325
v -0.50158731 0.69712741 -0.72406773
v -0.49239500 0.69749509 -0.72359130
v -0.48319271 0.69786278 -0.72311397
v -0.47373087 0.69786278 -0.72225519
v -0.46451363 0.69823046 -0.72177650
v -0.45504680 0.69823046 -0.72091728
v -0.44581461 0.69859814 -0.72043723
v -0.43657245 0.69896582 -0.71995628
v -0.42732031 0.69933351 -0.71947442
v -0.41805821 0.69970119 -0.71899166
v -0.40857144 0.69970119 -0.71813062
v -0.39950409 0.70043656 -0.71802342
v -0.39041681 0.70117192 -0.71791440
v -0.38110984 0.70153961 -0.71742757
v -0.37218241 0.70264266 -0.71769094
v -0.36303530 0.70337802 -0.71757650
v -0.35405304 0.70448107 -0.71783490
v -0.34504087 0.70558412 -0.71809058
v -0.33582397 0.70631949 -0.71796980
v -0.32675696 0.70742254 -0.71822051
v -0.31766004 0.70852559 -0.71846850
v -0.30837335 0.70926096 -0.71834139
v -0.29922159 0.71036401 -0.71858440
v -0.28989003 0.71109937 -0.71845322
v -0.28053853 0.71183474 -0.71832022
v -0.27144694 0.71330547 -0.71892658
v -0.26204558 0.71404084 -0.71878906
v -0.25275424 0.71514389 -0.71901941
v -0.24355796 0.71661462 -0.71961626
v -0.23408183 0.71734999 -0.71947196
v -0.22470075 0.71845304 -0.71969416
v -0.21528977 0.71955609 -0.71991364
v -0.20595390 0.72102682 -0.72049783
v -0.19667818 0.72286524 -0.72144536
v -0.18735262 0.72470365 -0.72238836
v -0.17752685 0.72470365 -0.72149656
v -0.16744584 0.72360060 -0.71950794
v -0.02035587 0.72617438 -0.70866298
v -0.01053677 0.72801280 -0.70956119
v -0.00066715 0.72911585 -0.70973905
v 0.00922308 0.72948353 -0.70919928
v 0.01914256 0.73058658 -0.70937262
v 0.02907732 0.73132195 -0.70918668
v 0.03907124 0.73279268 -0.70971114
v 0.04910503 0.73426342 -0.71023198
v 0.05920828 0.73610183 -0.71110440
v 0.06943050 0.73867561 -0.71268179
v 0.07972252 0.74124940 -0.71425283
v 0.08995073 0.74272013 -0.71475603
v 0.10031786 0.74492623 -0.71596238
v 0.11063581 0.74639696 -0.71645743
v 0.12093415 0.74750001 -0.71659638
v 0.13139135 0.74933843 -0.71743667
v 0.14182895 0.75080916 -0.71792086
v 0.15223198 0.75191221 -0.71805031
v 0.16282378 0.75375063 -0.71887839
v 0.17354984 0.75595673 -0.72005216
v 0.18415692 0.75742746 -0.72052097
v 0.19480390 0.75889819 -0.72098616
v 0.20549075 0.76036892 -0.72144773
v 0.21621748 0.76183966 -0.72190567
v 0.22676542 0.76257502 -0.72166409
v 0.23710466 0.76257502 -0.72072568
v 0.24768251 0.76331039 -0.72048138
v 0.25803171 0.76331039 -0.71954207
v 0.26812236 0.76257502 -0.71791046
v 0.27819307 0.76183966 -0.71628067
v 0.28852234 0.76183966 -0.71534317
v 0.29856314 0.76110429 -0.71371608
v 0.30918087 0.76183966 -0.71346816
v 0.31951013 0.76183966 -0.71253066
v 0.33079453 0.76404576 -0.71365376
v 0.34049701 0.76257502 -0.71134162
v 0.34948297 0.75963356 -0.70766299
v -0.53095723 0.68301487 -0.72547230
v -0.52275636 0.68447665 -0.72617748
v -0.51424149 0.68557298 -0.72649178
v -0.50488932 0.68557298 -0.72564296
v -0.49580129 0.68593843 -0.72518050
v -0.48644413 0.68593843 -0.72433123
v -0.47734115 0.68630387 -0.72386740
v -0.46797901 0.68630387 -0.72301768
v -0.45886107 0.68666931 -0.72255249
v -0.44973316 0.68703476 -0.72208641
v -0.44059528 0.68740020 -0.72161941
v -0.43121819 0.68740020 -0.72076833
v -0.42184109 0.68740020 -0.71991725
v -0.41268327 0.68776565 -0.71944845
v -0.40330118 0.68776565 -0.71859692
v -0.39433772 0.68849653 -0.71850813
v -0.38514999 0.68886198 -0.71803661
v -0.37615163 0.68959287 -0.71794466
v -0.36713332 0.69032375 -0.71785090
v -0.35809508 0.69105464 -0.71775532
v -0.34940566 0.69251642 -0.71841616
v -0.34031756 0.69324731 -0.71831607
v -0.33120953 0.69397819 -0.71821416
v -0.32225098 0.69507453 -0.71848820
v -0.31293364 0.69543997 -0.71800491
v -0.30376578 0.69617086 -0.71789758
v -0.29473245 0.69726719 -0.71816483
v -0.28551973 0.69799808 -0.71805342
v -0.27628706 0.69872897 -0.71794020
v -0.26717397 0.69982530 -0.71820021
v -0.25789644 0.70055619 -0.71808292
v -0.24872851 0.70165252 -0.71833795
v -0.23965524 0.70311429 -0.71896395
v -0.23042250 0.70421063 -0.71921310
v -0.22115986 0.70530696 -0.71945954
v -0.21175770 0.70603785 -0.71933094
v -0.20244022 0.70713418 -0.71957240
v -0.19329210 0.70896140 -0.72055398
v -0.18409412 0.71078862 -0.72153104
v -0.17475663 0.71225039 -0.72213306
v -0.16461714 0.71042317 -0.71940090
v -0.02908972 0.71407761 -0.71072397
v -0.01937841 0.71517395 -0.71092969
v -0.00964703 0.71700117 -0.71185833
v 0.00013421 0.71882839 -0.71278246
v 0.00995014 0.71955927 -0.71261630
v 0.01978601 0.72029016 -0.71244833
v 0.02965685 0.72138649 -0.71263957
v 0.03957760 0.72284827 -0.71318865
v 0.04951324 0.72394460 -0.71337401
v 0.05950878 0.72540638 -0.71391630
v 0.06957915 0.72723360 -0.71481418
v 0.07965943 0.72869538 -0.71534878
v 0.08973466 0.72979171 -0.71552147
v 0.09988972 0.73125348 -0.71604928
v 0.11002975 0.73234982 -0.71621609
v 0.12013981 0.73308070 -0.71602323
v 0.13039955 0.73454248 -0.71654155
v 0.14076904 0.73636970 -0.71741228
v 0.15118838 0.73819692 -0.71827849
v 0.16165757 0.74002414 -0.71914017
v 0.17209180 0.74148592 -0.71964265
v 0.18256590 0.74294769 -0.72014150
v 0.19326947 0.74514036 -0.72134429
v 0.20383331 0.74660213 -0.72183501
v 0.21433227 0.74769846 -0.72196923
v 0.22475141 0.74842935 -0.72174833
v 0.23519048 0.74916024 -0.72152561
v 0.24564950 0.74989113 -0.72130109
v 0.25612846 0.75062202 -0.72107475
v 0.26636799 0.75062202 -0.72014540
v 0.27660752 0.75062202 -0.71921604
v 0.28684705 0.75062202 -0.71828668
v 0.29679731 0.74989113 -0.71665883
v 0.30702687 0.74989113 -0.71573038
v 0.31694722 0.74916024 -0.71410524
v 0.32668803 0.74806391 -0.71213401
v 0.33672809 0.74769846 -0.71086038
v 0.34709730 0.74806391 -0.71028163
v 0.35747649 0.74842935 -0.70970198
v -0.52622937 0.67374492 -0.72830868
v -0.51670319 0.67338171 -0.72707720
v -0.50855553 0.67483453 -0.72780519
v -0.49929310 0.67483453 -0.72696451
v -0.49003066 0.67483453 -0.72612384
v -0.48076822 0.67483453 -0.72528317
v -0.47150578 0.67483453 -0.72444249
v -0.46224334 0.67483453 -0.72360182
v -0.45322470 0.67519774 -0.72315014
v -0.44419609 0.67556094 -0.72269756
v -0.43515751 0.67592415 -0.72224408
v -0.42588011 0.67592415 -0.72140205
v -0.41660272 0.67592415 -0.72056001
v -0.40732532 0.67592415 -0.71971798
v -0.39804793 0.67592415 -0.71887595
v -0.38918834 0.67665056 -0.71880558
v -0.38010489 0.67701376 -0.71834803
v -0.37101148 0.67737697 -0.71788956
v -0.36210204 0.67810337 -0.71781467
v -0.35336162 0.67919299 -0.71812199
v -0.34459130 0.68028260 -0.71842660
v -0.33561206 0.68100901 -0.71834537
v -0.32661289 0.68173542 -0.71826234
v -0.31776280 0.68282504 -0.71855970
v -0.30855473 0.68318824 -0.71809084
v -0.29949573 0.68391465 -0.71800237
v -0.29057087 0.68500427 -0.71829295
v -0.28131792 0.68536747 -0.71782001
v -0.27219911 0.68609388 -0.71772611
v -0.26306035 0.68682029 -0.71763041
v -0.25403578 0.68790990 -0.71791194
v -0.24485216 0.68863631 -0.71781216
v -0.23589691 0.69008913 -0.71846686
v -0.22666343 0.69081554 -0.71836255
v -0.21752421 0.69190516 -0.71863368
v -0.20813666 0.69226836 -0.71814852
v -0.19894758 0.69335798 -0.71841512
v -0.18992705 0.69517400 -0.71943076
v -0.18085667 0.69699002 -0.72044188
v -0.17155791 0.69807964 -0.72069852
v -0.03749492 0.69953246 -0.70999823
v -0.02808176 0.70425412 -0.71391321
v -0.01845352 0.70570694 -0.71450682
v -0.00878087 0.70679655 -0.71472953
v 0.00092121 0.70752296 -0.71458270
v 0.01064869 0.70861258 -0.71480043
v 0.02040608 0.70970219 -0.71501545
v 0.03019338 0.71079181 -0.71522776
v 0.03999017 0.71151822 -0.71507233
v 0.04983231 0.71260783 -0.71527965
v 0.05970436 0.71369745 -0.71548426
v 0.06960632 0.71478706 -0.71568616
v 0.07953819 0.71587667 -0.71588534
v 0.08945463 0.71660308 -0.71571905
v 0.09944134 0.71769270 -0.71591326
v 0.10945796 0.71878231 -0.71610475
v 0.11956478 0.72023513 -0.71665493
v 0.12971149 0.72168795 -0.71720148
v 0.13989808 0.72314077 -0.71774442
v 0.15019980 0.72495679 -0.71864377
v 0.16047113 0.72640961 -0.71917902
v 0.17086757 0.72822564 -0.72006978
v 0.18122365 0.72967846 -0.72059733
v 0.19171481 0.73149448 -0.72147950
v 0.20205546 0.73258410 -0.72164158
v 0.21253119 0.73403691 -0.72215827
v 0.22293665 0.73512653 -0.72231447
v 0.23337202 0.73621614 -0.72246795
v 0.24371719 0.73694255 -0.72226275
v 0.25420740 0.73803217 -0.72241126
v 0.26459743 0.73875858 -0.72220199
v 0.27487233 0.73912178 -0.72163629
v 0.28487709 0.73875858 -0.72036137
v 0.29501692 0.73875858 -0.71944106
v 0.30500672 0.73839537 -0.71816750
v 0.31498655 0.73803217 -0.71689484
v 0.32511641 0.73803217 -0.71597544
v 0.33491630 0.73730576 -0.71435224
v 0.34435631 0.73585294 -0.71202796
v 0.35428131 0.73548973 -0.71076028
v 0.36437627 0.73548973 -0.70984405
v 0.37465616 0.73585294 -0.70927790
v -0.51896334 0.66128897 -0.72744652
v -0.51066539 0.66237187 -0.72780749
v -0.50206423 0.66309380 -0.72776957
v -0.49290647 0.66309380 -0.72693839
v -0.48401206 0.66345476 -0.72650249
v -0.47510767 0.66381573 -0.72606568
v -0.46568659 0.66345476 -0.72483924
v -0.45677223 0.66381573 -0.72440153
v -0.44784791 0.66417669 -0.72396291
v -0.43891361 0.66453766 -0.72352338
v -0.42973592 0.66453766 -0.72269040
v -0.42055823 0.66453766 -0.72185742
v -0.41138053 0.66453766 -0.72102443
v -0.40220284 0.66453766 -0.72019145
v -0.39302515 0.66453766 -0.71935847
v -0.38405596 0.66489862 -0.71891578
v -0.37507680 0.66525959 -0.71847218
v -0.36628619 0.66598152 -0.71841707
v -0.35747565 0.66670345 -0.71836014
v -0.34883372 0.66778635 -0.71868989
v -0.34016188 0.66886925 -0.71901692
v -0.33128155 0.66959118 -0.71895366
v -0.32238127 0.67031311 -0.71888859
v -0.31346105 0.67103504 -0.71882171
v -0.30452089 0.67175697 -0.71875302
v -0.29556079 0.67247890 -0.71868252
v -0.28642709 0.67283987 -0.71822490
v -0.27743209 0.67356180 -0.71815123
v -0.26812977 0.67356180 -0.71730694
v -0.25924357 0.67464470 -0.71761451
v -0.25006002 0.67500566 -0.71715236
v -0.24099523 0.67572759 -0.71707236
v -0.23203425 0.67681049 -0.71737315
v -0.22292460 0.67753242 -0.71728908
v -0.21379500 0.67825435 -0.71720319
v -0.20453667 0.67861532 -0.71673426
v -0.19547599 0.67969821 -0.71702600
v -0.18668188 0.68186401 -0.71845603
v -0.17773410 0.68366884 -0.71950075
v -0.16855876 0.68475173 -0.71978209
v -0.03646771 0.69052718 -0.71373516
v -0.02708595 0.69449780 -0.71696869
v -0.01752176 0.69558070 -0.71721473
v -0.00792767 0.69666360 -0.71745806
v 0.00169546 0.69738553 -0.71732738
v 0.01133266 0.69774649 -0.71682406
v 0.02100153 0.69882939 -0.71706060
v 0.03068448 0.69955132 -0.71692449
v 0.04038737 0.70027325 -0.71678657
v 0.05011020 0.70099518 -0.71664685
v 0.05985297 0.70171712 -0.71650531
v 0.06965146 0.70280001 -0.71673009
v 0.07947985 0.70388291 -0.71695215
v 0.08933816 0.70496581 -0.71717149
v 0.09917565 0.70568774 -0.71702136
v 0.10908879 0.70677063 -0.71723573
v 0.11903185 0.70785353 -0.71744738
v 0.12907050 0.70929739 -0.71802172
v 0.13907836 0.71038029 -0.71822750
v 0.14926744 0.71218512 -0.71915955
v 0.15942574 0.71362898 -0.71972304
v 0.16962391 0.71507284 -0.72028290
v 0.17977136 0.71615574 -0.72047601
v 0.19004431 0.71759960 -0.72102908
v 0.20045773 0.71940443 -0.72194078
v 0.21081543 0.72084829 -0.72248617
v 0.22110246 0.72193119 -0.72266660
v 0.23141941 0.72301409 -0.72284432
v 0.24176626 0.72409698 -0.72301932
v 0.25201752 0.72481891 -0.72283164
v 0.26228872 0.72554084 -0.72264214
v 0.27257985 0.72626278 -0.72245083
v 0.28275047 0.72662374 -0.72189910
v 0.29278561 0.72662374 -0.72098829
v 0.30282075 0.72662374 -0.72007749
v 0.31301131 0.72698471 -0.71952394
v 0.32273063 0.72626278 -0.71789906
v 0.33276079 0.72626278 -0.71698871
v 0.34245020 0.72554084 -0.71536655
v 0.35229502 0.72517988 -0.71410165
v 0.36158885 0.72373602 -0.71177266
v 0.36991615 0.72048733 -0.70767456
v -0.51313029 0.65072966 -0.72838696
v -0.50464298 0.65144711 -0.72836836
v -0.49586281 0.65180584 -0.72794732
v -0.48680477 0.65180584 -0.72712519
v -0.47800965 0.65216456 -0.72670280
v -0.46920456 0.65252329 -0.72627950
v -0.46013655 0.65252329 -0.72545647
v -0.45131650 0.65288201 -0.72503181
v -0.44248649 0.65324074 -0.72460624
v -0.43364651 0.65359947 -0.72417978
v -0.42479656 0.65395819 -0.72375240
v -0.41593663 0.65431692 -0.72332412
v -0.40684369 0.65431692 -0.72249883
v -0.39775074 0.65431692 -0.72167354
v -0.38844472 0.65395819 -0.72045305
v -0.37956486 0.65431692 -0.72002296
v -0.37067502 0.65467565 -0.71959197
v -0.36197334 0.65539310 -0.71955391
v -0.35325172 0.65611055 -0.71951405
v -0.34469831 0.65718673 -0.71986531
v -0.33611499 0.65826291 -0.72021386
v -0.32732358 0.65898036 -0.72016767
v -0.31851223 0.65969782 -0.72011966
v -0.30968093 0.66041527 -0.72006984
v -0.30050324 0.66041527 -0.71923686
v -0.29148379 0.66077399 -0.71879410
v -0.28230112 0.66077399 -0.71796066
v -0.27311844 0.66077399 -0.71712723
v -0.26407905 0.66113272 -0.71668266
v -0.25502969 0.66149145 -0.71623719
v -0.24597036 0.66185017 -0.71579081
v -0.23702939 0.66256763 -0.71573104
v -0.22806848 0.66328508 -0.71566946
v -0.21908763 0.66400253 -0.71560607
v -0.20997347 0.66436126 -0.71515471
v -0.20084933 0.66471998 -0.71470245
v -0.19192203 0.66579616 -0.71501978
v -0.18326009 0.66794852 -0.71648879
v -0.17453833 0.67010088 -0.71795236
v -0.16540294 0.67081833 -0.71787494
v -0.15516255 0.66687234 -0.71281102
v -0.03561895 0.68480866 -0.72075416
v -0.02615696 0.68624357 -0.72139883
v -0.01662903 0.68660229 -0.72090992
v -0.00709112 0.68696102 -0.72042010
v 0.00245676 0.68731975 -0.71992939
v 0.01201460 0.68767847 -0.71943776
v 0.02160492 0.68875465 -0.71969492
v 0.03120892 0.68947211 -0.71957497
v 0.04083286 0.69018956 -0.71945321
v 0.05045053 0.69054828 -0.71895615
v 0.06010936 0.69126574 -0.71883123
v 0.06978813 0.69198319 -0.71870449
v 0.07948684 0.69270064 -0.71857594
v 0.08925165 0.69377682 -0.71881726
v 0.09899523 0.69449427 -0.71868464
v 0.10870263 0.69485300 -0.71817945
v 0.11854221 0.69592918 -0.71841398
v 0.12841170 0.69700536 -0.71864579
v 0.13838218 0.69844026 -0.71924430
v 0.14831648 0.69951644 -0.71947024
v 0.15844278 0.70131008 -0.72043047
v 0.16844687 0.70238625 -0.72065007
v 0.17866290 0.70417989 -0.72160216
v 0.18873678 0.70525607 -0.72181542
v 0.19894156 0.70669097 -0.72239267
v 0.20918622 0.70812588 -0.72296630
v 0.21935981 0.70920206 -0.72317051
v 0.22956331 0.71027824 -0.72337201
v 0.23967579 0.71099569 -0.72320591
v 0.24993413 0.71207187 -0.72340244
v 0.26009147 0.71278932 -0.72323226
v 0.27026876 0.71350677 -0.72306028
v 0.28046599 0.71422423 -0.72288649
v 0.29068317 0.71494168 -0.72271088
v 0.30061860 0.71494168 -0.72180913
v 0.31055404 0.71494168 -0.72090737
v 0.32048948 0.71494168 -0.72000561
v 0.33042491 0.71494168 -0.71910386
v 0.34018957 0.71458295 -0.71784174
v 0.34994426 0.71422423 -0.71658052
v 0.35932748 0.71314805 -0.71460130
v 0.36756639 0.70991951 -0.71047076
v -0.50702934 0.63989447 -0.72876088
v -0.49863593 0.64060744 -0.72875980
v -0.48967759 0.64060744 -0.72794673
v -0.48098676 0.64096393 -0.72753829
v -0.47254848 0.64167690 -0.72753313
v -0.46357518 0.64167690 -0.72671870
v -0.45485444 0.64203339 -0.72630755
v -0.44612373 0.64238988 -0.72589549
v -0.43762563 0.64310285 -0.72588491
v -0.42886999 0.64345934 -0.72547059
v -0.42010438 0.64381583 -0.72505537
v -0.41132880 0.64417231 -0.72463924
v -0.40209796 0.64381583 -0.72342107
v -0.39353007 0.64452880 -0.72340415
v -0.38430421 0.64417231 -0.72218644
v -0.37591908 0.64524178 -0.72256647
v -0.36709864 0.64559826 -0.72214627
v -0.35826822 0.64595475 -0.72172516
v -0.34962057 0.64666772 -0.72170100
v -0.34114072 0.64773719 -0.72207243
v -0.33226544 0.64809367 -0.72164725
v -0.32338019 0.64845016 -0.72122117
v -0.31465776 0.64916313 -0.72119022
v -0.30557977 0.64916313 -0.72036629
v -0.29617613 0.64845016 -0.71875208
v -0.28679244 0.64773719 -0.71713969
v -0.27758153 0.64738070 -0.71592333
v -0.26852847 0.64738070 -0.71510166
v -0.25947541 0.64738070 -0.71427999
v -0.25042235 0.64738070 -0.71345832
v -0.24150220 0.64773719 -0.71302907
v -0.23270000 0.64845016 -0.71299088
v -0.22387787 0.64916313 -0.71295089
v -0.21491784 0.64951962 -0.71251802
v -0.20617378 0.65058908 -0.71286547
v -0.19696787 0.65023260 -0.71164956
v -0.18818393 0.65130206 -0.71199339
v -0.17966413 0.65344098 -0.71350227
v -0.17127056 0.65629288 -0.71578332
v -0.16253310 0.65807531 -0.71689208
v -0.15117090 0.64880665 -0.70597153
v -0.03453613 0.67447372 -0.72277131
v -0.02522361 0.67768211 -0.72534931
v -0.01574681 0.67768211 -0.72448918
v -0.00627001 0.67768211 -0.72362905
v 0.00320679 0.67768211 -0.72276892
v 0.01268360 0.67768211 -0.72190879
v 0.02217205 0.67803859 -0.72142796
v 0.03168713 0.67875157 -0.72132507
v 0.04120051 0.67910806 -0.72084198
v 0.05077709 0.68017752 -0.72111387
v 0.06035199 0.68089049 -0.72100555
v 0.06991024 0.68124698 -0.72051839
v 0.07956160 0.68231644 -0.72078348
v 0.08914976 0.68267293 -0.72029361
v 0.09879943 0.68338590 -0.72017850
v 0.10841252 0.68374239 -0.71968636
v 0.11803558 0.68409888 -0.71919331
v 0.12780159 0.68516834 -0.71944800
v 0.13759752 0.68623780 -0.71969998
v 0.14742336 0.68730726 -0.71994925
v 0.15736056 0.68873321 -0.72056876
v 0.16733764 0.69015916 -0.72118465
v 0.17735460 0.69158511 -0.72179693
v 0.18750785 0.69336754 -0.72277719
v 0.19750817 0.69443700 -0.72301062
v 0.20764478 0.69586295 -0.72361204
v 0.21770990 0.69693241 -0.72383958
v 0.22780494 0.69800188 -0.72406441
v 0.23780856 0.69871485 -0.72391718
v 0.24795844 0.69978431 -0.72413704
v 0.25813822 0.70085377 -0.72435417
v 0.26821163 0.70156675 -0.72420061
v 0.27830498 0.70227972 -0.72404524
v 0.28841827 0.70299270 -0.72388805
v 0.29855151 0.70370567 -0.72372906
v 0.30839223 0.70370567 -0.72283590
v 0.31839416 0.70406216 -0.72230847
v 0.32823986 0.70406216 -0.72141485
v 0.33774320 0.70334918 -0.71979160
v 0.34740277 0.70299270 -0.71853452
v 0.35650890 0.70156675 -0.71618660
v 0.36483061 0.69871485 -0.71238845
v 0.37116132 0.69229808 -0.70496743
v -0.50150790 0.62985287 -0.72978630
v -0.49292135 0.63020711 -0.72939182
v -0.48459692 0.63091561 -0.72940599
v -0.47545123 0.63056136 -0.72819106
v -0.46683976 0.63091561 -0.72779432
v -0.45847545 0.63162411 -0.72780486
v -0.44983905 0.63197835 -0.72740586
v -0.44168701 0.63304110 -0.72782053
v -0.43326288 0.63374959 -0.72782565
v -0.42505601 0.63481234 -0.72823534
v -0.41565817 0.63410384 -0.72661267
v -0.40650750 0.63374959 -0.72539728
v -0.39603335 0.63126986 -0.72175266
v -0.38801880 0.63268685 -0.72256466
v -0.37975211 0.63374959 -0.72296892
v -0.37145550 0.63481234 -0.72337047
v -0.36333128 0.63622933 -0.72417251
v -0.35477255 0.63693782 -0.72416541
v -0.34638621 0.63800057 -0.72455881
v -0.33722058 0.63764632 -0.72334207
v -0.32861200 0.63835482 -0.72333045
v -0.31945136 0.63800057 -0.72211416
v -0.31030068 0.63764632 -0.72089878
v -0.30049036 0.63587508 -0.71808411
v -0.29072989 0.63410384 -0.71527397
v -0.28196388 0.63445809 -0.71486321
v -0.27303545 0.63445809 -0.71405285
v -0.26410701 0.63445809 -0.71324249
v -0.25532106 0.63481234 -0.71282991
v -0.24652513 0.63516659 -0.71241643
v -0.23771924 0.63552083 -0.71200205
v -0.22890337 0.63587508 -0.71158676
v -0.22007753 0.63622933 -0.71117056
v -0.21112417 0.63622933 -0.71035794
v -0.20239595 0.63693782 -0.71033546
v -0.19321745 0.63622933 -0.70873270
v -0.18436669 0.63658358 -0.70831424
v -0.17550596 0.63693782 -0.70789488
v -0.16682051 0.63800057 -0.70826113
v -0.15792987 0.63835482 -0.70783906
v -0.03353846 0.66563191 -0.72618277
v -0.02426138 0.66811164 -0.72803473
v -0.01485936 0.66811164 -0.72718139
v -0.00545733 0.66811164 -0.72632805
v 0.00394469 0.66811164 -0.72547470
v 0.01335379 0.66846589 -0.72500557
v 0.02278493 0.66917439 -0.72491929
v 0.03221895 0.66952864 -0.72444790
v 0.04168498 0.67023713 -0.72435845
v 0.05117095 0.67094563 -0.72426719
v 0.06070887 0.67200837 -0.72455608
v 0.07020271 0.67236262 -0.72407925
v 0.07970653 0.67271687 -0.72360152
v 0.08926728 0.67342536 -0.72350348
v 0.09874408 0.67342536 -0.72264335
v 0.10822088 0.67342536 -0.72178322
v 0.11775960 0.67377961 -0.72130232
v 0.12730829 0.67413386 -0.72082052
v 0.13693883 0.67484236 -0.72071614
v 0.14658931 0.67555085 -0.72060995
v 0.15642344 0.67696784 -0.72125680
v 0.16621061 0.67803059 -0.72152306
v 0.17621134 0.67980183 -0.72253965
v 0.18616511 0.68121882 -0.72317564
v 0.19605697 0.68228156 -0.72343239
v 0.20619230 0.68405280 -0.72443676
v 0.21615396 0.68511555 -0.72468718
v 0.22626227 0.68653254 -0.72530915
v 0.23616700 0.68724103 -0.72517988
v 0.24621838 0.68830378 -0.72542216
v 0.25616797 0.68901227 -0.72528883
v 0.26627419 0.69007502 -0.72552613
v 0.27641033 0.69113776 -0.72576071
v 0.28642971 0.69184626 -0.72562104
v 0.29631739 0.69220051 -0.72510848
v 0.30637167 0.69290900 -0.72496564
v 0.31612265 0.69290900 -0.72408062
v 0.32587364 0.69290900 -0.72319561
v 0.33528145 0.69220051 -0.72157203
v 0.34484589 0.69184626 -0.72031910
v 0.35421881 0.69113776 -0.71869869
v 0.36226598 0.68794953 -0.71450464
v 0.36907426 0.68263581 -0.70811391
v -0.47073039 0.62129543 -0.72992398
v -0.46166985 0.62094342 -0.72871228
v -0.45313275 0.62129543 -0.72832679
v -0.44483742 0.62199945 -0.72835259
v -0.43701568 0.62340748 -0.72920006
v -0.42867051 0.62411150 -0.72922134
v -0.42030539 0.62481552 -0.72924080
v -0.41192033 0.62551954 -0.72925846
v -0.40102030 0.62235146 -0.72476502
v -0.38843531 0.61636731 -0.71700386
v -0.38079053 0.61812735 -0.71825675
v -0.37394338 0.62129543 -0.72113943
v -0.36700648 0.62446351 -0.72401396
v -0.35957607 0.62692757 -0.72606500
v -0.35109131 0.62763159 -0.72607360
v -0.34239468 0.62798360 -0.72567363
v -0.33256644 0.62622355 -0.72283486
v -0.32260610 0.62411150 -0.71959476
v -0.31305952 0.62270347 -0.71717090
v -0.30355282 0.62129543 -0.71475066
v -0.29425300 0.62023941 -0.71273855
v -0.28563116 0.62059141 -0.71234537
v -0.27715636 0.62129543 -0.71235488
v -0.26896572 0.62270347 -0.71316887
v -0.26029402 0.62305548 -0.71277116
v -0.25175442 0.62375949 -0.71277479
v -0.24305780 0.62411150 -0.71237482
v -0.23435120 0.62446351 -0.71197394
v -0.22538039 0.62411150 -0.71077039
v -0.21666383 0.62446351 -0.71036861
v -0.20758585 0.62375949 -0.70876598
v -0.04115832 0.64593604 -0.71818968
v -0.03251643 0.65614430 -0.72869643
v -0.02328637 0.65790434 -0.72980544
v -0.01397657 0.65825635 -0.72934981
v -0.00465431 0.65825635 -0.72850371
v 0.00467045 0.65860836 -0.72804673
v 0.01401266 0.65931238 -0.72797751
v 0.02338728 0.66036840 -0.72829470
v 0.03280925 0.66177644 -0.72899694
v 0.04224868 0.66283246 -0.72930824
v 0.05171801 0.66388849 -0.72961684
v 0.06118485 0.66459251 -0.72953631
v 0.07063424 0.66494452 -0.72906801
v 0.08009360 0.66529652 -0.72859881
v 0.08951556 0.66529652 -0.72774366
v 0.09883283 0.66459251 -0.72611931
v 0.10813016 0.66388849 -0.72449678
v 0.11753218 0.66388849 -0.72364343
v 0.12686691 0.66353648 -0.72240685
v 0.13633623 0.66388849 -0.72193675
v 0.14581553 0.66424050 -0.72146574
v 0.15538706 0.66494452 -0.72137571
v 0.16515301 0.66635255 -0.72204673
v 0.17486662 0.66740858 -0.72233315
v 0.18461014 0.66846460 -0.72261685
v 0.19469017 0.67057666 -0.72403806
v 0.20472284 0.67233670 -0.72507422
v 0.21469318 0.67374473 -0.72572669
v 0.22458626 0.67480076 -0.72599682
v 0.23450924 0.67585679 -0.72626424
v 0.24471639 0.67761683 -0.72728457
v 0.25457706 0.67832085 -0.72716829
v 0.26459476 0.67937687 -0.72742711
v 0.27450029 0.68008089 -0.72730677
v 0.28457283 0.68113692 -0.72756061
v 0.29452323 0.68184094 -0.72743619
v 0.30433654 0.68219294 -0.72693487
v 0.31399779 0.68219294 -0.72605800
v 0.32365904 0.68219294 -0.72518113
v 0.33297631 0.68148893 -0.72355678
v 0.34245062 0.68113692 -0.72230753
v 0.35173299 0.68043290 -0.72068635
v 0.36006069 0.67796884 -0.71720507
v 0.36716700 0.67339273 -0.71149857
v -0.44908625 0.61279622 -0.73077374
v -0.42360833 0.61384553 -0.72964285
v -0.41438659 0.61314599 -0.72801819
v -0.40263937 0.60859898 -0.72183202
v -0.39192743 0.60545106 -0.71731520
v -0.38196951 0.60335244 -0.71404834
v -0.37250431 0.60195336 -0.71161389
v -0.36392484 0.60195336 -0.71083520
v -0.35555185 0.60230313 -0.71046910
v -0.34757186 0.60335244 -0.71092635
v -0.33995498 0.60510129 -0.71220425
v -0.33228824 0.60685014 -0.71347762
v -0.32419859 0.60789944 -0.71392492
v -0.31571592 0.60824921 -0.71354886
v -0.30739984 0.60894875 -0.71358177
v -0.29906383 0.60964829 -0.71361287
v -0.29087447 0.61069760 -0.71405112
v -0.28217036 0.61069760 -0.71326112
v -0.27315301 0.60999806 -0.71165500
v -0.26461052 0.61034783 -0.71127351
v -0.25620472 0.61104737 -0.71129828
v -0.24763730 0.61139714 -0.71091453
v -0.23892323 0.61139714 -0.71012362
v -0.23007746 0.61104737 -0.70892692
v -0.22124166 0.61069760 -0.70773113
v -0.03995323 0.63448193 -0.71805845
v -0.03133613 0.64322617 -0.72712244
v -0.02227690 0.64637409 -0.72984480
v 0.00538987 0.64987179 -0.73127215
v 0.08989824 0.65826626 -0.73305428
v 0.09922757 0.65791649 -0.73181369
v 0.10860467 0.65791649 -0.73096261
v 0.11791905 0.65756672 -0.72972338
v 0.12729116 0.65756672 -0.72887275
v 0.13666327 0.65756672 -0.72802212
v 0.14603539 0.65756672 -0.72717149
v 0.15549016 0.65791649 -0.72670720
v 0.16495491 0.65826626 -0.72624201
v 0.17452226 0.65896580 -0.72616135
v 0.18410956 0.65966533 -0.72607888
v 0.19381939 0.66071464 -0.72637913
v 0.20366673 0.66211372 -0.72706074
v 0.21355395 0.66351280 -0.72773874
v 0.22348105 0.66491188 -0.72841311
v 0.23332549 0.66596119 -0.72870114
v 0.24332736 0.66736026 -0.72936873
v 0.25323661 0.66840957 -0.72965088
v 0.26317576 0.66945888 -0.72993032
v 0.27314483 0.67050819 -0.73020704
v 0.28299633 0.67120773 -0.73010059
v 0.29286778 0.67190727 -0.72999233
v 0.30260173 0.67225704 -0.72950270
v 0.31218322 0.67225704 -0.72863307
v 0.32176471 0.67225704 -0.72776344
v 0.33100140 0.67155750 -0.72613741
v 0.34021816 0.67085796 -0.72451320
v 0.34923261 0.66980865 -0.72251350
v 0.35746774 0.66736026 -0.71900916
v 0.36332503 0.66071464 -0.71099452
v -0.42672805 0.60296510 -0.72984846
v -0.41735589 0.60192251 -0.72780281
v -0.40612577 0.59809968 -0.72240182
v -0.39500533 0.59427684 -0.71701078
v -0.38580266 0.59323425 -0.71498052
v -0.37685092 0.59253919 -0.71337137
v -0.36835122 0.59253919 -0.71259992
v -0.35985151 0.59253919 -0.71182847
v -0.35176394 0.59323425 -0.71189111
v -0.34365643 0.59392931 -0.71195193
v -0.33552899 0.59462437 -0.71201095
v -0.32719048 0.59497190 -0.71165247
v -0.31940040 0.59636203 -0.71253879
v -0.31157044 0.59775215 -0.71342148
v -0.30334827 0.59844721 -0.71347190
v -0.29493499 0.59879474 -0.71310664
v -0.28651174 0.59914227 -0.71274047
v -0.27759490 0.59844721 -0.71113449
v -0.26901044 0.59844721 -0.71035535
v -0.26027475 0.59809968 -0.70916414
v -0.25184153 0.59844721 -0.70879707
v -0.24325707 0.59844721 -0.70801793
v -0.04610722 0.60227004 -0.69450601
v -0.03880838 0.62381692 -0.71854056
v -0.03015944 0.63007247 -0.72492567
v -0.02127278 0.63459036 -0.72929751
v 0.15583600 0.65196688 -0.73313976
v 0.16518817 0.65196688 -0.73229094
v 0.17454035 0.65196688 -0.73144213
v 0.18408857 0.65266194 -0.73137219
v 0.19355372 0.65300947 -0.73091146
v 0.20324483 0.65405206 -0.73122689
v 0.21285287 0.65474712 -0.73115153
v 0.31968960 0.66204526 -0.72981997
v 0.32884074 0.66135019 -0.72819271
v 0.33797194 0.66065513 -0.72656727
v 0.34635211 0.65856995 -0.72341664
v 0.35429695 0.65578971 -0.71950885
v 0.35984912 0.64883910 -0.71103814
v -0.42160609 0.59286483 -0.72993190
v -0.41184375 0.59113837 -0.72703168
v -0.40142452 0.58837604 -0.72286334
v -0.39177683 0.58664959 -0.71997353
v -0.38263021 0.58561371 -0.71793487
v -0.37373412 0.58492313 -0.71632178
v -0.36464234 0.58388726 -0.71428809
v -0.35600177 0.58354197 -0.71310102
v -0.34757684 0.58354197 -0.71233636
v -0.33915191 0.58354197 -0.71157170
v -0.33111837 0.58423255 -0.71164823
v -0.32306489 0.58492313 -0.71172295
v -0.31554865 0.58664959 -0.71305494
v -0.30762107 0.58768546 -0.71354392
v -0.29948783 0.58837604 -0.71361140
v -0.29082234 0.58803075 -0.71242207
v -0.28216681 0.58768546 -0.71123365
v -0.27336046 0.58699488 -0.70962870
v -0.26472986 0.58664959 -0.70844254
v -0.04517013 0.59528186 -0.69858579
v -0.03767891 0.61323700 -0.71885325
v -0.02910117 0.61910695 -0.72492290
v -0.02027522 0.62255986 -0.72815018
v 0.32718594 0.65225490 -0.73125777
v 0.33589016 0.65087373 -0.72885642
v 0.34437131 0.64914728 -0.72607249
v 0.35186181 0.64569437 -0.72136430
v 0.35654856 0.63740738 -0.71127090
v -0.40850922 0.58353127 -0.72994435
v -0.39932393 0.58250211 -0.72788869
v -0.38993836 0.58112991 -0.72540752
v -0.38059268 0.57975770 -0.72292997
v -0.37128688 0.57838549 -0.72045605
v -0.36223619 0.57735633 -0.71841260
v -0.35321541 0.57632718 -0.71637187
v -0.34463507 0.57598413 -0.71518578
v -0.33646525 0.57632718 -0.71485160
v -0.32828546 0.57667023 -0.71451652
v -0.32028601 0.57735633 -0.71460513
v -0.31226662 0.57804244 -0.71469194
v -0.30440762 0.57907159 -0.71520063
v -0.29599266 0.57907159 -0.71443688
v -0.28723697 0.57838549 -0.71282754
v -0.27850121 0.57769939 -0.71122001
v -0.26994580 0.57735633 -0.71003617
v -0.26124494 0.57667023 -0.70843181
v -0.04429191 0.58902010 -0.70340465
v -0.03673130 0.60548659 -0.72227025
v -0.02813822 0.60994626 -0.72678561
v -0.01936132 0.61269068 -0.72924764
v 0.33397402 0.64150704 -0.73139402
v 0.34201121 0.63910568 -0.72781324
v 0.34979005 0.63636126 -0.72384858
v 0.35419875 0.62778496 -0.71326521
v -0.39746296 0.57699587 -0.73329366
v -0.38856351 0.57631424 -0.73166229
v -0.37945920 0.57529180 -0.72960049
v -0.37038480 0.57426936 -0.72754141
v -0.36134031 0.57324693 -0.72548504
v -0.35211589 0.57188368 -0.72300052
v -0.34334106 0.57120205 -0.72138045
v -0.33438631 0.57017961 -0.71933223
v -0.32604612 0.57017961 -0.71857526
v -0.31770594 0.57017961 -0.71781829
v -0.30936575 0.57017961 -0.71706132
v -0.30084564 0.56983880 -0.71587620
v -0.29251044 0.56983880 -0.71511968
v -0.28366536 0.56881636 -0.71308141
v -0.27485019 0.56779392 -0.71104586
v -0.26622492 0.56711230 -0.70943936
v -0.04357170 0.58483456 -0.71064588
v -0.03583341 0.59846707 -0.72641652
v -0.02727993 0.60289763 -0.73099392
v 0.34000532 0.62982183 -0.73019265
v 0.34713923 0.62607289 -0.72501510
v 0.35047831 0.61584851 -0.71235729
v -0.36904471 0.56948057 -0.73374538
v -0.35980197 0.56812628 -0.73124122
v -0.35059910 0.56677198 -0.72874067
v -0.34143612 0.56541769 -0.72624374
v -0.33251249 0.56440197 -0.72418486
v -0.32381326 0.56372482 -0.72256266
v -0.31513396 0.56304768 -0.72094227
v -0.30665911 0.56270910 -0.71975676
v -0.29801471 0.56203195 -0.71813954
v -0.28921571 0.56101623 -0.71609197
v -0.28010751 0.55932337 -0.71318369
v -0.27154287 0.55864622 -0.71157371
v -0.26315776 0.55830765 -0.71039635
v -0.25478262 0.55796907 -0.70921989
v -0.24626783 0.55729193 -0.70761443
v -0.04260244 0.57726776 -0.71369230
v -0.03470278 0.58742496 -0.72546492
v -0.02629378 0.59284214 -0.73136282
v 0.33761851 0.61992802 -0.73163914
v 0.34409510 0.61518799 -0.72522284
v 0.34946029 0.60875509 -0.71682580
v -0.33994414 0.56033287 -0.73193220
v -0.33124073 0.55966020 -0.73030063
v -0.32236317 0.55865120 -0.72823245
v -0.31332644 0.55730586 -0.72572900
v -0.30488191 0.55696952 -0.72454174
v -0.29644736 0.55663319 -0.72335539
v -0.28593312 0.55226084 -0.71693050
v -0.27791663 0.55259718 -0.71662373
v -0.26857683 0.55024284 -0.71283033
v -0.26089865 0.55125184 -0.71339589
v -0.25226537 0.55024284 -0.71134987
v -0.24366200 0.54923384 -0.70930657
v -0.04878599 0.55495152 -0.69877316
v -0.04156834 0.56874122 -0.71537150
v -0.03376552 0.57950392 -0.72812940
v 0.34293257 0.60775600 -0.72928814
v 0.34648734 0.59833864 -0.71718267
v -0.44525756 1.21156155 -0.70785666
v -0.43162095 1.21406721 -0.70970922
v -0.41744069 1.21306518 -0.70959353
v -0.40324059 1.21206055 -0.70947700
v -0.38892938 1.21018224 -0.70886947
v -0.45639696 1.18614210 -0.70933452
v -0.44318030 1.18953533 -0.71174509
v -0.42911721 1.18768959 -0.71114809
v -0.41505412 1.18584385 -0.71055109
v -0.40109240 1.18486606 -0.71045367
v -0.38701939 1.18301902 -0.70985624
v -0.37302790 1.18203732 -0.70975756
v -0.35894496 1.18018898 -0.70915971
v -0.34492370 1.17920338 -0.70905976
v -0.33088258 1.17821517 -0.70895897
v -0.23203901 1.17122477 -0.70822981
v -0.21778382 1.17191775 -0.70911047
v -0.20354421 1.17090349 -0.70900125
v -0.46689932 1.16000189 -0.70984986
v -0.45399150 1.16340902 -0.71232745
v -0.44043921 1.16333074 -0.71276064
v -0.42672581 1.16238111 -0.71268275
v -0.41288106 1.16056402 -0.71209501
v -0.39903631 1.15874694 -0.71150728
v -0.38519156 1.15692986 -0.71091955
v -0.37134681 1.15511278 -0.71033182
v -0.35757386 1.15415532 -0.71025139
v -0.34371918 1.15233694 -0.70966324
v -0.32991646 1.15137558 -0.70958154
v -0.31609388 1.15041161 -0.70949901
v -0.30225146 1.14944504 -0.70941563
v -0.28838918 1.14847587 -0.70933142
v -0.27450706 1.14750409 -0.70924635
v -0.26060509 1.14652970 -0.70916045
v -0.24666807 1.14725113 -0.71008157
v -0.23270655 1.14626893 -0.70999314
v -0.21872518 1.14528413 -0.70990387
v -0.20476133 1.14345141 -0.70931108
v -0.19089209 1.13993070 -0.70771379
v -0.48954669 1.13144879 -0.70786539
v -0.47705689 1.13488416 -0.71041462
v -0.46429660 1.13743825 -0.71243913
v -0.45101267 1.13738631 -0.71290169
v -0.43755750 1.13646613 -0.71284374
v -0.42408248 1.13554334 -0.71278494
v -0.41047592 1.13375752 -0.71220732
v -0.39697113 1.13283082 -0.71214726
v -0.38335465 1.13104370 -0.71156922
v -0.36982008 1.13011309 -0.71150790
v -0.35619367 1.12832467 -0.71092943
v -0.34262933 1.12739016 -0.71086684
v -0.32899300 1.12560043 -0.71028796
v -0.31544110 1.12551332 -0.71073914
v -0.30181722 1.12457099 -0.71067403
v -0.28817348 1.12362606 -0.71060807
v -0.27452234 1.12352593 -0.71105504
v -0.26082898 1.12257448 -0.71098697
v -0.24710837 1.12246523 -0.71143099
v -0.23338272 1.12066378 -0.71084832
v -0.21968431 1.11802014 -0.70975355
v -0.20600576 1.11537910 -0.70865964
v -0.19182895 1.12197612 -0.71319022
v -0.51290413 1.11166852 -0.71059429
v -0.49982629 1.11079343 -0.71056134
v -0.48707147 1.11164338 -0.71158655
v -0.47409560 1.11162300 -0.71208015
v -0.46108003 1.11159740 -0.71257207
v -0.44816642 1.11242652 -0.71359054
v -0.43479805 1.11067196 -0.71302303
v -0.42155149 1.10977471 -0.71298292
v -0.40828509 1.10887487 -0.71294196
v -0.39499883 1.10797242 -0.71290016
v -0.38169273 1.10706736 -0.71285752
v -0.36836678 1.10615970 -0.71281404
v -0.35494878 1.10439862 -0.71224442
v -0.34159306 1.10348705 -0.71219967
v -0.32816514 1.10172468 -0.71162963
v -0.31482205 1.10165610 -0.71210765
v -0.30140678 1.10073671 -0.71206037
v -0.28797166 1.09981472 -0.71201225
v -0.27451669 1.09889013 -0.71196329
v -0.26104186 1.09796292 -0.71191349
v -0.24753999 1.09787350 -0.71238476
v -0.23399842 1.09777887 -0.71285435
v -0.22052536 1.09432791 -0.71123795
v -0.20705502 1.09171864 -0.71014388
v -0.19346383 1.09161750 -0.71061137
v -0.52119054 1.08506644 -0.70913680
v -0.50914680 1.08767019 -0.71128157
v -0.49645913 1.08767875 -0.71180537
v -0.48373177 1.08768210 -0.71232749
v -0.47080299 1.08682213 -0.71230985
v -0.45800616 1.08681637 -0.71282902
v -0.44502776 1.08594988 -0.71280928
v -0.43216145 1.08593500 -0.71332550
v -0.41913343 1.08506200 -0.71330364
v -0.40608556 1.08418639 -0.71328095
v -0.39301785 1.08330819 -0.71325741
v -0.37993028 1.08242737 -0.71323303
v -0.36682287 1.08154395 -0.71320781
v -0.35369560 1.08065793 -0.71318174
v -0.34054849 1.07976930 -0.71315483
v -0.32738152 1.07887806 -0.71312708
v -0.31419471 1.07798422 -0.71309849
v -0.30098805 1.07708778 -0.71306905
v -0.28776154 1.07618873 -0.71303878
v -0.27451518 1.07528708 -0.71300765
v -0.26124897 1.07438281 -0.71297569
v -0.24795591 1.07431192 -0.71347379
v -0.23465701 1.07256648 -0.71290923
v -0.22138497 1.06998767 -0.71181461
v -0.20824312 1.06491528 -0.70913188
v -0.52958521 1.06120675 -0.70883734
v -0.51842515 1.06640164 -0.71268511
v -0.50595622 1.06643003 -0.71323617
v -0.49308408 1.06474060 -0.71268973
v -0.48055560 1.06476118 -0.71323826
v -0.46782551 1.06392285 -0.71323803
v -0.45507558 1.06308191 -0.71323697
v -0.44244785 1.06308946 -0.71378129
v -0.42964830 1.06224200 -0.71377812
v -0.41695110 1.06224044 -0.71431948
v -0.40410192 1.06138647 -0.71431421
v -0.39123289 1.06052990 -0.71430809
v -0.37834401 1.05967073 -0.71430113
v -0.36543529 1.05880895 -0.71429332
v -0.35250671 1.05794456 -0.71428467
v -0.33955829 1.05707757 -0.71427518
v -0.32659001 1.05620797 -0.71426485
v -0.31360189 1.05533577 -0.71425368
v -0.30059392 1.05446096 -0.71424166
v -0.28756609 1.05358355 -0.71422880
v -0.27451842 1.05270354 -0.71421509
v -0.26145090 1.05182091 -0.71420055
v -0.24836354 1.05093569 -0.71418516
v -0.23527305 1.04921760 -0.71362945
v -0.22220923 1.04667056 -0.71253467
v -0.20905550 1.04660908 -0.71305666
v -0.54866943 1.03398615 -0.70528336
v -0.53862251 1.04177566 -0.71089779
v -0.52645171 1.04183431 -0.71147947
v -0.51464482 1.04359674 -0.71317495
v -0.50218290 1.04278916 -0.71319509
v -0.48970112 1.04197898 -0.71321440
v -0.47737153 1.04201678 -0.71378934
v -0.46484013 1.04120008 -0.71380653
v -0.45228889 1.04038078 -0.71382289
v -0.43971779 1.03955887 -0.71383840
v -0.42712685 1.03873436 -0.71385307
v -0.41463846 1.03875132 -0.71442127
v -0.40199790 1.03792030 -0.71443383
v -0.38923492 1.03624520 -0.71389202
v -0.37665722 1.03625043 -0.71445643
v -0.36395710 1.03541159 -0.71446646
v -0.35123714 1.03457015 -0.71447566
v -0.33849733 1.03372610 -0.71448401
v -0.32573767 1.03287944 -0.71449151
v -0.31295816 1.03203018 -0.71449818
v -0.30015880 1.03117832 -0.71450400
v -0.28736275 1.03115490 -0.71505914
v -0.27451377 1.03029652 -0.71506285
v -0.26164162 1.02860709 -0.71451641
v -0.24876948 1.02691766 -0.71396997
v -0.23589734 1.02522823 -0.71342352
v -0.22305166 1.02271426 -0.71232903
v -0.21077161 1.00785434 -0.70302091
v -0.55681066 1.01382252 -0.70632538
v -0.54683188 1.02074857 -0.71148336
v -0.53554537 1.02338511 -0.71379502
v -0.52288805 1.02090030 -0.71269954
v -0.51085659 1.02096836 -0.71330510
v -0.49859336 1.02018242 -0.71334267
v -0.48631027 1.01939387 -0.71337939
v -0.47417956 1.01944890 -0.71398074
v -0.46184685 1.01865384 -0.71401535
v -0.44949430 1.01785618 -0.71404913
v -0.43712189 1.01705591 -0.71408206
v -0.42472964 1.01625304 -0.71411414
v -0.41244014 1.01628722 -0.71470875
v -0.39999826 1.01547784 -0.71473873
v -0.38753653 1.01466585 -0.71476787
v -0.37505495 1.01385125 -0.71479617
v -0.36255353 1.01303405 -0.71482362
v -0.35003225 1.01221424 -0.71485023
v -0.33749113 1.01139183 -0.71487600
v -0.32493016 1.01056681 -0.71490093
v -0.31234934 1.00973919 -0.71492501
v -0.29974867 1.00890896 -0.71494825
v -0.28715150 1.00890277 -0.71552980
v -0.27450121 1.00806603 -0.71555093
v -0.26183107 1.00722668 -0.71557122
v -0.24915391 1.00473927 -0.71447490
v -0.23643124 1.00554018 -0.71560928
v -0.22372781 1.00387289 -0.71506999
v -0.58633813 0.98926223 -0.70282961
v -0.57667521 0.99536621 -0.70752369
v -0.56607818 0.99889019 -0.71047669
v -0.55536206 1.00239854 -0.71342463
v -0.54359895 1.00249293 -0.71405955
v -0.53135206 1.00088556 -0.71353965
v -0.51952941 1.00097215 -0.71417204
v -0.50746486 1.00020784 -0.71422703
v -0.49538046 0.99944094 -0.71428117
v -0.48327622 0.99867143 -0.71433446
v -0.47115212 0.99789931 -0.71438692
v -0.45900818 0.99712459 -0.71443853
v -0.44684438 0.99634726 -0.71448930
v -0.43466074 0.99556733 -0.71453923
v -0.42245725 0.99478479 -0.71458831
v -0.41023391 0.99399965 -0.71463656
v -0.39810360 0.99404585 -0.71525589
v -0.38583063 0.99325419 -0.71530203
v -0.37344479 0.99162859 -0.71477623
v -0.36114206 0.99083302 -0.71482110
v -0.34881947 0.99003485 -0.71486513
v -0.33647704 0.98923408 -0.71490831
v -0.32411475 0.98843070 -0.71495066
v -0.31173262 0.98762472 -0.71499216
v -0.29933064 0.98681613 -0.71503282
v -0.28690880 0.98600493 -0.71507263
v -0.27448076 0.98601206 -0.71567933
v -0.26200930 0.98519435 -0.71571704
v -0.24953043 0.98273740 -0.71462015
v -0.23703913 0.98191709 -0.71465701
v -0.22494504 0.96804276 -0.70563645
v -0.60653051 0.97513106 -0.70650024
v -0.59690515 0.98038533 -0.71070064
v -0.58684914 0.98476837 -0.71430663
v -0.57586836 0.98658596 -0.71614499
v -0.56430414 0.98669758 -0.71680632
v -0.55197394 0.98426458 -0.71570676
v -0.54012793 0.98352453 -0.71578000
v -0.52803983 0.98193800 -0.71526684
v -0.51616404 0.98119403 -0.71533882
v -0.50426841 0.98044746 -0.71540996
v -0.49216046 0.97885833 -0.71489595
v -0.48023505 0.97810785 -0.71496583
v -0.46828980 0.97735477 -0.71503486
v -0.45632469 0.97659908 -0.71510305
v -0.44418697 0.97500604 -0.71458778
v -0.43219209 0.97424644 -0.71465471
v -0.42017736 0.97348424 -0.71472079
v -0.40814278 0.97271943 -0.71478603
v -0.39620143 0.97278155 -0.71543135
v -0.38411723 0.97201023 -0.71549448
v -0.37201319 0.97123631 -0.71555677
v -0.35988929 0.97045978 -0.71561822
v -0.34774554 0.96968064 -0.71567882
v -0.33551849 0.96807588 -0.71515977
v -0.32334497 0.96729284 -0.71521911
v -0.31115160 0.96650719 -0.71527760
v -0.29897206 0.96653805 -0.71591282
v -0.28670532 0.96492808 -0.71539207
v -0.27445240 0.96413461 -0.71544804
v -0.26217964 0.96333854 -0.71550317
v -0.24989906 0.96091206 -0.71440571
v -0.23762239 0.95930078 -0.71388455
v -0.22560441 0.94957650 -0.70761310
v -0.61381716 0.95780983 -0.70820124
v -0.60530732 0.96560576 -0.71427619
v -0.59488720 0.96828944 -0.71675939
v -0.58355164 0.96842219 -0.71744840
v -0.57191424 0.96770507 -0.71753948
v -0.56000478 0.96614199 -0.71703391
v -0.54785303 0.96373685 -0.71593294
v -0.53618586 0.96301583 -0.71602276
v -0.52449884 0.96229220 -0.71611173
v -0.51279197 0.96156596 -0.71619987
v -0.50086266 0.96000028 -0.71569345
v -0.48893335 0.95843459 -0.71518703
v -0.47718678 0.95770314 -0.71527348
v -0.46524754 0.95613615 -0.71476664
v -0.45347120 0.95540080 -0.71485182
v -0.44167501 0.95466284 -0.71493617
v -0.42985898 0.95392228 -0.71501967
v -0.41802309 0.95317911 -0.71510232
v -0.40616735 0.95243334 -0.71518414
v -0.39440504 0.95251008 -0.71585503
v -0.38249968 0.95175779 -0.71593474
v -0.37048104 0.95018038 -0.71542453
v -0.35854591 0.94942419 -0.71550297
v -0.34659093 0.94866539 -0.71558057
v -0.33461610 0.94790399 -0.71565733
v -0.32262142 0.94713998 -0.71573325
v -0.31060689 0.94637336 -0.71580832
v -0.29857251 0.94560414 -0.71588255
v -0.28649433 0.94401891 -0.71536981
v -0.27443018 0.94324579 -0.71544278
v -0.26234617 0.94247005 -0.71551491
v -0.25024815 0.94088222 -0.71500132
v -0.23813437 0.94010258 -0.71507219
v -0.22610343 0.93609279 -0.71280612
v -0.62109186 0.94143490 -0.71020835
v -0.61163409 0.94583432 -0.71396550
v -0.60174526 0.94937135 -0.71711027
v -0.59032640 0.94867847 -0.71721962
v -0.57861543 0.94714144 -0.71672247
v -0.56716680 0.94644466 -0.71683055
v -0.55544590 0.94490633 -0.71633297
v -0.54372500 0.94336800 -0.71583540
v -0.53223667 0.94266600 -0.71594180
v -0.52072849 0.94196141 -0.71604735
v -0.50920046 0.94125420 -0.71615206
v -0.49765259 0.94054440 -0.71625593
v -0.48589199 0.93900085 -0.71575667
v -0.47431434 0.93828714 -0.71585928
v -0.46254382 0.93674229 -0.71535960
v -0.45093640 0.93602467 -0.71546094
v -0.43915595 0.93447852 -0.71496084
v -0.42751875 0.93375699 -0.71506091
v -0.41586171 0.93303285 -0.71516015
v -0.40418481 0.93230611 -0.71525854
v -0.39260153 0.93239748 -0.71595500
v -0.38087501 0.93166422 -0.71605128
v -0.36912864 0.93092837 -0.71614672
v -0.35727873 0.92937310 -0.71564367
v -0.34550258 0.92863333 -0.71573785
v -0.33370659 0.92789096 -0.71583118
v -0.32189075 0.92714598 -0.71592368
v -0.31005506 0.92639840 -0.71601533
v -0.29819952 0.92564822 -0.71610613
v -0.28629998 0.92408644 -0.71560098
v -0.27441467 0.92333234 -0.71569052
v -0.26250951 0.92257564 -0.71577922
v -0.25059012 0.92101126 -0.71527322
v -0.23867073 0.91944687 -0.71476723
v -0.22700609 0.90985775 -0.70833110
v -0.64783184 0.92053550 -0.70734458
v -0.63782603 0.92242778 -0.70933213
v -0.62741874 0.92346599 -0.71069955
v -0.61788838 0.92702343 -0.71391344
v -0.60763446 0.92888314 -0.71589045
v -0.59671652 0.92905295 -0.71663312
v -0.58547650 0.92837911 -0.71675904
v -0.57394417 0.92686553 -0.71626948
v -0.56241184 0.92535194 -0.71577991
v -0.55113213 0.92467289 -0.71590414
v -0.53983256 0.92399124 -0.71602754
v -0.52851314 0.92330698 -0.71615009
v -0.51717388 0.92262011 -0.71627179
v -0.50560185 0.92110131 -0.71578054
v -0.49423281 0.92041054 -0.71590099
v -0.48284392 0.91971716 -0.71602059
v -0.47125205 0.91819576 -0.71552849
v -0.45983338 0.91749847 -0.71564683
v -0.44839487 0.91679858 -0.71576432
v -0.43678315 0.91527458 -0.71527139
v -0.42531486 0.91457078 -0.71538762
v -0.41382673 0.91386437 -0.71550300
v -0.40231875 0.91315536 -0.71561755
v -0.39079092 0.91244375 -0.71573125
v -0.37924323 0.91172953 -0.71584411
v -0.36767570 0.91101270 -0.71595613
v -0.35608832 0.91029327 -0.71606730
v -0.34448110 0.90957123 -0.71617763
v -0.33278997 0.90803681 -0.71568132
v -0.32120709 0.90811935 -0.71639577
v -0.30949612 0.90658232 -0.71589862
v -0.29781942 0.90585116 -0.71600600
v -0.28609853 0.90431283 -0.71550843
v -0.27439205 0.90357777 -0.71561455
v -0.26266123 0.90203813 -0.71511655
v -0.25092499 0.90129916 -0.71522141
v -0.23918424 0.89975823 -0.71472300
v -0.22789848 0.88385219 -0.70338850
v -0.65446244 0.90517926 -0.70931653
v -0.64532032 0.90876102 -0.71260080
v -0.63506250 0.90980553 -0.71400152
v -0.62474512 0.91084222 -0.71539972
v -0.61374349 0.91019523 -0.71554474
v -0.60302444 0.91038227 -0.71631382
v -0.59197318 0.90972876 -0.71645674
v -0.58061950 0.90823862 -0.71597476
v -0.56953847 0.90758121 -0.71611641
v -0.55817485 0.90608977 -0.71563401
v -0.54706405 0.90542845 -0.71577440
v -0.53593340 0.90476452 -0.71591394
v -0.52478290 0.90409799 -0.71605265
v -0.51338951 0.90260264 -0.71556898
v -0.50220924 0.90193221 -0.71570642
v -0.49100911 0.90125916 -0.71584302
v -0.47978914 0.90058351 -0.71597877
v -0.46836598 0.89908426 -0.71549384
v -0.45711623 0.89840470 -0.71562833
v -0.44568315 0.89690414 -0.71514298
v -0.43455719 0.89703777 -0.71589478
v -0.42310426 0.89553461 -0.71540859
v -0.41191875 0.89566042 -0.71615787
v -0.40044597 0.89415465 -0.71567083
v -0.38908706 0.89346077 -0.71580069
v -0.37781223 0.89357486 -0.71654617
v -0.36630967 0.89206518 -0.71605787
v -0.35489121 0.89136348 -0.71618520
v -0.34345290 0.89065918 -0.71631168
v -0.33193049 0.88914690 -0.71582254
v -0.32046240 0.88843868 -0.71594776
v -0.30897447 0.88772787 -0.71607214
v -0.29743222 0.88621298 -0.71558215
v -0.28591451 0.88549825 -0.71570527
v -0.27437695 0.88478092 -0.71582754
v -0.26281954 0.88406099 -0.71594897
v -0.25124228 0.88333845 -0.71606956
v -0.23967548 0.88102340 -0.71496647
v -0.22857996 0.86442529 -0.70286628
v 0.13628597 0.84522754 -0.70941133
v 0.14836938 0.84443857 -0.70951043
v 0.16012005 0.84289633 -0.70901159
v 0.17078317 0.83910600 -0.70672274
v 0.18064188 0.83382738 -0.70324392
v -0.65863658 0.88486990 -0.70720639
v -0.65081043 0.89097525 -0.71246356
v -0.64143634 0.89370743 -0.71517084
v -0.63096580 0.89391821 -0.71596844
v -0.62013308 0.89328894 -0.71612962
v -0.60959307 0.89349060 -0.71692427
v -0.59840810 0.89202261 -0.71644945
v -0.58722313 0.89055461 -0.71597463
v -0.57603816 0.88908662 -0.71549981
v -0.56512604 0.88844694 -0.71565761
v -0.55419408 0.88780465 -0.71581458
v -0.54324227 0.88715976 -0.71597070
v -0.53202752 0.88568785 -0.71549462
v -0.52104594 0.88503905 -0.71564948
v -0.51004450 0.88438765 -0.71580349
v -0.49880991 0.88291314 -0.71532656
v -0.48777870 0.88225783 -0.71547932
v -0.47672764 0.88159991 -0.71563123
v -0.46547320 0.88012280 -0.71515346
v -0.45439237 0.87946097 -0.71530410
v -0.44345537 0.87961052 -0.71608190
v -0.43217116 0.87812950 -0.71560286
v -0.42103078 0.87745986 -0.71575098
v -0.40987055 0.87678762 -0.71589826
v -0.39869047 0.87611276 -0.71604469
v -0.38749054 0.87543531 -0.71619028
v -0.37627077 0.87475525 -0.71633503
v -0.36503114 0.87407258 -0.71647893
v -0.35377167 0.87338731 -0.71662199
v -0.34241798 0.87189717 -0.71614001
v -0.33112873 0.87120799 -0.71628181
v -0.31976512 0.86971655 -0.71579940
v -0.30844610 0.86902346 -0.71593994
v -0.29710723 0.86832777 -0.71607963
v -0.28574851 0.86762947 -0.71621848
v -0.27435513 0.86613412 -0.71573481
v -0.26296663 0.86543192 -0.71587239
v -0.25155326 0.86551895 -0.71662997
v -0.24014506 0.86322915 -0.71552462
v -0.22915481 0.84831421 -0.70450031
v 0.11753663 0.82579450 -0.70779299
v 0.13073167 0.82802519 -0.71033806
v 0.14299855 0.82800020 -0.71105940
v 0.15495275 0.82722374 -0.71117297
v 0.16765142 0.82793458 -0.71249702
v 0.18003740 0.82789396 -0.71321331
v 0.19246308 0.82784813 -0.71392791
v 0.20414428 0.82631501 -0.71343202
v 0.21783555 0.82848057 -0.71595603
v 0.22997831 0.82767937 -0.71606159
v 0.23918787 0.82171564 -0.71194436
v 0.25043728 0.81944669 -0.71084576
v 0.25989999 0.81424223 -0.70733883
v -0.65523165 0.87162400 -0.71071545
v -0.64644918 0.87519969 -0.71412279
v -0.63686257 0.87709373 -0.71623594
v -0.62619877 0.87648220 -0.71641327
v -0.61551512 0.87586806 -0.71658976
v -0.60449886 0.87442221 -0.71612210
v -0.59348261 0.87297636 -0.71565444
v -0.58246636 0.87153051 -0.71518679
v -0.57173309 0.87090986 -0.71536117
v -0.56097996 0.87028660 -0.71553471
v -0.54994386 0.86883815 -0.71506621
v -0.53941416 0.86903228 -0.71587926
v -0.52860149 0.86840121 -0.71605028
v -0.51753562 0.86694885 -0.71558051
v -0.50669317 0.86631387 -0.71575026
v -0.49583088 0.86567629 -0.71591917
v -0.48474515 0.86422132 -0.71544856
v -0.47385309 0.86357983 -0.71561620
v -0.46294117 0.86293573 -0.71578300
v -0.45200940 0.86228903 -0.71594896
v -0.44105779 0.86163973 -0.71611407
v -0.43008632 0.86098782 -0.71627834
v -0.41909501 0.86033330 -0.71644177
v -0.40808385 0.85967618 -0.71660436
v -0.39692865 0.85821209 -0.71613080
v -0.38588771 0.85755106 -0.71629213
v -0.37482693 0.85688743 -0.71645261
v -0.36365188 0.85542074 -0.71597821
v -0.35256132 0.85475320 -0.71613742
v -0.34145091 0.85408305 -0.71629580
v -0.33032066 0.85341030 -0.71645333
v -0.31911584 0.85193970 -0.71597766
v -0.30791102 0.85046910 -0.71550200
v -0.29674106 0.84979114 -0.71565785
v -0.28557620 0.84990191 -0.71644394
v -0.27434161 0.84842740 -0.71596701
v -0.26311719 0.84853035 -0.71675057
v -0.25185792 0.84784067 -0.71690263
v -0.24057879 0.84714838 -0.71705384
v -0.22960071 0.83625080 -0.70902746
v -0.18472240 0.83351290 -0.70964241
v -0.17330458 0.83437853 -0.71104779
v -0.16224838 0.83135131 -0.70931838
v -0.15094940 0.83065641 -0.70946875
v -0.13994282 0.82763571 -0.70774145
v -0.12931795 0.82230092 -0.70414026
v 0.11311569 0.81097182 -0.71022930
v 0.12584838 0.81245294 -0.71220889
v 0.13831820 0.81318050 -0.71356961
v 0.14979098 0.81167473 -0.71308257
v 0.16162588 0.81090949 -0.71321019
v 0.17310858 0.80940242 -0.71272273
v 0.18535523 0.80937121 -0.71346289
v 0.19724967 0.80859816 -0.71358798
v 0.20956579 0.80855783 -0.71432520
v 0.22150986 0.80777827 -0.71444818
v 0.23305211 0.80626338 -0.71395820
v 0.24459437 0.80474849 -0.71346821
v 0.25525359 0.80177338 -0.71175565
v 0.26677599 0.80026110 -0.71126651
v 0.27875976 0.79947632 -0.71138780
v 0.29123467 0.79941515 -0.71211828
v 0.30278685 0.79789896 -0.71162787
v 0.31433903 0.79638277 -0.71113746
v 0.32238376 0.78981050 -0.70638575
v -0.65037249 0.85514152 -0.71142705
v -0.64173015 0.85870897 -0.71489424
v -0.63194055 0.85977498 -0.71639569
v -0.62109302 0.85835128 -0.71593520
v -0.61056836 0.85775357 -0.71612742
v -0.59971090 0.85632856 -0.71566650
v -0.58885344 0.85490355 -0.71520559
v -0.57799598 0.85347854 -0.71474467
v -0.56742169 0.85287432 -0.71493479
v -0.55682756 0.85226749 -0.71512406
v -0.54621357 0.85165806 -0.71531249
v -0.53557974 0.85104602 -0.71550008
v -0.52492606 0.85043138 -0.71568682
v -0.51425253 0.84981414 -0.71587273
v -0.50333552 0.84838131 -0.71540928
v -0.49263222 0.84776016 -0.71559392
v -0.48190907 0.84713640 -0.71577772
v -0.47116606 0.84651003 -0.71596067
v -0.46040321 0.84588106 -0.71614278
v -0.44962051 0.84524949 -0.71632405
v -0.43865388 0.84381015 -0.71585850
v -0.42784141 0.84317467 -0.71603851
v -0.41700908 0.84253658 -0.71621767
v -0.40615691 0.84189589 -0.71639599
v -0.39516051 0.84045264 -0.71592917
v -0.38427856 0.83980804 -0.71610623
v -0.37337677 0.83916083 -0.71628244
v -0.36245512 0.83851102 -0.71645781
v -0.35142895 0.83706387 -0.71598973
v -0.34047753 0.83641015 -0.71616384
v -0.32950626 0.83575383 -0.71633710
v -0.31846024 0.83430407 -0.71586818
v -0.30745919 0.83364384 -0.71604018
v -0.29643830 0.83298100 -0.71621134
v -0.28539757 0.83231556 -0.71638165
v -0.27433698 0.83164751 -0.71655113
v -0.26325654 0.83097686 -0.71671975
v -0.25215162 0.83108662 -0.71752636
v -0.24105068 0.82884603 -0.71641609
v -0.23009203 0.82270600 -0.71211681
v -0.19700821 0.81758023 -0.71007333
v -0.18558700 0.82078296 -0.71342256
v -0.17419491 0.82242228 -0.71549499
v -0.16314360 0.82018820 -0.71438683
v -0.15192422 0.81949931 -0.71454956
v -0.14099664 0.81649785 -0.71280765
v -0.13010876 0.81350161 -0.71106741
v -0.11926057 0.81051057 -0.70932887
v 0.09430261 0.79031726 -0.70665288
v 0.10805544 0.79478122 -0.71118115
v 0.12163491 0.79848431 -0.71507776
v 0.13398504 0.79921426 -0.71647051
v 0.14569073 0.79846155 -0.71661260
v 0.15741626 0.79770623 -0.71675384
v 0.16878980 0.79621349 -0.71627102
v 0.18016333 0.79472074 -0.71578819
v 0.19153687 0.79322800 -0.71530537
v 0.20331203 0.79246617 -0.71544450
v 0.21469549 0.79097212 -0.71496126
v 0.22607895 0.78947808 -0.71447801
v 0.23703101 0.78725703 -0.71337407
v 0.24752191 0.78431288 -0.71165069
v 0.25887560 0.78282275 -0.71116870
v 0.27069045 0.78205570 -0.71130616
v 0.28252516 0.78128606 -0.71144277
v 0.29389869 0.77979331 -0.71095994
v 0.30527223 0.77830057 -0.71047711
v 0.31664577 0.77680783 -0.70999429
v 0.32904088 0.77674825 -0.71074612
v 0.34355855 0.77954458 -0.71396389
v 0.35607276 0.77946938 -0.71471067
v 0.36970780 0.78081431 -0.71668789
v 0.37846784 0.77574647 -0.71312095
v 0.38320574 0.76572116 -0.70525167
v -0.64623333 0.84043619 -0.71321366
v -0.63700559 0.84234181 -0.71541391
v -0.62701261 0.84258863 -0.71628569
v -0.61631394 0.84118446 -0.71583151
v -0.60561527 0.83978030 -0.71537734
v -0.59522975 0.83919641 -0.71558445
v -0.58452116 0.83779094 -0.71512985
v -0.57381257 0.83638547 -0.71467525
v -0.56310398 0.83498000 -0.71422066
v -0.55266884 0.83438960 -0.71442566
v -0.54247737 0.83461037 -0.71528901
v -0.53173900 0.83320099 -0.71483315
v -0.52148798 0.83341394 -0.71569397
v -0.51072977 0.83200195 -0.71523727
v -0.50019538 0.83139853 -0.71543806
v -0.48964114 0.83079250 -0.71563801
v -0.47906705 0.83018387 -0.71583712
v -0.46847312 0.82957263 -0.71603538
v -0.45767521 0.82815543 -0.71557700
v -0.44705150 0.82754029 -0.71577400
v -0.43640794 0.82692253 -0.71597016
v -0.42574453 0.82630218 -0.71616547
v -0.41506127 0.82567921 -0.71635995
v -0.40435816 0.82505365 -0.71655358
v -0.39363521 0.82442547 -0.71674637
v -0.38277775 0.82300047 -0.71628545
v -0.37202502 0.82236838 -0.71647697
v -0.36115763 0.82094207 -0.71601564
v -0.35037513 0.82030608 -0.71620590
v -0.33957278 0.81966749 -0.71639532
v -0.32868555 0.81823857 -0.71593313
v -0.31785342 0.81759607 -0.71612129
v -0.30700144 0.81695097 -0.71630860
v -0.29609436 0.81551944 -0.71584558
v -0.28523795 0.81565294 -0.71668070
v -0.27431102 0.81421881 -0.71621683
v -0.26339505 0.81434449 -0.71704942
v -0.25244383 0.81368636 -0.71723252
v -0.24148713 0.81224832 -0.71676739
v -0.23060329 0.80848230 -0.71436136
v -0.21998428 0.80007594 -0.70807861
v -0.20910254 0.79942692 -0.70826466
v -0.19776843 0.80495201 -0.71361547
v -0.18657563 0.80659972 -0.71573230
v -0.17545125 0.80669805 -0.71655604
v -0.16437101 0.80602298 -0.71673366
v -0.15336468 0.80457843 -0.71626643
v -0.14246204 0.80236831 -0.71515559
v -0.13157925 0.80016079 -0.71404561
v -0.12121044 0.79490400 -0.71036545
v -0.11094088 0.78966023 -0.70668952
v 0.10139098 0.77503842 -0.70869161
v 0.11709424 0.78388599 -0.71709692
v 0.12863101 0.78315100 -0.71725516
v 0.14053942 0.78314642 -0.71804562
v 0.15176409 0.78167322 -0.71756911
v 0.16298876 0.78020002 -0.71709261
v 0.17421343 0.77872681 -0.71661610
v 0.18543810 0.77725361 -0.71613960
v 0.19706419 0.77650690 -0.71629405
v 0.20829878 0.77503239 -0.71581712
v 0.21995464 0.77428178 -0.71597031
v 0.23119916 0.77280597 -0.71549296
v 0.24288480 0.77205145 -0.71564488
v 0.25413924 0.77057434 -0.71516711
v 0.26539368 0.76909722 -0.71468934
v 0.27664812 0.76762011 -0.71421157
v 0.28790256 0.76614300 -0.71373380
v 0.29915700 0.76466589 -0.71325603
v 0.31041145 0.76318877 -0.71277826
v 0.32166589 0.76171166 -0.71230049
v 0.33396136 0.76165628 -0.71307452
v 0.34682698 0.76230526 -0.71447234
v 0.35921177 0.76223816 -0.71524258
v 0.36998540 0.76004497 -0.71413722
v 0.38017895 0.75714873 -0.71240850
v 0.38919254 0.75284899 -0.70943388
v -0.64888056 0.81898065 -0.70850297
v -0.64172647 0.82501440 -0.71411208
v -0.63156941 0.82445606 -0.71433788
v -0.62104939 0.82307534 -0.71389129
v -0.61086256 0.82251309 -0.71411582
v -0.60065587 0.82194824 -0.71433951
v -0.59042934 0.82138078 -0.71456235
v -0.58018296 0.82081072 -0.71478436
v -0.56991673 0.82023805 -0.71500552
v -0.55934709 0.81885082 -0.71455682
v -0.54905108 0.81827424 -0.71477672
v -0.53873523 0.81769506 -0.71499577
v -0.52839953 0.81711328 -0.71521398
v -0.51804398 0.81652889 -0.71543135
v -0.50766858 0.81594189 -0.71564788
v -0.49704931 0.81454814 -0.71519707
v -0.48664414 0.81395724 -0.71541234
v -0.47621912 0.81336373 -0.71562676
v -0.46577425 0.81276762 -0.71584033
v -0.45530953 0.81216890 -0.71605307
v -0.44482496 0.81156757 -0.71626496
v -0.43432054 0.81096364 -0.71647601
v -0.42379627 0.81035711 -0.71668622
v -0.41310753 0.80895424 -0.71623246
v -0.40255349 0.80834380 -0.71644141
v -0.39197960 0.80773075 -0.71664951
v -0.38127101 0.80632528 -0.71619491
v -0.37066734 0.80570833 -0.71640175
v -0.35994883 0.80430155 -0.71594673
v -0.34931539 0.80368069 -0.71615230
v -0.33866210 0.80305722 -0.71635703
v -0.32798897 0.80243115 -0.71656092
v -0.31724068 0.80102047 -0.71610463
v -0.30653777 0.80039049 -0.71630726
v -0.29581501 0.79975790 -0.71650904
v -0.28504687 0.79834462 -0.71605191
v -0.27430995 0.79848492 -0.71691007
v -0.26352196 0.79706902 -0.71645210
v -0.25272549 0.79720151 -0.71730774
v -0.24190348 0.79655590 -0.71750530
v -0.23110981 0.79436452 -0.71639011
v -0.22043804 0.78986490 -0.71330916
v -0.20958202 0.78998957 -0.71416227
v -0.19857857 0.79164438 -0.71632307
v -0.18768710 0.79098965 -0.71651769
v -0.17670206 0.79109738 -0.71736531
v -0.16584460 0.78967237 -0.71690440
v -0.15489358 0.78900983 -0.71709649
v -0.14412968 0.78682235 -0.71598256
v -0.13327222 0.78539734 -0.71552165
v -0.12278477 0.78169666 -0.71310550
v -0.11222361 0.77876105 -0.71134320
v 0.03854169 0.75742406 -0.70362901
v 0.04904755 0.75527046 -0.70252604
v 0.06011767 0.75459228 -0.70271307
v 0.07181159 0.75538172 -0.70418758
v 0.08450077 0.75836477 -0.70759078
v 0.09988368 0.76719223 -0.71613547
v 0.11189519 0.76793999 -0.71759650
v 0.12362457 0.76795003 -0.71841252
v 0.13469045 0.76649767 -0.71794276
v 0.14611785 0.76577260 -0.71811463
v 0.15719365 0.76431894 -0.71764444
v 0.16826945 0.76286527 -0.71717425
v 0.17934525 0.76141161 -0.71670407
v 0.19082227 0.76068002 -0.71687383
v 0.20231914 0.75994584 -0.71704275
v 0.21341479 0.75848957 -0.71657172
v 0.22494144 0.75775147 -0.71673937
v 0.23648794 0.75701077 -0.71690618
v 0.24805428 0.75626747 -0.71707215
v 0.25917970 0.75480729 -0.71659986
v 0.27077582 0.75406008 -0.71676457
v 0.28191117 0.75259860 -0.71629185
v 0.29304652 0.75113712 -0.71581914
v 0.30418186 0.74967564 -0.71534643
v 0.31582761 0.74892191 -0.71550902
v 0.32697288 0.74745913 -0.71503589
v 0.33864839 0.74670149 -0.71519722
v 0.34926342 0.74453356 -0.71408962
v 0.35930850 0.74166568 -0.71234923
v 0.36875387 0.73810177 -0.70997732
v 0.37756975 0.73384573 -0.70697515
v -0.64461086 0.80451566 -0.70976299
v -0.63648815 0.80807141 -0.71341395
v -0.62648016 0.80752820 -0.71365506
v -0.61610900 0.80616701 -0.71321478
v -0.60607124 0.80561989 -0.71345463
v -0.59601362 0.80507016 -0.71369363
v -0.58624969 0.80532929 -0.71461106
v -0.57583884 0.80396289 -0.71416910
v -0.56572168 0.80340535 -0.71440557
v -0.55530090 0.80203766 -0.71396319
v -0.54515396 0.80147621 -0.71419840
v -0.53498718 0.80091215 -0.71443277
v -0.52505453 0.80114913 -0.71534304
v -0.51459406 0.79977623 -0.71489897
v -0.50436772 0.79920435 -0.71513081
v -0.49434576 0.79942961 -0.71603729
v -0.48385551 0.79805280 -0.71559196
v -0.47356963 0.79747311 -0.71582127
v -0.46326390 0.79689082 -0.71604974
v -0.45293832 0.79630593 -0.71627737
v -0.44259289 0.79571842 -0.71650415
v -0.43222761 0.79512832 -0.71673009
v -0.42168774 0.79374499 -0.71628265
v -0.41129269 0.79315098 -0.71650733
v -0.40087779 0.79255436 -0.71673116
v -0.39031807 0.79116842 -0.71628289
v -0.37987339 0.79056790 -0.71650546
v -0.36940887 0.78996477 -0.71672718
v -0.35892450 0.78935903 -0.71694807
v -0.34833500 0.78796919 -0.71649852
v -0.33782086 0.78735954 -0.71671815
v -0.32722144 0.78596840 -0.71626818
v -0.31667752 0.78535485 -0.71648654
v -0.30606817 0.78396240 -0.71603615
v -0.29549448 0.78334494 -0.71625325
v -0.28490094 0.78272488 -0.71646950
v -0.27427174 0.78132983 -0.71601827
v -0.26364843 0.78070585 -0.71623326
v -0.25300122 0.78084905 -0.71711319
v -0.24232828 0.78021856 -0.71732607
v -0.23163549 0.77958547 -0.71753811
v -0.22099049 0.77741804 -0.71642025
v -0.21032160 0.77601778 -0.71596733
v -0.19949170 0.77690731 -0.71750548
v -0.18872945 0.77626510 -0.71771456
v -0.17794734 0.77562028 -0.71792281
v -0.16714538 0.77497286 -0.71813021
v -0.15641694 0.77356479 -0.71767477
v -0.14568850 0.77215671 -0.71721933
v -0.13484684 0.77150408 -0.71742505
v -0.12435476 0.76858642 -0.71564772
v -0.11416850 0.76416828 -0.71255144
v 0.02753905 0.75404294 -0.71386132
v 0.03859904 0.75336166 -0.71405776
v 0.04939695 0.75194446 -0.71359938
v 0.06019487 0.75052727 -0.71314099
v 0.07129456 0.74984077 -0.71333575
v 0.08366093 0.75206925 -0.71614059
v 0.09612654 0.75428470 -0.71894122
v 0.10769673 0.75430676 -0.71978197
v 0.11862367 0.75287263 -0.71931811
v 0.12955060 0.75143851 -0.71885424
v 0.14047753 0.75000438 -0.71839038
v 0.15177571 0.74929183 -0.71857671
v 0.16271257 0.74785640 -0.71811242
v 0.17404053 0.74713994 -0.71829750
v 0.18498731 0.74570321 -0.71783279
v 0.19593409 0.74426648 -0.71736808
v 0.20772262 0.74425988 -0.71819956
v 0.21868925 0.74282054 -0.71773401
v 0.23009661 0.74209367 -0.71791571
v 0.24107316 0.74065303 -0.71744974
v 0.25204971 0.73921239 -0.71698377
v 0.26349677 0.73848030 -0.71716379
v 0.27496367 0.73774561 -0.71734296
v 0.28546972 0.73559641 -0.71623100
v 0.29695648 0.73485912 -0.71640933
v 0.30846308 0.73411922 -0.71658682
v 0.31894928 0.73197263 -0.71547570
v 0.32994568 0.73052938 -0.71500888
v 0.34094209 0.72908614 -0.71454207
v 0.35138860 0.72694476 -0.71343263
v 0.36181525 0.72480598 -0.71232404
v 0.37108257 0.72127876 -0.70993274
v -0.62742862 0.78271847 -0.70519715
v -0.62032467 0.78829596 -0.71063262
v -0.61116269 0.78939108 -0.71226852
v -0.60127399 0.78885908 -0.71252367
v -0.59136544 0.78832448 -0.71277799
v -0.58143704 0.78778727 -0.71303146
v -0.57148879 0.78724746 -0.71328408
v -0.56152070 0.78670504 -0.71353587
v -0.55153275 0.78616002 -0.71378681
v -0.54152495 0.78561239 -0.71403691
v -0.53149731 0.78506216 -0.71428617
v -0.52170401 0.78530855 -0.71522032
v -0.51162674 0.78475181 -0.71546747
v -0.50152962 0.78419246 -0.71571378
v -0.49141266 0.78363050 -0.71595924
v -0.48127584 0.78306594 -0.71620386
v -0.47111918 0.78249878 -0.71644764
v -0.46094266 0.78192901 -0.71669058
v -0.45074630 0.78135663 -0.71693267
v -0.44035530 0.77999284 -0.71649156
v -0.43012916 0.77941656 -0.71673239
v -0.41988317 0.77883767 -0.71697238
v -0.40947232 0.77747128 -0.71653042
v -0.39919656 0.77688848 -0.71676914
v -0.38877578 0.77552078 -0.71632676
v -0.37847025 0.77493408 -0.71656422
v -0.36814487 0.77434477 -0.71680084
v -0.35779964 0.77375286 -0.71703662
v -0.34734909 0.77238125 -0.71659297
v -0.33697408 0.77178543 -0.71682748
v -0.32651360 0.77041252 -0.71638342
v -0.31610883 0.76981279 -0.71661667
v -0.30563842 0.76843858 -0.71617218
v -0.29520387 0.76783495 -0.71640416
v -0.28472355 0.76645943 -0.71595926
v -0.27425922 0.76585189 -0.71618998
v -0.26377505 0.76524174 -0.71641985
v -0.25327102 0.76462898 -0.71664889
v -0.24274715 0.76401362 -0.71687708
v -0.23222713 0.76263290 -0.71643048
v -0.22163986 0.76277509 -0.71733093
v -0.21101289 0.76291206 -0.71822969
v -0.20039970 0.76228498 -0.71845409
v -0.18976666 0.76165529 -0.71867765
v -0.17911377 0.76102300 -0.71890036
v -0.16844103 0.76038810 -0.71912223
v -0.15784160 0.75899695 -0.71867227
v -0.14713909 0.75835815 -0.71889288
v -0.13641673 0.75771673 -0.71911264
v -0.12604334 0.75482353 -0.71732238
v -0.11610826 0.74969024 -0.71352589
v 0.02758628 0.74997742 -0.72429949
v 0.03784057 0.74709985 -0.72251428
v 0.04890036 0.74641415 -0.72271972
v 0.05998001 0.74572584 -0.72292432
v 0.07077792 0.74430865 -0.72246593
v 0.08126433 0.74216647 -0.72134582
v 0.09205231 0.74075058 -0.72088785
v 0.10284030 0.73933469 -0.72042988
v 0.11362829 0.73791880 -0.71997192
v 0.12441628 0.73650291 -0.71951395
v 0.13556540 0.73580548 -0.71971560
v 0.14636331 0.73438829 -0.71925721
v 0.15716122 0.73297110 -0.71879882
v 0.16795913 0.73155390 -0.71834043
v 0.17915787 0.73084997 -0.71853997
v 0.18996571 0.72943147 -0.71808116
v 0.20119423 0.72872363 -0.71827944
v 0.21244259 0.72801318 -0.71847687
v 0.22327028 0.72659208 -0.71801722
v 0.23409796 0.72517098 -0.71755757
v 0.24538603 0.72445532 -0.71775332
v 0.25622364 0.72303291 -0.71729324
v 0.26706125 0.72161051 -0.71683317
v 0.27789886 0.72018810 -0.71637309
v 0.28923654 0.71946593 -0.71656674
v 0.30008408 0.71804223 -0.71610624
v 0.31145154 0.71731615 -0.71629862
v 0.32177915 0.71519481 -0.71518525
v 0.33262668 0.71377110 -0.71472475
v 0.34402391 0.71304112 -0.71491587
v 0.35376213 0.71023127 -0.71315257
v 0.36403019 0.70811775 -0.71204173
v 0.36790422 0.69841890 -0.70377791
v -0.60517933 0.77032792 -0.70895693
v -0.59630393 0.77182804 -0.71097391
v -0.58654941 0.77130922 -0.71124375
v -0.57693200 0.77118911 -0.71186137
v -0.56713282 0.77066442 -0.71212931
v -0.55746083 0.77053714 -0.71274461
v -0.54775907 0.77040595 -0.71335865
v -0.53789042 0.76987215 -0.71362364
v -0.52800191 0.76933574 -0.71388779
v -0.51834795 0.76959154 -0.71484582
v -0.50865428 0.76984213 -0.71580217
v -0.49845185 0.76850309 -0.71536906
v -0.48847402 0.76795496 -0.71562941
v -0.47847635 0.76740422 -0.71588893
v -0.46845882 0.76685088 -0.71614760
v -0.45842145 0.76629493 -0.71640542
v -0.44836423 0.76573638 -0.71666241
v -0.43828716 0.76517522 -0.71691855
v -0.42819024 0.76461146 -0.71717385
v -0.41791833 0.76326330 -0.71673779
v -0.40779164 0.76269563 -0.71699183
v -0.39764510 0.76212535 -0.71724502
v -0.38735334 0.76077459 -0.71680812
v -0.37717702 0.76020041 -0.71706005
v -0.36687534 0.75884834 -0.71662272
v -0.35666925 0.75827025 -0.71687339
v -0.34644331 0.75768955 -0.71712321
v -0.33619752 0.75710625 -0.71737219
v -0.32586606 0.75575028 -0.71693360
v -0.31559050 0.75516307 -0.71718132
v -0.30529509 0.75457325 -0.71742819
v -0.29497983 0.75398083 -0.71767422
v -0.28464472 0.75338581 -0.71791941
v -0.27428977 0.75278818 -0.71816376
v -0.26391496 0.75218794 -0.71840726
v -0.25352030 0.75158510 -0.71864992
v -0.24310580 0.75097966 -0.71889174
v -0.23267145 0.75037161 -0.71913271
v -0.22221724 0.74976095 -0.71937285
v -0.21174319 0.74914769 -0.71961213
v -0.20124929 0.74853183 -0.71985058
v -0.19079874 0.74716022 -0.71940694
v -0.18027506 0.74654045 -0.71964412
v -0.16981458 0.74516754 -0.71920006
v -0.15916816 0.74529308 -0.72011596
v -0.14868784 0.74391757 -0.71967105
v -0.13798187 0.74403530 -0.72058443
v -0.12760444 0.74191187 -0.71945996
v -0.11791021 0.73607096 -0.71494484
v 0.02553960 0.74008643 -0.72937307
v 0.03599643 0.73795257 -0.72824523
v 0.04587033 0.73437237 -0.72577428
v 0.05626761 0.73224633 -0.72464897
v 0.06634365 0.72940102 -0.72285336
v 0.07700262 0.72800206 -0.72240087
v 0.08766159 0.72660311 -0.72194838
v 0.09832056 0.72520415 -0.72149589
v 0.10863844 0.72308853 -0.72037395
v 0.11928749 0.72169087 -0.71992188
v 0.12993653 0.72029322 -0.71946981
v 0.14095643 0.71960831 -0.71968593
v 0.15161540 0.71820936 -0.71923343
v 0.16227437 0.71681040 -0.71878094
v 0.17333397 0.71612029 -0.71899538
v 0.18400286 0.71472003 -0.71854246
v 0.19467176 0.71331976 -0.71808955
v 0.20577105 0.71262444 -0.71830230
v 0.21644987 0.71122288 -0.71784897
v 0.22757894 0.71052365 -0.71806045
v 0.23826769 0.70912078 -0.71760669
v 0.24895643 0.70771792 -0.71715294
v 0.26012520 0.70701348 -0.71736274
v 0.27082387 0.70560931 -0.71690856
v 0.28152253 0.70420514 -0.71645439
v 0.29273100 0.70349549 -0.71666250
v 0.30343959 0.70209002 -0.71620790
v 0.31414818 0.70068455 -0.71575330
v 0.32485677 0.69927908 -0.71529871
v 0.33611487 0.69856291 -0.71550471
v 0.34627396 0.69646813 -0.71438951
v 0.35641320 0.69437596 -0.71327515
v 0.36305694 0.68817400 -0.70820560
v -0.58026899 0.75083292 -0.70625073
v -0.57147864 0.75232868 -0.70830277
v -0.56231461 0.75301840 -0.70964602
v -0.55310096 0.75370160 -0.71098717
v -0.54369550 0.75398114 -0.71197373
v -0.53425035 0.75425547 -0.71295859
v -0.52489775 0.75492044 -0.71429384
v -0.51536824 0.75518370 -0.71527513
v -0.50555437 0.75465265 -0.71555143
v -0.49572065 0.75411899 -0.71582688
v -0.48597948 0.75397597 -0.71645273
v -0.47599366 0.75304386 -0.71637527
v -0.46610039 0.75250238 -0.71664820
v -0.45608975 0.75156701 -0.71656969
v -0.44606919 0.75063034 -0.71649075
v -0.43612630 0.75008235 -0.71676158
v -0.42608093 0.74914242 -0.71668159
v -0.41602563 0.74820118 -0.71660118
v -0.40603312 0.74764668 -0.71686990
v -0.39602075 0.74708958 -0.71713777
v -0.38586297 0.74575640 -0.71670656
v -0.37576302 0.74480931 -0.71662425
v -0.36570599 0.74424634 -0.71689023
v -0.35562912 0.74368077 -0.71715537
v -0.34544653 0.74234433 -0.71672310
v -0.33533988 0.74177486 -0.71698697
v -0.32521339 0.74120277 -0.71725000
v -0.31501095 0.73986373 -0.71681689
v -0.30490085 0.74005079 -0.71777352
v -0.29471481 0.73947089 -0.71803402
v -0.28450892 0.73888838 -0.71829368
v -0.27428318 0.73830327 -0.71855249
v -0.26403759 0.73771556 -0.71881047
v -0.25376869 0.73788178 -0.71976036
v -0.24348686 0.73653231 -0.71932388
v -0.23315842 0.73669072 -0.72027125
v -0.22285673 0.73533865 -0.71983393
v -0.21251190 0.73473791 -0.72008769
v -0.20209414 0.73488459 -0.72103126
v -0.19176268 0.73352861 -0.72059268
v -0.18135830 0.73292006 -0.72084391
v -0.17101692 0.73156278 -0.72040490
v -0.16048998 0.73169513 -0.72134384
v -0.15002605 0.73107876 -0.72159254
v -0.13942965 0.73120199 -0.72252854
v -0.12916119 0.72909730 -0.72139971
v -0.11931000 0.72477640 -0.71820986
v 0.02218823 0.72664387 -0.73091170
v 0.03144050 0.72164459 -0.72705436
v 0.04200022 0.72025866 -0.72660608
v 0.05226868 0.71815397 -0.72547725
v 0.06251729 0.71605188 -0.72434927
v 0.07274605 0.71395240 -0.72322213
v 0.08295496 0.71185552 -0.72209583
v 0.09347499 0.71047479 -0.72164924
v 0.10399501 0.70909407 -0.72120264
v 0.11451504 0.70771335 -0.72075605
v 0.12503506 0.70633263 -0.72030946
v 0.13555509 0.70495191 -0.71986287
v 0.14607511 0.70357118 -0.71941627
v 0.15698564 0.70289620 -0.71964602
v 0.16751559 0.70151417 -0.71919900
v 0.17804554 0.70013215 -0.71875199
v 0.18857549 0.69875012 -0.71830498
v 0.19953565 0.69806862 -0.71853261
v 0.21007552 0.69668530 -0.71808518
v 0.22061540 0.69530197 -0.71763774
v 0.23161525 0.69461526 -0.71786370
v 0.24216505 0.69323063 -0.71741584
v 0.25319468 0.69254001 -0.71764053
v 0.26375440 0.69115408 -0.71719225
v 0.27481381 0.69045955 -0.71741568
v 0.28538345 0.68907232 -0.71696698
v 0.29595310 0.68768508 -0.71651828
v 0.30705220 0.68698535 -0.71674002
v 0.31763178 0.68559681 -0.71629090
v 0.32876065 0.68489317 -0.71651137
v 0.33935015 0.68350333 -0.71606183
v 0.34937049 0.68143120 -0.71494354
v 0.35647560 0.67595674 -0.71048443
v -0.54844048 0.73621167 -0.70823659
v -0.53934146 0.73689883 -0.70960506
v -0.53033012 0.73797376 -0.71132821
v -0.52139159 0.73943453 -0.71340540
v -0.51200142 0.73970720 -0.71441056
v -0.50257155 0.73997466 -0.71541405
v -0.49286704 0.73945352 -0.71570397
v -0.48314269 0.73892977 -0.71599305
v -0.47339849 0.73840343 -0.71628129
v -0.46363443 0.73787447 -0.71656869
v -0.45375292 0.73695383 -0.71650015
v -0.44395413 0.73642032 -0.71678608
v -0.43413549 0.73588420 -0.71707116
v -0.42421427 0.73495834 -0.71700093
v -0.41428313 0.73403118 -0.71693029
v -0.40441487 0.73348855 -0.71721326
v -0.39445892 0.73255814 -0.71714157
v -0.38449304 0.73162642 -0.71706945
v -0.37451724 0.73069340 -0.71699691
v -0.36453151 0.72975908 -0.71692395
v -0.35458386 0.72920603 -0.71720355
v -0.34461635 0.72865037 -0.71748231
v -0.33462900 0.72809211 -0.71776023
v -0.32458869 0.72715063 -0.71768495
v -0.31459474 0.72696777 -0.71831354
v -0.30454784 0.72640170 -0.71858893
v -0.29449931 0.72621168 -0.71921520
v -0.28440775 0.72563975 -0.71948869
v -0.27429634 0.72506520 -0.71976134
v -0.26416841 0.72486477 -0.72038424
v -0.25401397 0.72390830 -0.72030412
v -0.24384960 0.72295053 -0.72022357
v -0.23366376 0.72236622 -0.72049306
v -0.22345806 0.72177930 -0.72076171
v -0.21323252 0.72118978 -0.72102952
v -0.20298713 0.72059765 -0.72129648
v -0.19278469 0.71925861 -0.72086337
v -0.18250952 0.71866258 -0.72112907
v -0.17221451 0.71806393 -0.72139393
v -0.16189964 0.71746269 -0.72165795
v -0.15156493 0.71685884 -0.72192112
v -0.14109794 0.71699018 -0.72288057
v -0.13083595 0.71564332 -0.72244493
v -0.12083852 0.71282609 -0.72061673
v 0.00608904 0.70820801 -0.72645881
v 0.01805773 0.71115246 -0.73016211
v 0.02716211 0.70619479 -0.72626612
v 0.03757297 0.70482839 -0.72582416
v 0.04769276 0.70274765 -0.72469266
v 0.05809369 0.70138256 -0.72425113
v 0.06818370 0.69930572 -0.72312089
v 0.07857470 0.69794194 -0.72267978
v 0.08896571 0.69657815 -0.72223866
v 0.09901603 0.69450652 -0.72111011
v 0.10974772 0.69385057 -0.72135643
v 0.12013873 0.69248678 -0.72091532
v 0.13090020 0.69182692 -0.72116037
v 0.14092074 0.68975920 -0.72003309
v 0.15170206 0.68909674 -0.72027730
v 0.16170275 0.68703162 -0.71915086
v 0.17250392 0.68636655 -0.71939423
v 0.18290485 0.68500146 -0.71895269
v 0.19330578 0.68363637 -0.71851115
v 0.20414664 0.68296609 -0.71875284
v 0.21455750 0.68159969 -0.71831088
v 0.22496835 0.68023330 -0.71786892
v 0.23584891 0.67955781 -0.71810892
v 0.24626969 0.67819011 -0.71766654
v 0.25669047 0.67682242 -0.71722416
v 0.26711125 0.67545472 -0.71678179
v 0.27804144 0.67477271 -0.71701968
v 0.28847214 0.67340371 -0.71657688
v 0.29943210 0.67271780 -0.71681351
v 0.31041191 0.67202928 -0.71704929
v 0.32086246 0.67065768 -0.71660565
v 0.33187205 0.66996525 -0.71684017
v 0.34176357 0.66791447 -0.71571836
v 0.35047748 0.66451315 -0.71324275
v 0.35265501 0.65369166 -0.70332374
v -0.52626655 0.72143236 -0.70906679
v -0.51774745 0.72368075 -0.71190411
v -0.50888405 0.72513584 -0.71401593
v -0.49970612 0.72580154 -0.71540351
v -0.49012587 0.72529227 -0.71570770
v -0.48063837 0.72516923 -0.71637126
v -0.47112111 0.72504229 -0.71703356
v -0.46136870 0.72413637 -0.71697499
v -0.45170410 0.72361603 -0.71727560
v -0.44192688 0.72270685 -0.71721598
v -0.43213975 0.72179637 -0.71715594
v -0.42234269 0.72088459 -0.71709548
v -0.41261357 0.72035579 -0.71739334
v -0.40279169 0.71944075 -0.71733183
v -0.39295990 0.71852441 -0.71726989
v -0.38318116 0.71798909 -0.71756565
v -0.37338257 0.71745117 -0.71786057
v -0.36356413 0.71691064 -0.71815464
v -0.35372584 0.71636750 -0.71844787
v -0.34386770 0.71582176 -0.71874026
v -0.33398971 0.71527341 -0.71903180
v -0.32412509 0.71510088 -0.71967935
v -0.31417419 0.71416891 -0.71961236
v -0.30423666 0.71361274 -0.71990138
v -0.29427928 0.71305398 -0.72018955
v -0.28430204 0.71249261 -0.72047688
v -0.27430496 0.71192863 -0.72076337
v -0.26429147 0.71173655 -0.72140461
v -0.25425278 0.71041901 -0.72097845
v -0.24420112 0.70984787 -0.72126262
v -0.23412960 0.70927412 -0.72154595
v -0.22405465 0.70832587 -0.72147369
v -0.21394840 0.70774756 -0.72175554
v -0.20384864 0.70679605 -0.72168223
v -0.19373896 0.70584324 -0.72160850
v -0.18365561 0.70451983 -0.72118045
v -0.17348981 0.70393371 -0.72145977
v -0.16330416 0.70334499 -0.72173826
v -0.15314982 0.70238632 -0.72166263
v -0.14281721 0.70252641 -0.72264576
v -0.13262813 0.70156318 -0.72256865
v -0.12236308 0.70096403 -0.72284377
v 0.00161216 0.69142565 -0.72397875
v 0.01314986 0.69365191 -0.72704336
v 0.02234761 0.68945229 -0.72380937
v 0.03258975 0.68810804 -0.72337458
v 0.04283188 0.68676379 -0.72293978
v 0.05307402 0.68541954 -0.72250499
v 0.06362688 0.68478262 -0.72276788
v 0.07387894 0.68343707 -0.72233267
v 0.08413100 0.68209151 -0.72189745
v 0.09438306 0.68074596 -0.72146223
v 0.10463512 0.67940041 -0.72102701
v 0.11524753 0.67875567 -0.72128738
v 0.12550951 0.67740882 -0.72085174
v 0.13615169 0.67676017 -0.72111085
v 0.14642360 0.67541201 -0.72067479
v 0.15629547 0.67336825 -0.71954483
v 0.16655746 0.67202139 -0.71910919
v 0.17723933 0.67136754 -0.71936661
v 0.18751124 0.67001938 -0.71893055
v 0.19778315 0.66867122 -0.71849449
v 0.20805507 0.66732307 -0.71805843
v 0.21878656 0.66666270 -0.71831374
v 0.22906840 0.66531324 -0.71787726
v 0.23935023 0.66396378 -0.71744078
v 0.24963207 0.66261432 -0.71700430
v 0.26041319 0.66194744 -0.71725751
v 0.27070495 0.66059668 -0.71682060
v 0.28099671 0.65924591 -0.71638370
v 0.29181753 0.65857382 -0.71663522
v 0.30265820 0.65789913 -0.71688590
v 0.31296981 0.65654576 -0.71644815
v 0.32328142 0.65519239 -0.71601041
v 0.33473054 0.65518595 -0.71694614
v 0.34332595 0.65181349 -0.71444860
v 0.34597575 0.64174028 -0.70509466
v -0.52247189 0.70580753 -0.70725816
v -0.51489289 0.71039034 -0.71233541
v -0.50614431 0.71184497 -0.71448355
v -0.49720364 0.71290255 -0.71626360
v -0.48785042 0.71279047 -0.71694633
v -0.47846743 0.71267449 -0.71762781
v -0.46894692 0.71216862 -0.71794351
v -0.45930379 0.71127483 -0.71789408
v -0.44965073 0.71037973 -0.71784422
v -0.44008061 0.70986735 -0.71815782
v -0.43040274 0.70896899 -0.71810691
v -0.42079787 0.70845205 -0.71841903
v -0.41101723 0.70716837 -0.71800383
v -0.40138259 0.70664753 -0.71831469
v -0.39166006 0.70574331 -0.71826188
v -0.38199069 0.70521790 -0.71857127
v -0.37230147 0.70468989 -0.71887981
v -0.36259239 0.70415928 -0.71918751
v -0.35281528 0.70324790 -0.71913239
v -0.34307147 0.70271272 -0.71943861
v -0.33330782 0.70217494 -0.71974399
v -0.32352431 0.70163456 -0.72004853
v -0.31372095 0.70109157 -0.72035223
v -0.30389775 0.70054597 -0.72065508
v -0.29405470 0.69999777 -0.72095709
v -0.28420525 0.69982057 -0.72161876
v -0.27430904 0.69889356 -0.72155859
v -0.26440644 0.69833754 -0.72185807
v -0.25448399 0.69777892 -0.72215671
v -0.24454809 0.69684670 -0.72209485
v -0.23460226 0.69591317 -0.72203256
v -0.22464650 0.69497835 -0.72196986
v -0.21468082 0.69404222 -0.72190673
v -0.20470522 0.69310478 -0.72184318
v -0.19471969 0.69216605 -0.72177921
v -0.18472423 0.69122601 -0.72171482
v -0.17467773 0.69065111 -0.72200820
v -0.16465746 0.68970781 -0.72194275
v -0.15462727 0.68876322 -0.72187689
v -0.14453114 0.68818180 -0.72216815
v -0.13429321 0.68832545 -0.72317327
v -0.12401558 0.68846388 -0.72417669
v -0.00147764 0.67870235 -0.72509361
v 0.00785775 0.67524609 -0.72253771
v 0.01767523 0.67321390 -0.72140108
v 0.02789398 0.67224456 -0.72132721
v 0.03783199 0.67056839 -0.72054539
v 0.04821097 0.66994985 -0.72082465
v 0.05845454 0.66897725 -0.72074973
v 0.06870803 0.66800334 -0.72067438
v 0.07880626 0.66667798 -0.72024570
v 0.08907464 0.66570212 -0.72016972
v 0.09952805 0.66507381 -0.72044582
v 0.10982124 0.66409470 -0.72036879
v 0.12012436 0.66311428 -0.72029134
v 0.13062739 0.66247946 -0.72056533
v 0.14095532 0.66149578 -0.72048683
v 0.15109325 0.66016521 -0.72005646
v 0.16123118 0.65883464 -0.71962608
v 0.17157895 0.65784836 -0.71954674
v 0.18172185 0.65651713 -0.71911615
v 0.19186474 0.65518591 -0.71868557
v 0.20200763 0.65385469 -0.71825499
v 0.21238022 0.65286515 -0.71817459
v 0.22252807 0.65153327 -0.71774380
v 0.23267592 0.65020140 -0.71731300
v 0.24282378 0.64886952 -0.71688221
v 0.25322118 0.64787673 -0.71680075
v 0.26362850 0.64688264 -0.71671888
v 0.27378628 0.64554946 -0.71628767
v 0.28420849 0.64455341 -0.71620516
v 0.29491001 0.64389254 -0.71647073
v 0.30508268 0.64255740 -0.71603888
v 0.31525534 0.64122227 -0.71560703
v 0.32656513 0.64122524 -0.71656664
v 0.33560067 0.63855201 -0.71474334
v 0.34077186 0.63155210 -0.70840496
v -0.52895031 0.69387744 -0.70781166
v -0.52142375 0.69806423 -0.71259409
v -0.51309499 0.70029765 -0.71552034
v -0.50416616 0.70097385 -0.71696342
v -0.49494226 0.70087209 -0.71766512
v -0.48568858 0.70076642 -0.71836556
v -0.47629233 0.70027242 -0.71869552
v -0.46676839 0.69939205 -0.71865564
v -0.45733741 0.69889349 -0.71898413
v -0.44788657 0.69839233 -0.71931177
v -0.43822998 0.69712493 -0.71890184
v -0.42874937 0.69661986 -0.71922822
v -0.41916589 0.69573167 -0.71918581
v -0.40957248 0.69484218 -0.71914297
v -0.40004224 0.69433060 -0.71946725
v -0.39035588 0.69305929 -0.71905605
v -0.38079588 0.69254380 -0.71937906
v -0.37115781 0.69164845 -0.71933433
v -0.36156306 0.69112840 -0.71965587
v -0.35194847 0.69060575 -0.71997656
v -0.34227070 0.68970519 -0.71993015
v -0.33262138 0.68917797 -0.72024937
v -0.32295220 0.68864816 -0.72056774
v -0.31329162 0.68848908 -0.72125091
v -0.30357778 0.68795340 -0.72156739
v -0.29384409 0.68741512 -0.72188303
v -0.28409056 0.68687423 -0.72219782
v -0.27431718 0.68633073 -0.72251177
v -0.26452031 0.68541454 -0.72246030
v -0.25471486 0.68412760 -0.72204405
v -0.24490310 0.68320945 -0.72199195
v -0.23508143 0.68229001 -0.72193942
v -0.22524983 0.68136925 -0.72188648
v -0.21542949 0.68008036 -0.72146959
v -0.20558300 0.67915766 -0.72141602
v -0.19572659 0.67823365 -0.72136202
v -0.18582418 0.67767322 -0.72167049
v -0.17598399 0.67638172 -0.72125276
v -0.16605182 0.67581739 -0.72155997
v -0.15604884 0.67561337 -0.72222860
v -0.14596017 0.67576773 -0.72325802
v -0.13589268 0.67555525 -0.72392391
v -0.12572957 0.67569984 -0.72495017
v -0.00569139 0.66290211 -0.72276975
v 0.00361614 0.65983245 -0.72055250
v 0.01355062 0.65852858 -0.72013077
v 0.02376564 0.65792712 -0.72042597
v 0.03371004 0.65662194 -0.72000382
v 0.04380464 0.65566667 -0.71993971
v 0.05359885 0.65401160 -0.71915950
v 0.06370337 0.65305502 -0.71909498
v 0.07365273 0.65174920 -0.71867261
v 0.08360210 0.65044337 -0.71825024
v 0.09372647 0.64948420 -0.71818487
v 0.10386077 0.64852372 -0.71811908
v 0.11400499 0.64756193 -0.71805286
v 0.12434904 0.64694354 -0.71834259
v 0.13471293 0.64632254 -0.71863147
v 0.14509668 0.64569894 -0.71891951
v 0.15529548 0.64472999 -0.71885098
v 0.16550422 0.64375974 -0.71878203
v 0.17593758 0.64312963 -0.71906796
v 0.18617113 0.64215612 -0.71899796
v 0.19618996 0.64084118 -0.71857264
v 0.20643839 0.63986572 -0.71850200
v 0.21646219 0.63855012 -0.71807648
v 0.22624647 0.63689635 -0.71729669
v 0.23626530 0.63558141 -0.71687138
v 0.24628414 0.63426647 -0.71644606
v 0.25655738 0.63328775 -0.71637437
v 0.26658118 0.63197216 -0.71594884
v 0.27686930 0.63099149 -0.71587652
v 0.28689806 0.62967524 -0.71545078
v 0.29720108 0.62869262 -0.71537783
v 0.30751402 0.62770869 -0.71530445
v 0.31840525 0.62738810 -0.71593537
v 0.32788053 0.62540526 -0.71480428
v 0.33321849 0.61879081 -0.70874689
v -0.61655481 0.68755344 -0.70643765
v -0.60803461 0.68790478 -0.70755162
v -0.59929235 0.68785957 -0.70828724
v -0.58910103 0.68468501 -0.70601002
v -0.53519593 0.68201889 -0.70814866
v -0.52785435 0.68619888 -0.71300182
v -0.52037383 0.69036064 -0.71784909
v -0.51142688 0.69065597 -0.71894494
v -0.50231244 0.69056192 -0.71966477
v -0.49304541 0.69008044 -0.72000920
v -0.48375852 0.68959636 -0.72035279
v -0.47433889 0.68872745 -0.72032182
v -0.46490933 0.68785725 -0.72029044
v -0.45546985 0.68698574 -0.72025863
v -0.44602045 0.68611293 -0.72022641
v -0.43656112 0.68523882 -0.72019376
v -0.42709186 0.68436340 -0.72016069
v -0.41761268 0.68348669 -0.72012720
v -0.40812358 0.68260867 -0.72009329
v -0.39862455 0.68172934 -0.72005895
v -0.38911560 0.68084872 -0.72002420
v -0.37959672 0.67996679 -0.71998902
v -0.37006792 0.67908356 -0.71995343
v -0.36052919 0.67819903 -0.71991741
v -0.35107732 0.67806069 -0.72062291
v -0.34155225 0.67754534 -0.72095639
v -0.33200732 0.67702740 -0.72128902
v -0.32244255 0.67650684 -0.72162081
v -0.31288648 0.67635482 -0.72232189
v -0.30327704 0.67582841 -0.72265179
v -0.29362915 0.67492955 -0.72261113
v -0.28397133 0.67402938 -0.72257006
v -0.27430358 0.67312792 -0.72252856
v -0.26462591 0.67222515 -0.72248665
v -0.25494078 0.67058661 -0.72170658
v -0.24527177 0.66858278 -0.72055828
v -0.23560029 0.66731343 -0.72014771
v -0.22592882 0.66604408 -0.71973714
v -0.21627842 0.66441010 -0.71895855
v -0.20661191 0.66314140 -0.71854819
v -0.19682137 0.66332600 -0.71960823
v -0.18702710 0.66314273 -0.72029920
v -0.17720306 0.66295554 -0.72098890
v -0.16739514 0.66240307 -0.72131037
v -0.15746566 0.66256944 -0.72236451
v -0.14749648 0.66273061 -0.72341697
v -0.13742682 0.66324598 -0.72483408
v -0.12737328 0.66339607 -0.72588295
v -0.11890625 0.65530425 -0.71851410
v -0.00877122 0.65040168 -0.72343051
v 0.00016217 0.64665742 -0.72046886
v 0.01024302 0.64606913 -0.72077875
v 0.02006336 0.64478024 -0.72036186
v 0.02988371 0.64349135 -0.71994497
v 0.03970405 0.64220246 -0.71952808
v 0.04952439 0.64091356 -0.71911119
v 0.05918471 0.63927828 -0.71833217
v 0.06916508 0.63833578 -0.71827741
v 0.07881547 0.63670180 -0.71749882
v 0.08863086 0.63541356 -0.71708214
v 0.09880599 0.63481290 -0.71738802
v 0.10881613 0.63386649 -0.71733199
v 0.11902600 0.63326127 -0.71763639
v 0.12906095 0.63231161 -0.71757931
v 0.13910583 0.63136065 -0.71752180
v 0.14916063 0.63040838 -0.71746388
v 0.15964466 0.63013457 -0.71812556
v 0.16972923 0.62917840 -0.71806637
v 0.17982374 0.62822092 -0.71800676
v 0.18970363 0.62692422 -0.71758734
v 0.19981302 0.62596479 -0.71752710
v 0.20993233 0.62500405 -0.71746643
v 0.21982214 0.62370604 -0.71704659
v 0.22995634 0.62274336 -0.71698530
v 0.23985112 0.62144470 -0.71656525
v 0.24974590 0.62014604 -0.71614520
v 0.25964068 0.61884737 -0.71572515
v 0.26927122 0.61721600 -0.71494740
v 0.27943023 0.61625005 -0.71488505
v 0.28932501 0.61495139 -0.71446500
v 0.29949891 0.61398350 -0.71440202
v 0.31053498 0.61400463 -0.71540918
v 0.31987648 0.61204379 -0.71427479
v 0.32655207 0.60712628 -0.70993332
v -0.63646386 0.67177851 -0.70111064
v -0.62819714 0.67215424 -0.70225334
v -0.62482464 0.68230175 -0.71293900
v -0.61673925 0.68343163 -0.71483621
v -0.60765715 0.68260481 -0.71482407
v -0.59874760 0.68216581 -0.71519266
v -0.58609053 0.67356624 -0.70756059
v -0.54948765 0.66912740 -0.70638015
v -0.54197222 0.67215797 -0.71016860
v -0.53419988 0.67478965 -0.71357273
v -0.52718493 0.67971179 -0.71924946
v -0.51863308 0.68078045 -0.72112687
v -0.50949030 0.68031084 -0.72148556
v -0.50045556 0.68022059 -0.72222224
v -0.49102227 0.67898250 -0.72182178
v -0.48170695 0.67812507 -0.72179974
v -0.47238170 0.67726634 -0.72177727
v -0.46304652 0.67640630 -0.72175439
v -0.45370142 0.67554496 -0.72173108
v -0.44424829 0.67430426 -0.72132978
v -0.43488830 0.67344097 -0.72130584
v -0.42551839 0.67257637 -0.72128148
v -0.41622178 0.67208658 -0.72163364
v -0.40682706 0.67121872 -0.72160823
v -0.39742241 0.67034957 -0.72158239
v -0.38800784 0.66947911 -0.72155614
v -0.37858334 0.66860735 -0.72152946
v -0.36914892 0.66773429 -0.72150236
v -0.35970458 0.66685993 -0.72147484
v -0.35029880 0.66635580 -0.72182237
v -0.34087317 0.66584907 -0.72216905
v -0.33146626 0.66570997 -0.72288993
v -0.32199597 0.66519738 -0.72323472
v -0.31250583 0.66468218 -0.72357866
v -0.30297216 0.66379609 -0.72354735
v -0.29339114 0.66217343 -0.72276721
v -0.28383380 0.66091906 -0.72236149
v -0.27425887 0.65893202 -0.72120820
v -0.26470380 0.65694759 -0.72005576
v -0.25516857 0.65496577 -0.71890416
v -0.24564710 0.65335093 -0.71812655
v -0.23612449 0.65210111 -0.71772230
v -0.22660188 0.65085130 -0.71731805
v -0.21705829 0.64996391 -0.71728631
v -0.20750478 0.64907521 -0.71725416
v -0.19787952 0.64890746 -0.71796577
v -0.18833211 0.64765439 -0.71756047
v -0.17874385 0.64676114 -0.71752684
v -0.16909988 0.64622575 -0.71786425
v -0.15933455 0.64640479 -0.71894333
v -0.14936236 0.64765221 -0.72113385
v -0.13932071 0.64889051 -0.72332142
v -0.12894700 0.65154595 -0.72698853
v -0.11959382 0.64849248 -0.72472443
v -0.01222208 0.63695650 -0.72278018
v -0.00276625 0.63498509 -0.72163195
v 0.00707508 0.63405863 -0.72158758
v 0.01692633 0.63313086 -0.72154278
v 0.02664246 0.63185564 -0.72113032
v 0.03635860 0.63058043 -0.72071785
v 0.04607473 0.62930521 -0.72030539
v 0.05547102 0.62734162 -0.71915968
v 0.06501234 0.62572418 -0.71838123
v 0.07471359 0.62445092 -0.71796940
v 0.08441484 0.62317766 -0.71755756
v 0.09429586 0.62224598 -0.71751150
v 0.10418681 0.62131300 -0.71746503
v 0.11427739 0.62071899 -0.71778348
v 0.12419315 0.61978276 -0.71773595
v 0.13411883 0.61884522 -0.71768799
v 0.14425903 0.61824470 -0.71800434
v 0.15399998 0.61696623 -0.71759082
v 0.16374093 0.61568776 -0.71717730
v 0.17392082 0.61508203 -0.71749197
v 0.18367169 0.61380226 -0.71707803
v 0.19342256 0.61252249 -0.71666408
v 0.20340780 0.61157713 -0.71661360
v 0.21340295 0.61063048 -0.71656270
v 0.22316375 0.60934940 -0.71614834
v 0.23317380 0.60840079 -0.71609680
v 0.24319376 0.60745087 -0.71604485
v 0.25270531 0.60583733 -0.71526766
v 0.26273521 0.60488612 -0.71521528
v 0.27277502 0.60393360 -0.71516248
v 0.28282477 0.60297978 -0.71510926
v 0.29316345 0.60235321 -0.71541718
v 0.30352199 0.60172404 -0.71572426
v 0.31274460 0.59978324 -0.71458593
v 0.32077172 0.59653864 -0.71200472
v 0.32724494 0.59167210 -0.70762243
v -0.64635749 0.67010644 -0.71087989
v -0.64141420 0.67671680 -0.71822804
v -0.63121198 0.67356300 -0.71590544
v -0.62639068 0.68091529 -0.72401456
v -0.61634621 0.67814515 -0.72207656
v -0.60727910 0.67731808 -0.72206954
v -0.59783693 0.67571586 -0.72129081
v -0.58378690 0.66407198 -0.71049107
v -0.57259450 0.65824752 -0.70548113
v -0.56453948 0.65936806 -0.70740658
v -0.55658763 0.66086511 -0.70971431
v -0.54872407 0.66273671 -0.71240369
v -0.54139229 0.66612993 -0.71662724
v -0.53394141 0.66950751 -0.72084574
v -0.52608570 0.67210605 -0.72429125
v -0.51730330 0.67240522 -0.72543002
v -0.50781646 0.67079714 -0.72464939
v -0.49846753 0.66957012 -0.72425251
v -0.48911861 0.66834311 -0.72385563
v -0.47988774 0.66749454 -0.72384167
v -0.47053385 0.66626687 -0.72344458
v -0.46128809 0.66541635 -0.72342998
v -0.45203241 0.66456453 -0.72341496
v -0.44266860 0.66333555 -0.72301745
v -0.43339803 0.66248178 -0.72300180
v -0.42411754 0.66162670 -0.72298573
v -0.41482713 0.66077031 -0.72296924
v -0.40552679 0.65991263 -0.72295232
v -0.39621652 0.65905364 -0.72293498
v -0.38689633 0.65819335 -0.72291723
v -0.37750274 0.65696047 -0.72251845
v -0.36822618 0.65646887 -0.72288045
v -0.35882267 0.65523468 -0.72248125
v -0.34951633 0.65473917 -0.72284198
v -0.34023377 0.65460974 -0.72358162
v -0.33084411 0.65374033 -0.72356092
v -0.32147822 0.65323700 -0.72391912
v -0.31203501 0.65199761 -0.72351824
v -0.30256803 0.65039213 -0.72273845
v -0.29312978 0.64915339 -0.72233778
v -0.28367768 0.64754987 -0.72155862
v -0.27422661 0.64558353 -0.72040161
v -0.26479932 0.64398327 -0.71962351
v -0.25538299 0.64202149 -0.71846797
v -0.24599251 0.63970014 -0.71693563
v -0.23663180 0.63738270 -0.71540455
v -0.22725310 0.63615178 -0.71500641
v -0.21783263 0.63564128 -0.71536230
v -0.20836647 0.63548775 -0.71609414
v -0.19890134 0.63497140 -0.71644813
v -0.18945213 0.63409417 -0.71642490
v -0.18003373 0.63285804 -0.71602507
v -0.17047824 0.63269278 -0.71675312
v -0.16099430 0.63181100 -0.71672841
v -0.15133357 0.63199489 -0.71782990
v -0.14126964 0.63430361 -0.72118167
v -0.13058212 0.63943414 -0.72753016
v -0.12176065 0.63428381 -0.72299878
v -0.03806673 0.61640304 -0.71226574
v -0.02501466 0.62557873 -0.72304865
v -0.01529253 0.62466568 -0.72301383
v -0.00556047 0.62375134 -0.72297858
v 0.00418151 0.62283569 -0.72294292
v 0.01365346 0.62122956 -0.72216292
v 0.02326043 0.61996868 -0.72175509
v 0.03301730 0.61905108 -0.72171879
v 0.04247436 0.61744691 -0.72093943
v 0.05208132 0.61618602 -0.72053160
v 0.06135871 0.61424248 -0.71938196
v 0.07095575 0.61298289 -0.71897455
v 0.08072751 0.61206334 -0.71893762
v 0.09032951 0.61080310 -0.71853000
v 0.10030079 0.61022032 -0.71886250
v 0.11010232 0.60929685 -0.71882431
v 0.12010834 0.60870951 -0.71915534
v 0.12993468 0.60778279 -0.71911609
v 0.13977095 0.60685476 -0.71907643
v 0.14961714 0.60592544 -0.71903634
v 0.15947325 0.60499481 -0.71899583
v 0.16911992 0.60372871 -0.71858631
v 0.17854224 0.60212910 -0.71780842
v 0.18841325 0.60119652 -0.71776728
v 0.19829417 0.60026264 -0.71772572
v 0.20794580 0.59899589 -0.71731599
v 0.21808580 0.59839096 -0.71764133
v 0.22799650 0.59745317 -0.71759851
v 0.23791712 0.59651407 -0.71755526
v 0.24758860 0.59524472 -0.71714469
v 0.25752411 0.59430367 -0.71710081
v 0.26746955 0.59336132 -0.71705651
v 0.27742491 0.59241767 -0.71701179
v 0.28683235 0.59082001 -0.71623453
v 0.29736540 0.59052645 -0.71692108
v 0.30648399 0.58860375 -0.71577818
v 0.31587655 0.58700804 -0.71500155
v 0.32346654 0.58347117 -0.71203405
v 0.33007587 0.57897414 -0.70797447
v -0.65588579 0.68316337 -0.73633864
v -0.64450177 0.67806187 -0.73203145
v -0.63220441 0.67103680 -0.72577354
v -0.62618011 0.67601794 -0.73163606
v -0.61595258 0.67287192 -0.72928993
v -0.60727572 0.67281532 -0.73006875
v -0.59546372 0.66621469 -0.72421383
v -0.58165821 0.65502356 -0.71368558
v -0.57173834 0.65191792 -0.71135251
v -0.56438481 0.65456017 -0.71486426
v -0.55611794 0.65527886 -0.71642527
v -0.54859072 0.65789832 -0.71992965
v -0.54081137 0.66012395 -0.72304093
v -0.53323856 0.66309816 -0.72692576
v -0.52441283 0.66302202 -0.72769826
v -0.51528130 0.66218428 -0.72769301
v -0.50587376 0.66058883 -0.72691125
v -0.49660423 0.65937223 -0.72651774
v -0.48721158 0.65777873 -0.72573662
v -0.47818333 0.65731528 -0.72611814
v -0.46890884 0.65609803 -0.72572442
v -0.45963434 0.65488078 -0.72533070
v -0.45035985 0.65366353 -0.72493698
v -0.44108536 0.65244628 -0.72454327
v -0.43199756 0.65197501 -0.72492226
v -0.42280152 0.65112879 -0.72491426
v -0.41367899 0.65065296 -0.72529178
v -0.40437968 0.64943246 -0.72489701
v -0.39522737 0.64895272 -0.72527326
v -0.38598668 0.64810064 -0.72526337
v -0.37667249 0.64687818 -0.72486797
v -0.36747552 0.64639259 -0.72524232
v -0.35815140 0.64516882 -0.72484650
v -0.34892466 0.64467932 -0.72521959
v -0.33963434 0.64382073 -0.72520760
v -0.33033410 0.64296084 -0.72519518
v -0.32095633 0.64136930 -0.72441468
v -0.31158849 0.63977906 -0.72363461
v -0.30223058 0.63819012 -0.72285496
v -0.29288259 0.63660248 -0.72207573
v -0.28357242 0.63574129 -0.72206289
v -0.27422537 0.63379304 -0.72090131
v -0.26490219 0.63220866 -0.72012314
v -0.25558987 0.63026497 -0.71896303
v -0.24627970 0.62940378 -0.71895019
v -0.23697047 0.62818197 -0.71855500
v -0.22767707 0.62660150 -0.71777808
v -0.21831044 0.62645437 -0.71852763
v -0.20893979 0.62594598 -0.71889461
v -0.19942645 0.62686181 -0.72078511
v -0.18996058 0.62670166 -0.72153044
v -0.18046494 0.62653760 -0.72227451
v -0.17107632 0.62530537 -0.72187595
v -0.16163713 0.62442724 -0.72185763
v -0.15229906 0.62284091 -0.72107882
v -0.14266850 0.62301988 -0.72219956
v -0.13273646 0.62460224 -0.72483706
v -0.12483727 0.61562925 -0.71608911
v -0.03871500 0.61081924 -0.71931613
v -0.02784631 0.61372162 -0.72344343
v -0.01823344 0.61282070 -0.72341774
v -0.00861065 0.61191847 -0.72339163
v 0.00129190 0.61170101 -0.72411842
v 0.01080458 0.61045250 -0.72371460
v 0.02046210 0.60954571 -0.72368701
v 0.03012955 0.60863763 -0.72365900
v 0.03949739 0.60704739 -0.72287893
v 0.04901504 0.60579823 -0.72247489
v 0.05836799 0.60420994 -0.72169545
v 0.06805033 0.60329990 -0.72166681
v 0.07774259 0.60238856 -0.72163775
v 0.08744478 0.60147591 -0.72160827
v 0.09697235 0.60022545 -0.72120381
v 0.10687892 0.59964672 -0.72154804
v 0.11680535 0.59906538 -0.72189143
v 0.12655219 0.59814687 -0.72186005
v 0.13630896 0.59722706 -0.72182825
v 0.14607566 0.59630595 -0.72179603
v 0.15606659 0.59571615 -0.72213668
v 0.16563882 0.59445982 -0.72173033
v 0.17521105 0.59320349 -0.72132397
v 0.18478328 0.59194717 -0.72091761
v 0.19458967 0.59102084 -0.72088371
v 0.20416687 0.58976387 -0.72047714
v 0.21398815 0.58883559 -0.72044260
v 0.22381935 0.58790601 -0.72040764
v 0.23315246 0.58632033 -0.71962905
v 0.24273461 0.58506270 -0.71922227
v 0.25231676 0.58380507 -0.71881549
v 0.26216782 0.58287289 -0.71877969
v 0.27202880 0.58193940 -0.71874346
v 0.28162088 0.58068047 -0.71833626
v 0.29149674 0.57974503 -0.71829941
v 0.30080503 0.57816261 -0.71752187
v 0.31039711 0.57690368 -0.71711467
v 0.31969052 0.57532320 -0.71633775
v 0.32745582 0.57213960 -0.71371375
v 0.32868103 0.56223886 -0.70333717
v -0.70330312 0.64650294 -0.70499484
v -0.69477710 0.64574244 -0.70501978
v -0.68672577 0.64576129 -0.70583863
v -0.67888203 0.64616590 -0.70705319
v -0.59509819 0.66098287 -0.73135203
v -0.58059378 0.64832364 -0.71912979
v -0.57088099 0.64561479 -0.71716994
v -0.56322246 0.64747779 -0.71993989
v -0.55548454 0.64933036 -0.72270647
v -0.54766721 0.65117251 -0.72546968
v -0.54022947 0.65414003 -0.72940965
v -0.53149831 0.65406965 -0.73019965
v -0.52230818 0.65286347 -0.72980951
v -0.51325615 0.65203394 -0.72981212
v -0.50392791 0.65045112 -0.72902924
v -0.49460959 0.64886960 -0.72824678
v -0.48542442 0.64766407 -0.72785685
v -0.47635750 0.64683258 -0.72785883
v -0.46716737 0.64562640 -0.72746869
v -0.45797723 0.64442023 -0.72707856
v -0.44878710 0.64321405 -0.72668842
v -0.43959697 0.64200787 -0.72629829
v -0.43059372 0.64154326 -0.72668985
v -0.42148215 0.64070591 -0.72668993
v -0.41244417 0.64023674 -0.72708002
v -0.40330778 0.63939613 -0.72707905
v -0.39423506 0.63892241 -0.72746767
v -0.38500523 0.63771102 -0.72707584
v -0.37590274 0.63723338 -0.72746320
v -0.36666298 0.63602069 -0.72707095
v -0.35742323 0.63480800 -0.72667871
v -0.34823225 0.63396023 -0.72667542
v -0.33894371 0.63238262 -0.72589422
v -0.32966509 0.63080631 -0.72511345
v -0.32043030 0.62959427 -0.72472142
v -0.31119550 0.62838223 -0.72432938
v -0.30198468 0.62753185 -0.72432525
v -0.29274492 0.62631916 -0.72393301
v -0.28351921 0.62546683 -0.72392825
v -0.27430176 0.62533263 -0.72469760
v -0.26504627 0.62447639 -0.72469157
v -0.25578422 0.62218522 -0.72313773
v -0.24654034 0.62061346 -0.72235843
v -0.23730638 0.61904302 -0.72157955
v -0.22808235 0.61747387 -0.72080109
v -0.21880618 0.61697344 -0.72118107
v -0.20956146 0.61576010 -0.72078862
v -0.20010246 0.61702826 -0.72309525
v -0.19046726 0.61934886 -0.72655506
v -0.18109765 0.61847764 -0.72654419
v -0.17171811 0.61760513 -0.72653289
v -0.16227819 0.61708320 -0.72690592
v -0.15281841 0.61655867 -0.72727810
v -0.14339918 0.61568094 -0.72726512
v -0.13416606 0.61375209 -0.72609940
v -0.12642929 0.60449073 -0.71687264
v -0.04028225 0.60250567 -0.72327452
v -0.03031381 0.60298994 -0.72478577
v -0.02079533 0.60209918 -0.72476857
v -0.01139678 0.60086565 -0.72436959
v -0.00172859 0.60031377 -0.72473293
v 0.00781967 0.59941911 -0.72471447
v 0.01737785 0.59852314 -0.72469559
v 0.02694595 0.59762588 -0.72467630
v 0.03667865 0.59706553 -0.72503689
v 0.04611194 0.59582743 -0.72463643
v 0.05538063 0.59425243 -0.72385608
v 0.06531762 0.59402378 -0.72459489
v 0.07528438 0.59379123 -0.72533243
v 0.08510144 0.59321981 -0.72568945
v 0.09493835 0.59264578 -0.72604562
v 0.10479510 0.59206915 -0.72640096
v 0.11467171 0.59148991 -0.72675544
v 0.12436883 0.59057571 -0.72673067
v 0.13387159 0.58932850 -0.72632726
v 0.14337435 0.58808129 -0.72592385
v 0.15244868 0.58617328 -0.72476487
v 0.16194151 0.58492737 -0.72436188
v 0.17143434 0.58368146 -0.72395889
v 0.18069807 0.58210711 -0.72317875
v 0.19018594 0.58086185 -0.72277597
v 0.19991284 0.57994375 -0.72274994
v 0.20916169 0.57837134 -0.72197042
v 0.21914746 0.57777778 -0.72232028
v 0.22889917 0.57685641 -0.72229318
v 0.23840193 0.57560920 -0.72188978
v 0.24790469 0.57436200 -0.72148637
v 0.25740745 0.57311479 -0.72108296
v 0.26691020 0.57186758 -0.72067955
v 0.27641296 0.57062037 -0.72027615
v 0.28619941 0.56969445 -0.72024758
v 0.29512983 0.56780532 -0.71909470
v 0.30492124 0.56687874 -0.71906592
v 0.31412542 0.56531220 -0.71828831
v 0.32271261 0.56310960 -0.71676312
v 0.32602554 0.55550441 -0.70888481
v -0.70650574 0.64727480 -0.71776884
v -0.69940451 0.64883688 -0.72020701
v -0.68932486 0.64573246 -0.71782224
v -0.69472910 0.66781971 -0.74153417
v -0.59436633 0.65500369 -0.73766498
v -0.58095119 0.64469181 -0.72770248
v -0.57088716 0.64123314 -0.72492700
v -0.56424226 0.64534920 -0.73012416
v -0.55533919 0.64453700 -0.73013759
v -0.49286815 0.63918826 -0.73061659
v -0.48388073 0.63836499 -0.73062644
v -0.47476503 0.63716858 -0.73023946
v -0.46576273 0.63634335 -0.73024867
v -0.45653363 0.63477576 -0.72946551
v -0.44741793 0.63357935 -0.72907853
v -0.43840074 0.63275217 -0.72908711
v -0.42937362 0.63192369 -0.72909527
v -0.42033658 0.63109390 -0.72910301
v -0.41137323 0.63063009 -0.72950525
v -0.40231137 0.62979704 -0.72951193
v -0.39323959 0.62896270 -0.72951820
v -0.38415789 0.62812705 -0.72952404
v -0.37500249 0.62692543 -0.72913538
v -0.36584709 0.62572381 -0.72874672
v -0.35669169 0.62452219 -0.72835806
v -0.34748741 0.62295786 -0.72757594
v -0.33838090 0.62211896 -0.72758073
v -0.32926446 0.62127875 -0.72758510
v -0.32017209 0.62079800 -0.72798186
v -0.31105987 0.62031465 -0.72837779
v -0.30192781 0.61982869 -0.72877287
v -0.29277589 0.61934013 -0.72916710
v -0.28358998 0.61849080 -0.72916852
v -0.27438496 0.61728267 -0.72877775
v -0.26517572 0.61571769 -0.72799543
v -0.25597713 0.61379780 -0.72682218
v -0.24678700 0.61259162 -0.72643205
v -0.23761819 0.61067565 -0.72526007
v -0.22850048 0.60805378 -0.72330750
v -0.21942248 0.60543712 -0.72135663
v -0.21038417 0.60282567 -0.71940743
v -0.20120248 0.60233320 -0.71980041
v -0.19153977 0.60640949 -0.72526084
v -0.18209212 0.60730731 -0.72720802
v -0.17267573 0.60749663 -0.72837378
v -0.16342108 0.60628199 -0.72798091
v -0.15422176 0.60471830 -0.72719900
v -0.14509265 0.60280753 -0.72602871
v -0.13604864 0.60055164 -0.72447065
v -0.04368506 0.58878549 -0.72094104
v -0.03361640 0.58995810 -0.72325323
v -0.02422703 0.58908207 -0.72324602
v -0.01456823 0.58888328 -0.72401011
v -0.00514909 0.58800335 -0.72400163
v 0.00455934 0.58779804 -0.72476361
v 0.01400825 0.58691420 -0.72475387
v 0.02376630 0.58670238 -0.72551375
v 0.03355413 0.58648666 -0.72627236
v 0.04369079 0.58693775 -0.72779892
v 0.05371258 0.58704762 -0.72893898
v 0.06394353 0.58748633 -0.73046154
v 0.07370084 0.58691831 -0.73083008
v 0.08347800 0.58634769 -0.73119777
v 0.09290633 0.58511025 -0.73079752
v 0.10252396 0.58420426 -0.73078061
v 0.11176297 0.58263537 -0.72999703
v 0.12119130 0.58139793 -0.72959678
v 0.13061962 0.58016049 -0.72919653
v 0.13962964 0.57826535 -0.72803129
v 0.14904804 0.57702921 -0.72763146
v 0.15802828 0.57513799 -0.72646749
v 0.16743675 0.57390315 -0.72606808
v 0.17661622 0.57234207 -0.72528702
v 0.18578577 0.57078230 -0.72450639
v 0.19542325 0.56987371 -0.72448863
v 0.20507065 0.56896381 -0.72447046
v 0.21447913 0.56772898 -0.72407106
v 0.22414142 0.56681713 -0.72405225
v 0.23381363 0.56590398 -0.72403302
v 0.24296829 0.56434616 -0.72325302
v 0.25238173 0.56311067 -0.72285340
v 0.26206883 0.56219557 -0.72283355
v 0.27148723 0.56095943 -0.72243372
v 0.28090563 0.55972329 -0.72203389
v 0.29003548 0.55816873 -0.72125494
v 0.29944891 0.55693324 -0.72085532
v 0.30856387 0.55538063 -0.72007700
v 0.31706204 0.55319638 -0.71854212
v 0.32213802 0.54754198 -0.71284738
v -0.70945829 0.64760649 -0.73024417
v -0.70230316 0.64914596 -0.73271149
v -0.36491003 0.61477834 -0.72947288
v -0.35584892 0.61358909 -0.72908822
v -0.34678780 0.61239985 -0.72870356
v -0.33772668 0.61121061 -0.72831890
v -0.32870463 0.61038057 -0.72833177
v -0.31974084 0.61026634 -0.72913884
v -0.31074727 0.61014820 -0.72994465
v -0.26530259 0.60701635 -0.73118239
v -0.25616832 0.60510935 -0.73000289
v -0.24704270 0.60391164 -0.72961549
v -0.23794876 0.60165585 -0.72804184
v -0.22893119 0.59834784 -0.72528382
v -0.21999365 0.59469625 -0.72213334
v -0.21112558 0.59105379 -0.71898581
v -0.20199243 0.59127141 -0.72018156
v -0.19239507 0.59567706 -0.72610801
v -0.18304230 0.59657401 -0.72808617
v -0.17372059 0.59676689 -0.72927392
v -0.16445970 0.59625958 -0.72967251
v -0.15539987 0.59436235 -0.72849617
v -0.14635988 0.59246771 -0.72732068
v -0.13753519 0.58953910 -0.72496672
v -0.04731190 0.57451084 -0.71757379
v -0.03727305 0.57602591 -0.72031456
v -0.02777830 0.57584199 -0.72109909
v -0.01838343 0.57531710 -0.72149200
v -0.00883409 0.57512602 -0.72227421
v 0.00046586 0.57425951 -0.72227528
v 0.00992027 0.57372681 -0.72266566
v 0.01969355 0.57386041 -0.72383424
v 0.02950653 0.57398881 -0.72500113
v 0.03967808 0.57477830 -0.72694453
v 0.05023796 0.57622498 -0.72966319
v 0.06070788 0.57732940 -0.73198979
v 0.12614605 0.56909491 -0.72960770
v 0.13526111 0.56754451 -0.72882488
v 0.14458027 0.56632139 -0.72842927
v 0.15368044 0.56477294 -0.72764709
v 0.16299463 0.56355048 -0.72725168
v 0.17207992 0.56200399 -0.72647013
v 0.18162302 0.56110556 -0.72646088
v 0.19093721 0.55988310 -0.72606548
v 0.20049519 0.55898273 -0.72605559
v 0.21006310 0.55808105 -0.72604528
v 0.21938722 0.55685728 -0.72564946
v 0.22897001 0.55595365 -0.72563852
v 0.23829909 0.55472924 -0.72524249
v 0.24762817 0.55350482 -0.72484645
v 0.25695725 0.55228041 -0.72445042
v 0.26628632 0.55105599 -0.72405438
v 0.27589889 0.55014845 -0.72404218
v 0.28494448 0.54860717 -0.72326231
v 0.29398014 0.54706718 -0.72248287
v 0.30270751 0.54521358 -0.72132064
v 0.31141502 0.54336259 -0.72015926
v 0.31701967 0.53837803 -0.71517093
v 0.31717974 0.52808871 -0.70368399
v -0.37268018 0.60365256 -0.72879655
v -0.36373319 0.60247829 -0.72841674
v -0.35478621 0.60130403 -0.72803693
v -0.34588831 0.60048807 -0.72805955
v -0.33698048 0.59967080 -0.72808176
v -0.32818020 0.59992323 -0.72930961
v -0.24733986 0.59247992 -0.72948104
v -0.23833937 0.59059491 -0.72829823
v -0.22940502 0.58766300 -0.72591716
v -0.22054068 0.58438842 -0.72313870
v -0.21173589 0.58112166 -0.72036277
v -0.20262687 0.58203728 -0.72237823
v -0.19321135 0.58537571 -0.72718319
v -0.18410945 0.58488483 -0.72759752
v -0.17485210 0.58542914 -0.72920632
v -0.16574578 0.58458582 -0.72922011
v -0.15673980 0.58305195 -0.72843743
v -0.14774373 0.58151938 -0.72765517
v -0.13875759 0.57998812 -0.72687334
v -0.04978606 0.56373668 -0.71789168
v -0.04032580 0.56390249 -0.71909151
v -0.03095044 0.56372758 -0.71989459
v -0.02167486 0.56321391 -0.72030155
v -0.01251396 0.56236343 -0.72031301
v -0.00362210 0.56084454 -0.71953518
v 0.00511538 0.55899405 -0.71836354
v 0.01443066 0.55847517 -0.71876881
v 0.02407453 0.55861688 -0.71996084
v 0.03423609 0.55974623 -0.72233198
v 0.04479573 0.56152705 -0.72548694
v 0.05527543 0.56296651 -0.72824493
v 0.06548608 0.56373755 -0.73021362
v 0.13089654 0.55691192 -0.72943864
v 0.14011645 0.55570184 -0.72904724
v 0.14933636 0.55449175 -0.72865584
v 0.15833242 0.55295918 -0.72787358
v 0.16777617 0.55207158 -0.72787304
v 0.17722985 0.55118267 -0.72787207
v 0.18669345 0.55029246 -0.72787068
v 0.19616698 0.54940095 -0.72786888
v 0.20565043 0.54850814 -0.72786665
v 0.21514380 0.54761402 -0.72786400
v 0.22438852 0.54640068 -0.72747154
v 0.23389679 0.54550461 -0.72746826
v 0.24341497 0.54460723 -0.72746456
v 0.25266962 0.54339259 -0.72707168
v 0.26192426 0.54217794 -0.72667881
v 0.27117891 0.54096330 -0.72628593
v 0.28043355 0.53974865 -0.72589306
v 0.28910156 0.53790728 -0.72472437
v 0.29745145 0.53575580 -0.72316883
v 0.30577156 0.53360823 -0.72161455
v 0.31190448 0.52928470 -0.71735061
v 0.31480650 0.52186661 -0.70922023
v -0.36302465 0.59313893 -0.73041266
v -0.35415210 0.59197444 -0.73003601
v -0.34537791 0.59152213 -0.73047323
v -0.23870529 0.58031879 -0.72918361
v -0.22982911 0.57810490 -0.72759225
v -0.22108416 0.57416002 -0.72398220
v -0.21231759 0.57161087 -0.72199065
v -0.20319790 0.57356071 -0.72524716
v -0.19391854 0.57618887 -0.72930659
v -0.18493141 0.57535898 -0.72932992
v -0.15796552 0.57251906 -0.72899488
v -0.14894366 0.57168461 -0.72901674
v -0.14017169 0.56948439 -0.72742980
v -0.05179798 0.55438920 -0.71962968
v -0.04253705 0.55422265 -0.72045109
v -0.03337084 0.55371889 -0.72087168
v -0.02444371 0.55254723 -0.72049270
v -0.01565100 0.55104358 -0.71971459
v -0.00742576 0.54821583 -0.71734116
v 0.00060551 0.54506391 -0.71457111
v 0.00992103 0.54489020 -0.71539021
v 0.01988342 0.54603015 -0.71780124
v 0.03023375 0.54781847 -0.72100551
v 0.04067340 0.54959506 -0.72420599
v 0.05120237 0.55135993 -0.72740267
v 0.06129830 0.55213272 -0.72940319
v 0.14499603 0.54429440 -0.72949374
v 0.15434540 0.54341697 -0.72950169
v 0.16370469 0.54253823 -0.72950923
v 0.17284024 0.54133922 -0.72912141
v 0.18245306 0.54077684 -0.72952303
v 0.19208572 0.54021187 -0.72992381
v 0.20148967 0.53932727 -0.72992945
v 0.21115707 0.53875773 -0.73032875
v 0.22032736 0.53755416 -0.72993946
v 0.22976109 0.53666565 -0.72994383
v 0.23893633 0.53546143 -0.72955433
v 0.24811158 0.53425720 -0.72916482
v 0.25728683 0.53305298 -0.72877532
v 0.26646208 0.53184875 -0.72838581
v 0.27534907 0.53033272 -0.72760370
v 0.28422614 0.52881799 -0.72682200
v 0.29249693 0.52668355 -0.72525634
v 0.30073794 0.52455302 -0.72369194
v 0.30771676 0.52118958 -0.72056172
v 0.31212158 0.51536685 -0.71430197
v 0.31256119 0.50586885 -0.70335234
v -0.23905739 0.57046819 -0.73031603
v -0.23029573 0.56758114 -0.72789738
v -0.22162408 0.56401106 -0.72466385
v -0.21287097 0.56251482 -0.72388292
v -0.20379649 0.56479804 -0.72759112
v -0.19469292 0.56638259 -0.73047940
v -0.15918750 0.56207003 -0.72938148
v -0.15026002 0.56124575 -0.72941184
v -0.06306773 0.54493811 -0.71997959
v -0.05403569 0.54444753 -0.72041485
v -0.04474494 0.54461783 -0.72165781
v -0.03553888 0.54445183 -0.72249503
v -0.02694987 0.54262970 -0.72131172
v -0.01878369 0.53982081 -0.71891834
v -0.01122428 0.53570187 -0.71491335
v -0.00375419 0.53159465 -0.71091215
v 0.00541713 0.53143320 -0.71175084
v 0.01600580 0.53421253 -0.71621344
v 0.02655442 0.53664969 -0.72026841
v 0.03704811 0.53874663 -0.72391636
v 0.04747198 0.54050532 -0.72715793
v 0.05763713 0.54160313 -0.72959180
v 0.26203160 0.52311507 -0.73073914
v 0.27084426 0.52161101 -0.72995569
v 0.27935388 0.51979931 -0.72877575
v 0.28784364 0.51799021 -0.72759666
v 0.29601052 0.51587607 -0.72602194
v 0.30353161 0.51315184 -0.72365594
v 0.30881230 0.50828971 -0.71851966
v 0.31079460 0.50038627 -0.70942997
v -0.23065268 0.55954374 -0.73092400
v -0.22203988 0.55599692 -0.72766153
v -0.21339633 0.55382688 -0.72605309
v -0.20451239 0.55473210 -0.72815896
v -0.16057021 0.55069082 -0.72836272
v -0.06532178 0.53473773 -0.72018092
v -0.05615547 0.53491549 -0.72144713
v -0.04659145 0.53607665 -0.72393797
v -0.03770377 0.53525537 -0.72397450
v -0.02893543 0.53410455 -0.72360227
v -0.02097245 0.53098822 -0.72078122
v -0.01390415 0.52591811 -0.71551515
v -0.00637834 0.52216875 -0.71188499
v 0.00241010 0.52136050 -0.71192574
v 0.01305737 0.52445070 -0.71685360
v 0.02383366 0.52752397 -0.72177597
v 0.03375496 0.52863824 -0.72425164
v 0.04374574 0.52974339 -0.72672435
v 0.05363207 0.53051705 -0.72878767
v 0.28378929 0.50997525 -0.73060448
v 0.29189195 0.50787619 -0.72901901
v 0.29996483 0.50578104 -0.72743480
v 0.30613073 0.50186497 -0.72344853
v 0.30934684 0.49522923 -0.71586299
v 0.30721960 0.48377156 -0.70188292
v -0.22239333 0.54905681 -0.73180374
v -0.21411860 0.54248306 -0.72475924
v -0.20519481 0.54508465 -0.72898200
v -0.07764755 0.52114182 -0.71478256
v -0.06538575 0.53119389 -0.72848512
v -0.05644343 0.53070620 -0.72894215
v -0.04855444 0.52726992 -0.72567897
v -0.04023811 0.52514948 -0.72407095
v -0.03143488 0.52433706 -0.72411556
v -0.02423127 0.51961881 -0.71920817
v -0.01574593 0.51816215 -0.71842963
v -0.00914319 0.51249380 -0.71229276
v 0.00030090 0.51331219 -0.71440180
v 0.01103636 0.51670495 -0.71980263
v 0.02191075 0.52007947 -0.72519756
v 0.03226849 0.52214987 -0.72894112
v 0.04205001 0.52292397 -0.73103584
v 0.29640023 0.49845879 -0.73111474
v 0.30376352 0.49577747 -0.72871052
v 0.30726439 0.48948729 -0.72145036
v 0.30607883 0.47901044 -0.70853257
v -0.45232627 1.17656156 -0.70807264
v -0.43951228 1.17656990 -0.71009630
v -0.42653318 1.17116366 -0.70903937
v -0.41357759 1.16755131 -0.70900798
v -0.40060308 1.16393239 -0.70897580
v -0.38762627 1.15941981 -0.70843125
v -0.37462339 1.15579102 -0.70839788
v -0.36163713 1.15127515 -0.70785293
v -0.46577313 1.15456391 -0.70893082
v -0.45329287 1.15644203 -0.71205598
v -0.44052415 1.15200181 -0.71152016
v -0.42775542 1.14756159 -0.71098434
v -0.41498670 1.14312136 -0.71044852
v -0.40221798 1.13868114 -0.70991269
v -0.38943372 1.13512381 -0.70989749
v -0.37663054 1.13155989 -0.70988149
v -0.36380844 1.12798940 -0.70986470
v -0.35101134 1.12353931 -0.70932768
v -0.33821425 1.11908922 -0.70879067
v -0.32541715 1.11463913 -0.70825366
v -0.31254776 1.11105220 -0.70823488
v -0.47863175 1.13080450 -0.70829017
v -0.46646171 1.13275850 -0.71149129
v -0.45396228 1.12929565 -0.71149703
v -0.44144393 1.12582621 -0.71150197
v -0.42889275 1.12146163 -0.71097528
v -0.41635048 1.11886760 -0.71150948
v -0.40377537 1.11537843 -0.71151204
v -0.39119582 1.11100399 -0.71098416
v -0.37859234 1.10750495 -0.71098553
v -0.36596995 1.10399933 -0.71098611
v -0.35337148 1.09961831 -0.71045744
v -0.34077301 1.09523729 -0.70992876
v -0.32811278 1.09171852 -0.70992775
v -0.31550485 1.08733421 -0.70939868
v -0.30289692 1.08294991 -0.70886960
v -0.29019886 1.07941798 -0.70886701
v -0.27748189 1.07587947 -0.70886362
v -0.26463695 1.07318018 -0.70938512
v -0.25199119 1.06878272 -0.70885446
v -0.23908950 1.06606370 -0.70937357
v -0.22628740 1.06249559 -0.70936661
v -0.21361326 1.05808826 -0.70883476
v -0.49115033 1.10979281 -0.70880341
v -0.47915649 1.11001779 -0.71099636
v -0.46693796 1.10752719 -0.71156213
v -0.45464769 1.10413250 -0.71158564
v -0.44233850 1.10073123 -0.71160835
v -0.43002539 1.09820774 -0.71217015
v -0.41766337 1.09390895 -0.71165140
v -0.40529351 1.09136572 -0.71221082
v -0.39291258 1.08706035 -0.71169127
v -0.38048597 1.08449740 -0.71224831
v -0.36808612 1.08018545 -0.71172796
v -0.35568627 1.07587350 -0.71120762
v -0.34323521 1.07242289 -0.71122438
v -0.33076523 1.06896570 -0.71124035
v -0.31834647 1.06464718 -0.71071921
v -0.30584811 1.06118012 -0.71073399
v -0.29333084 1.05770649 -0.71074797
v -0.28089316 1.05338139 -0.71022604
v -0.26834751 1.04989789 -0.71023883
v -0.25578295 1.04640781 -0.71025083
v -0.24319947 1.04291115 -0.71026203
v -0.23073342 1.03857618 -0.70973891
v -0.21826736 1.03424121 -0.70921579
v -0.20580130 1.02990624 -0.70869267
v -0.50335090 1.09062078 -0.71000413
v -0.49134545 1.08732056 -0.71004859
v -0.47948281 1.08669374 -0.71174376
v -0.46741116 1.08337049 -0.71178543
v -0.45532059 1.08004068 -0.71182631
v -0.44321111 1.07670428 -0.71186640
v -0.43109878 1.07424147 -0.71245461
v -0.41893539 1.07001175 -0.71194419
v -0.40676631 1.06752921 -0.71253002
v -0.39458401 1.06329290 -0.71201881
v -0.38237994 1.05992362 -0.71205493
v -0.37018817 1.05568403 -0.71154332
v -0.35791505 1.05316531 -0.71212478
v -0.34565424 1.04977628 -0.71215851
v -0.33343410 1.04552683 -0.71164571
v -0.32107585 1.04297850 -0.71222360
v -0.30883680 1.03872247 -0.71171001
v -0.29650977 1.03531042 -0.71174097
v -0.28426126 1.03105110 -0.71122698
v -0.27190585 1.02762919 -0.71125674
v -0.25964788 1.02336657 -0.71074235
v -0.24726411 1.01993479 -0.71077093
v -0.23486141 1.01649643 -0.71079871
v -0.22272924 1.01140299 -0.70974136
v -0.21030763 1.00795805 -0.70976835
v -0.19819438 1.00287118 -0.70871179
v -0.18627314 0.99697651 -0.70711505
v -0.51487987 1.06878799 -0.70914529
v -0.50339811 1.06914535 -0.71144966
v -0.49156400 1.06590014 -0.71151029
v -0.47976595 1.06353748 -0.71212967
v -0.46788455 1.06027582 -0.71218832
v -0.45602029 1.05789014 -0.71280493
v -0.44409160 1.05461204 -0.71286159
v -0.43212683 1.05045139 -0.71235951
v -0.42016976 1.04716342 -0.71241498
v -0.40819377 1.04386887 -0.71246966
v -0.39621009 1.03970164 -0.71196678
v -0.38418505 1.03726005 -0.71257664
v -0.37218245 1.03308624 -0.71207297
v -0.36014025 1.02976867 -0.71212487
v -0.34807914 1.02644452 -0.71217598
v -0.33599911 1.02311380 -0.71222629
v -0.32390016 1.01977649 -0.71227581
v -0.31178230 1.01643261 -0.71232454
v -0.29973241 1.01224236 -0.71181888
v -0.28758617 1.00888861 -0.71186642
v -0.27542101 1.00552828 -0.71191316
v -0.26335221 1.00133145 -0.71140671
v -0.25115868 0.99796125 -0.71145226
v -0.23894623 0.99458448 -0.71149702
v -0.22685851 0.99038107 -0.71098978
v -0.21461769 0.98699443 -0.71103334
v -0.20252051 0.98278773 -0.71052570
v -0.19042332 0.97858104 -0.71001806
v -0.17814467 0.97518124 -0.71006004
v -0.53776453 1.05284517 -0.70948180
v -0.52639359 1.05148733 -0.71070332
v -0.51496589 1.05010975 -0.71192245
v -0.50340646 1.04782093 -0.71256983
v -0.49174368 1.04463073 -0.71264665
v -0.48006198 1.04143395 -0.71272267
v -0.46836136 1.03823059 -0.71279790
v -0.45664183 1.03502065 -0.71287233
v -0.44493106 1.03267921 -0.71351336
v -0.43314601 1.02858105 -0.71301882
v -0.42136095 1.02448289 -0.71252428
v -0.40957521 1.02124993 -0.71259593
v -0.39777055 1.01801039 -0.71266679
v -0.38596657 1.01390565 -0.71217146
v -0.37413354 1.01065625 -0.71224113
v -0.36228159 1.00740026 -0.71231001
v -0.35041072 1.00413770 -0.71237809
v -0.33852094 1.00086856 -0.71244538
v -0.32661224 0.99759284 -0.71251187
v -0.31468462 0.99431055 -0.71257758
v -0.30273809 0.99102167 -0.71264248
v -0.29077264 0.98772622 -0.71270660
v -0.27878827 0.98442419 -0.71276992
v -0.26689917 0.98028985 -0.71227101
v -0.25488643 0.97697796 -0.71233314
v -0.24285477 0.97365948 -0.71239448
v -0.23094675 0.96951856 -0.71189477
v -0.21888672 0.96619022 -0.71195492
v -0.20680777 0.96285530 -0.71201427
v -0.19522271 0.95709581 -0.71039567
v -0.18385587 0.95054677 -0.70821999
v -0.13546440 0.93718077 -0.70845422
v -0.12240851 0.93696788 -0.71073749
v -0.11044374 0.93280723 -0.71023540
v -0.09872558 0.92786689 -0.70917744
v -0.08728239 0.92215674 -0.70756479
v -0.07534600 0.91800595 -0.70706389
v -0.06505946 0.90923626 -0.70323487
v -0.05403312 0.90280562 -0.70107349
v 0.19341140 0.83579840 -0.70314683
v 0.20691993 0.83369724 -0.70427865
v 0.21851514 0.82879966 -0.70322585
v 0.22958945 0.82321777 -0.70162867
v -0.54824146 1.03191874 -0.70834476
v -0.53794569 1.03780802 -0.71424012
v -0.52649207 1.03468598 -0.71433471
v -0.51484849 1.02977615 -0.71327088
v -0.50345202 1.02753485 -0.71394308
v -0.49188450 1.02351234 -0.71345767
v -0.48037413 1.02037057 -0.71354987
v -0.46884484 1.01722222 -0.71364128
v -0.45725841 1.01319313 -0.71315507
v -0.44570074 1.01003491 -0.71324529
v -0.43412416 1.00687011 -0.71333472
v -0.42251881 1.00283445 -0.71284771
v -0.41091386 0.99965978 -0.71293595
v -0.39928999 0.99647854 -0.71302339
v -0.38764720 0.99329072 -0.71311003
v -0.37598549 0.99009633 -0.71319589
v -0.36434231 0.98604750 -0.71270730
v -0.35265223 0.98284324 -0.71279196
v -0.34094323 0.97963239 -0.71287583
v -0.32921532 0.97641497 -0.71295890
v -0.31746849 0.97319098 -0.71304118
v -0.30570274 0.96996040 -0.71312267
v -0.29391808 0.96672324 -0.71320336
v -0.28211450 0.96347951 -0.71328326
v -0.27029200 0.96022920 -0.71336237
v -0.25845059 0.95697231 -0.71344068
v -0.24659026 0.95370884 -0.71351820
v -0.23485250 0.94962713 -0.71302564
v -0.22311473 0.94554541 -0.71253308
v -0.21121657 0.94226879 -0.71260901
v -0.19963920 0.93738198 -0.71154796
v -0.18951525 0.92611365 -0.70594615
v -0.13899605 0.92404162 -0.71418013
v -0.12626674 0.92305858 -0.71594684
v -0.11369782 0.92127044 -0.71714506
v -0.10131768 0.91868709 -0.71777599
v -0.08915469 0.91531837 -0.71784080
v -0.07776609 0.90963634 -0.71621246
v -0.06614143 0.90473309 -0.71514943
v -0.05453568 0.89983641 -0.71408719
v -0.04236323 0.89646441 -0.71415161
v -0.03168322 0.88930704 -0.71140256
v -0.02326098 0.87690873 -0.70472172
v 0.14830650 0.83102139 -0.70672565
v 0.16383389 0.83250881 -0.71067582
v 0.17719731 0.83044439 -0.71184070
v 0.19061747 0.82836024 -0.71300320
v 0.20361240 0.82556309 -0.71360833
v 0.21615373 0.82206282 -0.71365727
v 0.22871397 0.81855596 -0.71370541
v 0.24078278 0.81435913 -0.71319896
v 0.25181196 0.80880208 -0.71158570
v 0.26439112 0.80528865 -0.71163305
v 0.27645047 0.80109510 -0.71112700
v 0.28960620 0.79824204 -0.71172538
v 0.30279975 0.79537582 -0.71232217
v 0.31546404 0.79183279 -0.71236595
v 0.32872380 0.78894354 -0.71295996
v 0.34026334 0.78406989 -0.71190050
v 0.35237944 0.77985662 -0.71139207
v 0.36328566 0.77434233 -0.70978396
v 0.37292526 0.76754676 -0.70707858
v 0.38436076 0.76270929 -0.70602348
v -0.54805300 1.01519128 -0.71162241
v -0.53736449 1.01661222 -0.71467915
v -0.52608220 1.01354519 -0.71478991
v -0.51469439 1.00958517 -0.71431204
v -0.50338372 1.00650827 -0.71442161
v -0.49198646 1.00254496 -0.71394334
v -0.48064741 0.99945820 -0.71405173
v -0.46928945 0.99636486 -0.71415932
v -0.45787327 0.99239497 -0.71368026
v -0.44648694 0.98929176 -0.71378666
v -0.43506129 0.98531859 -0.71330720
v -0.42364659 0.98220551 -0.71341240
v -0.41221296 0.97908585 -0.71351682
v -0.40076840 0.97510610 -0.71303657
v -0.38930640 0.97197658 -0.71313979
v -0.37782548 0.96884048 -0.71324222
v -0.36632565 0.96569780 -0.71334386
v -0.35480690 0.96254854 -0.71344470
v -0.34332451 0.95855563 -0.71296286
v -0.33171265 0.95623030 -0.71364401
v -0.32013715 0.95306131 -0.71374247
v -0.30862638 0.94905853 -0.71325944
v -0.29702250 0.94587967 -0.71335671
v -0.28529714 0.94351487 -0.71403309
v -0.27364598 0.94031956 -0.71412838
v -0.26209738 0.93630363 -0.71364376
v -0.25028689 0.93390922 -0.71431657
v -0.23871938 0.92988671 -0.71383116
v -0.22715186 0.92586420 -0.71334574
v -0.21542503 0.92264258 -0.71343786
v -0.20384805 0.91861678 -0.71295205
v -0.19334048 0.90982507 -0.70900584
v -0.15898641 0.89702242 -0.70698001
v -0.14423464 0.90473708 -0.71512414
v -0.13145437 0.90457433 -0.71750889
v -0.11904949 0.90282952 -0.71874097
v -0.10707674 0.89952239 -0.71882277
v -0.09533897 0.89544068 -0.71833021
v -0.08360121 0.89135896 -0.71783765
v -0.07131781 0.88880010 -0.71849062
v -0.05927885 0.88546995 -0.71856963
v -0.04780444 0.88062352 -0.71750391
v -0.03604776 0.87653522 -0.71701056
v -0.02708693 0.86571249 -0.71137663
v 0.14251781 0.81872196 -0.71243837
v 0.15658441 0.81811190 -0.71476914
v 0.16982163 0.81607765 -0.71596630
v 0.18264415 0.81333132 -0.71659664
v 0.19550451 0.81057183 -0.71722539
v 0.20791234 0.80711340 -0.71728893
v 0.22033909 0.80364839 -0.71735167
v 0.23176621 0.79881841 -0.71628794
v 0.24369314 0.79467091 -0.71578744
v 0.25562007 0.79052342 -0.71528694
v 0.26754700 0.78637592 -0.71478645
v 0.27947394 0.78222842 -0.71428595
v 0.29195743 0.77874369 -0.71434631
v 0.30502587 0.77591183 -0.71496633
v 0.31755666 0.77241065 -0.71502471
v 0.33069131 0.76955578 -0.71564195
v 0.34267500 0.76538855 -0.71513908
v 0.35465868 0.76122132 -0.71463620
v 0.36664236 0.75705409 -0.71413332
v 0.37738049 0.75160739 -0.71251429
v 0.38618409 0.74426452 -0.70922380
v -0.55778000 0.99351339 -0.70915032
v -0.54783648 0.99857288 -0.71466509
v -0.53674443 0.99556744 -0.71479283
v -0.52553633 0.99166991 -0.71432250
v -0.51441591 0.98865460 -0.71444905
v -0.50327657 0.98563271 -0.71457480
v -0.49204955 0.98172861 -0.71410368
v -0.48088184 0.97869685 -0.71422824
v -0.46969521 0.97565852 -0.71435202
v -0.45844927 0.97174783 -0.71388010
v -0.44723427 0.96869963 -0.71400268
v -0.43597888 0.96478566 -0.71353036
v -0.42473550 0.96172759 -0.71365175
v -0.41347320 0.95866294 -0.71377235
v -0.40219199 0.95559172 -0.71389215
v -0.39089186 0.95251392 -0.71401116
v -0.37959863 0.94858679 -0.71353726
v -0.36827013 0.94549912 -0.71365508
v -0.35692270 0.94240487 -0.71377210
v -0.34561056 0.93847116 -0.71329741
v -0.33417111 0.93619664 -0.71400377
v -0.32276694 0.93308265 -0.71411842
v -0.31134385 0.92996209 -0.71423227
v -0.29999388 0.92601523 -0.71375598
v -0.28844093 0.92370124 -0.71445758
v -0.27696109 0.92056094 -0.71456905
v -0.26546233 0.91741407 -0.71467973
v -0.25394466 0.91426062 -0.71478961
v -0.24240807 0.91110059 -0.71489869
v -0.23100135 0.90713399 -0.71442003
v -0.21943639 0.90396410 -0.71452792
v -0.20802020 0.89999421 -0.71404886
v -0.19731264 0.89286383 -0.71122672
v -0.16502735 0.87397133 -0.70453309
v -0.15136926 0.87859084 -0.71048518
v -0.13884976 0.87849592 -0.71292583
v -0.12670349 0.87682734 -0.71419574
v -0.11401375 0.87667321 -0.71662925
v -0.10173506 0.87495858 -0.71789360
v -0.09018646 0.87094265 -0.71740898
v -0.07836612 0.86768395 -0.71750616
v -0.06596448 0.86592656 -0.71876535
v -0.05437804 0.86189747 -0.71827915
v -0.04309172 0.85712101 -0.71721233
v -0.03337217 0.84863075 -0.71324524
v 0.11509316 0.79444793 -0.70523550
v 0.13365681 0.80162021 -0.71394775
v 0.14891155 0.80312931 -0.71805324
v 0.16247402 0.80181998 -0.71985692
v 0.17564179 0.79979618 -0.72108396
v 0.18790667 0.79638289 -0.72116249
v 0.20019046 0.79296303 -0.72124022
v 0.21199443 0.78885829 -0.72074488
v 0.22379841 0.78475355 -0.72024955
v 0.23560238 0.78064881 -0.71975421
v 0.24740636 0.77654407 -0.71925887
v 0.25921033 0.77243933 -0.71876354
v 0.27101431 0.76833460 -0.71826820
v 0.28337377 0.76488842 -0.71834276
v 0.29575214 0.76143567 -0.71841652
v 0.30814944 0.75797633 -0.71848949
v 0.32056565 0.75451042 -0.71856166
v 0.33240746 0.75039253 -0.71806474
v 0.34485204 0.74691675 -0.71813572
v 0.35670331 0.74279556 -0.71763840
v 0.36731118 0.73740331 -0.71600685
v 0.37661892 0.73075970 -0.71324345
v 0.38328854 0.72162658 -0.70821795
v -0.56770251 0.97634951 -0.70928378
v -0.55790803 0.98056797 -0.71429253
v -0.54724049 0.97939989 -0.71565146
v -0.53608551 0.97467368 -0.71458117
v -0.52514587 0.97171666 -0.71472430
v -0.51418732 0.96875307 -0.71486663
v -0.50313055 0.96490817 -0.71440265
v -0.49214363 0.96193471 -0.71454379
v -0.48113778 0.95895467 -0.71468415
v -0.47011302 0.95596806 -0.71482370
v -0.45902788 0.95211329 -0.71435853
v -0.44797475 0.94911681 -0.71449690
v -0.43688015 0.94525875 -0.71403133
v -0.42579864 0.94225240 -0.71416850
v -0.41469821 0.93923947 -0.71430489
v -0.40357887 0.93621996 -0.71444047
v -0.39245589 0.93235204 -0.71397371
v -0.38130817 0.92932266 -0.71410811
v -0.37017574 0.92545145 -0.71364096
v -0.35899965 0.92241221 -0.71377416
v -0.34780464 0.91936639 -0.71390657
v -0.33659071 0.91631399 -0.71403819
v -0.32535787 0.91325502 -0.71416902
v -0.31410611 0.91018947 -0.71429905
v -0.30283544 0.90711734 -0.71442829
v -0.29154584 0.90403863 -0.71455673
v -0.28023734 0.90095334 -0.71468438
v -0.26879058 0.89866714 -0.71540843
v -0.25756357 0.89476303 -0.71493730
v -0.24619831 0.89165801 -0.71506257
v -0.23481413 0.88854641 -0.71518704
v -0.22356820 0.88463573 -0.71471512
v -0.21232227 0.88072504 -0.71424320
v -0.20160456 0.87445657 -0.71198687
v -0.19298446 0.85959880 -0.70319440
v -0.12405078 0.84409924 -0.70632365
v -0.11186409 0.84325004 -0.70822104
v -0.10038533 0.84010555 -0.70834154
v -0.08834634 0.83846056 -0.70964293
v -0.07681083 0.83529633 -0.70976105
v -0.06496683 0.83287199 -0.71046843
v -0.05308500 0.83043449 -0.71117421
v -0.04425024 0.82058502 -0.70598591
v 0.10342678 0.77262014 -0.70219764
v 0.12395069 0.78327341 -0.71398248
v 0.14171929 0.78895473 -0.72166758
v 0.15377500 0.78560960 -0.72176388
v 0.16584963 0.78225790 -0.72185938
v 0.17794318 0.77889963 -0.72195409
v 0.18956745 0.77485738 -0.72146629
v 0.20168937 0.77148923 -0.72155981
v 0.21332310 0.76744370 -0.72107161
v 0.22547340 0.76406569 -0.72116394
v 0.23659055 0.75935263 -0.72009523
v 0.24875976 0.75596804 -0.72018676
v 0.26094789 0.75257687 -0.72027750
v 0.27260054 0.74852476 -0.71978851
v 0.28481704 0.74512372 -0.71987806
v 0.29647914 0.74106832 -0.71938868
v 0.30930681 0.73830191 -0.72005477
v 0.32098782 0.73423993 -0.71956459
v 0.33327054 0.73081587 -0.71965136
v 0.34557217 0.72738524 -0.71973734
v 0.35727210 0.72331668 -0.71924637
v 0.36771189 0.71799201 -0.71760389
v 0.37555571 0.71018144 -0.71366156
v 0.37809411 0.69743853 -0.70512431
v -0.57753884 0.96100537 -0.71031229
v -0.56771626 0.96348775 -0.71417841
v -0.55725059 0.96237616 -0.71557280
v -0.54649174 0.95947744 -0.71573250
v -0.53549647 0.95481134 -0.71465992
v -0.52481800 0.95278316 -0.71543418
v -0.51401187 0.94986800 -0.71559191
v -0.50310643 0.94607572 -0.71513428
v -0.49227192 0.94315069 -0.71529081
v -0.48135702 0.93935512 -0.71483278
v -0.47049414 0.93642023 -0.71498812
v -0.45961233 0.93347875 -0.71514267
v -0.44867852 0.92967661 -0.71468385
v -0.43776834 0.92672526 -0.71483721
v -0.42682507 0.92291983 -0.71437799
v -0.41588652 0.91995862 -0.71453015
v -0.40492905 0.91699083 -0.71468153
v -0.39396686 0.91317882 -0.71422151
v -0.38298102 0.91020117 -0.71437170
v -0.37197625 0.90721694 -0.71452108
v -0.36099515 0.90339835 -0.71406028
v -0.34996201 0.90040425 -0.71420848
v -0.33890996 0.89740357 -0.71435588
v -0.32790994 0.89357840 -0.71389428
v -0.31674910 0.89138248 -0.71464831
v -0.30564029 0.88836207 -0.71479333
v -0.29451257 0.88533508 -0.71493756
v -0.28336593 0.88230151 -0.71508099
v -0.27220038 0.87926136 -0.71522363
v -0.26101591 0.87621464 -0.71536548
v -0.24994968 0.87236645 -0.71490110
v -0.23873684 0.86930986 -0.71504176
v -0.22750507 0.86624669 -0.71518162
v -0.21641993 0.86239192 -0.71471645
v -0.20585977 0.85619195 -0.71243974
v -0.19664754 0.84456260 -0.70594129
v 0.12176267 0.77680991 -0.72375021
v 0.13275794 0.77214381 -0.72267763
v 0.14373430 0.76748428 -0.72160583
v 0.15515994 0.76351110 -0.72112637
v 0.16658558 0.75953793 -0.72064691
v 0.17849834 0.75623795 -0.72075820
v 0.19043002 0.75293139 -0.72086869
v 0.20187458 0.74895163 -0.72038843
v 0.21383463 0.74563521 -0.72049773
v 0.22581360 0.74231220 -0.72060624
v 0.23727708 0.73832587 -0.72012519
v 0.24874055 0.73433954 -0.71964415
v 0.26075735 0.73100338 -0.71975106
v 0.27279307 0.72766064 -0.71985719
v 0.28427546 0.72366773 -0.71937535
v 0.29633956 0.72031512 -0.71948028
v 0.30842257 0.71695594 -0.71958442
v 0.32052450 0.71359017 -0.71968777
v 0.33264534 0.71021783 -0.71979033
v 0.34478510 0.70683892 -0.71989208
v 0.35631479 0.70282956 -0.71940826
v 0.36529066 0.69633792 -0.71658685
v 0.37159922 0.68740348 -0.71143262
v -0.58672370 0.94390489 -0.70978536
v -0.57729281 0.94732951 -0.71435104
v -0.56701954 0.94627111 -0.71578047
v -0.55630327 0.94254462 -0.71533078
v -0.54570630 0.93969762 -0.71550627
v -0.53498057 0.93596783 -0.71505618
v -0.52435522 0.93311097 -0.71523049
v -0.51362003 0.92937789 -0.71478000
v -0.50296631 0.92651116 -0.71495311
v -0.49229366 0.92363785 -0.71512543
v -0.48153956 0.91989820 -0.71467415
v -0.47083855 0.91701502 -0.71484527
v -0.46011861 0.91412526 -0.71501561
v -0.44937976 0.91122893 -0.71518514
v -0.43859728 0.90747941 -0.71473267
v -0.42783006 0.90457321 -0.71490102
v -0.41704391 0.90166043 -0.71506858
v -0.40623886 0.89874107 -0.71523534
v -0.39542800 0.89498169 -0.71478167
v -0.38459457 0.89205246 -0.71494724
v -0.37377426 0.88828979 -0.71449319
v -0.36291245 0.88535069 -0.71465756
v -0.35208268 0.88158473 -0.71420311
v -0.34119250 0.87863577 -0.71436630
v -0.33028340 0.87568023 -0.71452869
v -0.31935538 0.87271812 -0.71469029
v -0.30840845 0.86974943 -0.71485110
v -0.29744260 0.86677416 -0.71501111
v -0.28645783 0.86379231 -0.71517033
v -0.27545415 0.86080388 -0.71532876
v -0.26443154 0.85780888 -0.71548639
v -0.25339003 0.85480729 -0.71564323
v -0.24232959 0.85179913 -0.71579927
v -0.23125024 0.84878439 -0.71595452
v -0.22031643 0.84498225 -0.71549570
v -0.20955654 0.84040256 -0.71442400
v -0.19936569 0.83350671 -0.71151564
v -0.18886483 0.82817909 -0.70983462
v -0.17819952 0.82363229 -0.70876689
v -0.16734138 0.81985646 -0.70831124
v -0.15648324 0.81608063 -0.70785560
v -0.14585576 0.81154699 -0.70678945
v -0.13524720 0.80701993 -0.70572410
v -0.12465756 0.80249945 -0.70465954
v -0.11382779 0.79873348 -0.70420509
v -0.10272952 0.79571217 -0.70435954
v 0.09699178 0.75642927 -0.71830498
v 0.11343649 0.76076695 -0.72505705
v 0.12293688 0.75411120 -0.72217766
v 0.13327695 0.74883949 -0.72050340
v 0.14498055 0.74560768 -0.72063245
v 0.15622648 0.74169699 -0.72016053
v 0.16795845 0.73845531 -0.72028840
v 0.17970934 0.73520705 -0.72041547
v 0.19147915 0.73195221 -0.72054174
v 0.20275346 0.72803165 -0.72006863
v 0.21402777 0.72411110 -0.71959552
v 0.22636874 0.72149566 -0.72031801
v 0.23766197 0.71756853 -0.71984410
v 0.24895519 0.71364140 -0.71937020
v 0.26081012 0.71035696 -0.71949290
v 0.27268397 0.70706594 -0.71961482
v 0.28399611 0.70313223 -0.71914012
v 0.29589834 0.69983135 -0.71926084
v 0.30781948 0.69652388 -0.71938076
v 0.32036853 0.69383608 -0.72009452
v 0.33295542 0.69113512 -0.72080669
v 0.34495223 0.68780135 -0.72092344
v 0.35441846 0.68199549 -0.71866566
v 0.36253428 0.67498320 -0.71522420
v 0.36202374 0.66007643 -0.70408240
v -0.59586453 0.92862053 -0.71019121
v -0.58635286 0.93031361 -0.71356710
v -0.57628146 0.92931169 -0.71503198
v -0.56587473 0.92652628 -0.71522444
v -0.55531925 0.92285570 -0.71478150
v -0.54488415 0.92006042 -0.71497278
v -0.53431921 0.91638655 -0.71452943
v -0.52385573 0.91358140 -0.71471952
v -0.51337333 0.91076968 -0.71490881
v -0.50287202 0.90795138 -0.71509731
v -0.49235179 0.90512650 -0.71528502
v -0.48174902 0.90143947 -0.71484009
v -0.47120041 0.89860472 -0.71502660
v -0.46063289 0.89576340 -0.71521232
v -0.45004645 0.89291549 -0.71539725
v -0.43944110 0.89006101 -0.71558138
v -0.42881683 0.88719995 -0.71576472
v -0.41816677 0.88349648 -0.71531780
v -0.40751412 0.88062555 -0.71549995
v -0.39684256 0.87774805 -0.71568131
v -0.38617358 0.87403799 -0.71523360
v -0.37547364 0.87115062 -0.71541376
v -0.36479521 0.86743728 -0.71496566
v -0.35406689 0.86454004 -0.71514463
v -0.34337900 0.86082341 -0.71469613
v -0.33255352 0.85872583 -0.71550019
v -0.32184671 0.85500262 -0.71505090
v -0.31113990 0.85127941 -0.71460160
v -0.30023875 0.84915552 -0.71540249
v -0.28951302 0.84542573 -0.71495241
v -0.27867121 0.84248902 -0.71512662
v -0.26768493 0.84033553 -0.71592393
v -0.25679583 0.83738237 -0.71609616
v -0.24603227 0.83363943 -0.71564448
v -0.23496087 0.83145633 -0.71643823
v -0.22385164 0.82926008 -0.71723039
v -0.21305024 0.82550398 -0.71677712
v -0.20261344 0.82020777 -0.71508082
v -0.19202272 0.81569148 -0.71400722
v -0.18104849 0.81270873 -0.71417587
v -0.17005534 0.80971940 -0.71434373
v -0.15904328 0.80672349 -0.71451080
v -0.14824189 0.80296739 -0.71405754
v -0.13744049 0.79921129 -0.71360427
v -0.12688760 0.79470816 -0.71253226
v -0.11583771 0.79169909 -0.71269774
v -0.10530373 0.78720254 -0.71162653
v -0.09423492 0.78418690 -0.71179121
v -0.08343353 0.78043080 -0.71133795
v -0.07351952 0.77448294 -0.70903441
v -0.06427276 0.76710022 -0.70550052
v 0.06820473 0.72853325 -0.70560384
v 0.08843622 0.73983373 -0.71859662
v 0.10208117 0.74008948 -0.72179905
v 0.11270972 0.73556004 -0.72072387
v 0.12377595 0.73171185 -0.72025949
v 0.13530822 0.72853504 -0.72040473
v 0.14638390 0.72468356 -0.71993995
v 0.15794455 0.72149688 -0.72008400
v 0.16952411 0.71830363 -0.72022725
v 0.18061871 0.71444557 -0.71976168
v 0.19222665 0.71124245 -0.71990374
v 0.20437629 0.70868440 -0.72065224
v 0.21549927 0.70481647 -0.72018548
v 0.22716395 0.70159361 -0.72032516
v 0.23829639 0.69772240 -0.71985800
v 0.24942882 0.69385118 -0.71939085
v 0.26113134 0.69061517 -0.71952894
v 0.27285278 0.68737258 -0.71966624
v 0.28459313 0.68412341 -0.71980274
v 0.29635240 0.68086767 -0.71993845
v 0.30873850 0.67822739 -0.72067703
v 0.32054507 0.67495520 -0.72081076
v 0.33299738 0.67229190 -0.72154655
v 0.34421494 0.66839108 -0.72107583
v 0.35284949 0.66205470 -0.71819680
v 0.35682190 0.65150542 -0.71110923
v -0.61328878 0.90890303 -0.70491345
v -0.60555915 0.91781938 -0.71352337
v -0.59537104 0.91510542 -0.71373401
v -0.58532330 0.91326915 -0.71458870
v -0.57523772 0.91141973 -0.71544180
v -0.56469321 0.90692408 -0.71436115
v -0.55442944 0.90418381 -0.71456861
v -0.54402529 0.90056585 -0.71413201
v -0.53373314 0.89781571 -0.71433828
v -0.52342207 0.89505900 -0.71454375
v -0.51309209 0.89229570 -0.71474843
v -0.50274319 0.88952583 -0.71495232
v -0.49237537 0.88674938 -0.71515541
v -0.48198863 0.88396635 -0.71535771
v -0.47158298 0.88117675 -0.71555922
v -0.46115841 0.87838056 -0.71575993
v -0.45071493 0.87557780 -0.71595984
v -0.44022566 0.87193024 -0.71551968
v -0.42975380 0.86911761 -0.71571840
v -0.41926303 0.86629840 -0.71591634
v -0.40875333 0.86347262 -0.71611348
v -0.39823569 0.85981519 -0.71567212
v -0.38769762 0.85697954 -0.71586807
v -0.37714064 0.85413731 -0.71606322
v -0.36660408 0.85047330 -0.71562107
v -0.35601872 0.84762120 -0.71581503
v -0.34541444 0.84476253 -0.71600820
v -0.33485897 0.84109194 -0.71556526
v -0.32422632 0.83822340 -0.71575724
v -0.31366138 0.83454953 -0.71531390
v -0.30300035 0.83167112 -0.71550468
v -0.29232041 0.82878613 -0.71569468
v -0.28162155 0.82589456 -0.71588388
v -0.27090378 0.82299641 -0.71607229
v -0.26016709 0.82009169 -0.71625990
v -0.24926810 0.81795941 -0.71707887
v -0.23848411 0.81503824 -0.71726449
v -0.22768121 0.81211049 -0.71744933
v -0.21703115 0.80840702 -0.71700242
v -0.20619988 0.80546940 -0.71718606
v -0.19534968 0.80252521 -0.71736891
v -0.18468071 0.79881516 -0.71692120
v -0.17359255 0.79661709 -0.71773223
v -0.16268561 0.79365317 -0.71791270
v -0.15175975 0.79068266 -0.71809237
v -0.14105294 0.78695945 -0.71764308
v -0.13034613 0.78323625 -0.71719378
v -0.11989620 0.77877349 -0.71611710
v -0.10893251 0.77578983 -0.71629519
v -0.09822570 0.77206662 -0.71584590
v -0.08723363 0.76907309 -0.71602279
v -0.07710680 0.76389381 -0.71432151
v -0.06853866 0.75511218 -0.70949482
v 0.06488249 0.72032030 -0.71283027
v 0.07949023 0.72270046 -0.71796075
v 0.09121209 0.72028203 -0.71874518
v 0.10207969 0.71650291 -0.71828914
v 0.11385831 0.71406474 -0.71907120
v 0.12520979 0.71094623 -0.71923301
v 0.13658019 0.70782114 -0.71939403
v 0.14796950 0.70468947 -0.71955426
v 0.15888440 0.70089390 -0.71909623
v 0.17030209 0.69775237 -0.71925527
v 0.18173869 0.69460426 -0.71941351
v 0.19319422 0.69144956 -0.71957096
v 0.20519983 0.68893246 -0.72034349
v 0.21616202 0.68512045 -0.71988347
v 0.22822438 0.68258361 -0.72065362
v 0.23864593 0.67813072 -0.71957813
v 0.25018658 0.67494643 -0.71973201
v 0.26232461 0.67238328 -0.72049898
v 0.27332463 0.66855811 -0.72003738
v 0.28492203 0.66535408 -0.72018887
v 0.29653834 0.66214348 -0.72033958
v 0.30878987 0.65954086 -0.72110178
v 0.32107923 0.65692508 -0.72186240
v 0.33277121 0.65368816 -0.72200993
v 0.34190342 0.64802588 -0.71971222
v 0.34770823 0.63937630 -0.71436333
v 0.34738940 0.62539628 -0.70352793
v -0.62190541 0.89541863 -0.70593520
v -0.61407825 0.90258847 -0.71337261
v -0.60476913 0.90347282 -0.71621774
v -0.59468614 0.90079085 -0.71644178
v -0.58426351 0.89634216 -0.71535725
v -0.57401070 0.89277682 -0.71492701
v -0.56361644 0.88833800 -0.71384367
v -0.55350507 0.88564616 -0.71406652
v -0.54337479 0.88294774 -0.71428857
v -0.53322560 0.88024274 -0.71450983
v -0.52305748 0.87753117 -0.71473030
v -0.51277630 0.87395597 -0.71429886
v -0.50266451 0.87208828 -0.71516884
v -0.49236440 0.86850650 -0.71473662
v -0.48219586 0.86661908 -0.71560422
v -0.47193316 0.86387462 -0.71582071
v -0.46165155 0.86112358 -0.71603642
v -0.45131362 0.85752864 -0.71560260
v -0.44100363 0.85476773 -0.71581711
v -0.43069321 0.85283098 -0.71667876
v -0.42032690 0.84922617 -0.71624375
v -0.40996016 0.84644553 -0.71645588
v -0.39958439 0.84283744 -0.71602048
v -0.38920862 0.83922935 -0.71558507
v -0.37877525 0.83724984 -0.71644156
v -0.36838056 0.83363517 -0.71600536
v -0.35793816 0.83082821 -0.71621432
v -0.34747684 0.82801467 -0.71642248
v -0.33706324 0.82439343 -0.71598549
v -0.32657354 0.82157002 -0.71619246
v -0.31606493 0.81874004 -0.71639863
v -0.30553740 0.81590348 -0.71660402
v -0.29509542 0.81227237 -0.71616583
v -0.28453951 0.80942594 -0.71637003
v -0.27396469 0.80657294 -0.71657342
v -0.26337095 0.80371336 -0.71677603
v -0.25275830 0.80084720 -0.71697784
v -0.24197497 0.79874599 -0.71781964
v -0.23131502 0.79586338 -0.71801947
v -0.22063616 0.79297420 -0.71821850
v -0.20993838 0.79007844 -0.71841674
v -0.19922168 0.78717610 -0.71861418
v -0.18848607 0.78426718 -0.71881083
v -0.17773154 0.78135168 -0.71900669
v -0.16674013 0.77917812 -0.71983976
v -0.15571088 0.77699140 -0.72067124
v -0.14488068 0.77404959 -0.72086393
v -0.13427792 0.77036256 -0.72041900
v -0.12341934 0.76741088 -0.72061049
v -0.11280712 0.76372056 -0.72016516
v -0.10192017 0.76075902 -0.72035546
v -0.09129849 0.75706542 -0.71990974
v -0.08097044 0.75264961 -0.71882918
v -0.07157059 0.74608367 -0.71584611
v -0.07068531 0.72022234 -0.69574715
v 0.05782170 0.70603436 -0.71429928
v 0.07100915 0.70639436 -0.71762882
v 0.08126153 0.70200487 -0.71655144
v 0.09327488 0.70030025 -0.71798878
v 0.10489054 0.69790960 -0.71879565
v 0.11608015 0.69484281 -0.71897325
v 0.12681534 0.69110974 -0.71852277
v 0.13803332 0.68803308 -0.71869918
v 0.14927022 0.68494984 -0.71887479
v 0.16002433 0.68121019 -0.71842351
v 0.17128960 0.67811708 -0.71859793
v 0.18309443 0.67566066 -0.71939687
v 0.19493710 0.67319108 -0.72019422
v 0.20627804 0.67007166 -0.72036547
v 0.21708889 0.66631227 -0.71991181
v 0.22845821 0.66318299 -0.72008187
v 0.23984645 0.66004712 -0.72025113
v 0.25125360 0.65690468 -0.72041960
v 0.26267967 0.65375566 -0.72058728
v 0.27412466 0.65060007 -0.72075416
v 0.28619432 0.64805155 -0.72154198
v 0.29707138 0.64426914 -0.72108554
v 0.30857311 0.64109381 -0.72125005
v 0.32009377 0.63791190 -0.72141375
v 0.33034615 0.63352241 -0.72033637
v 0.33862046 0.62734786 -0.71740053
v 0.34350656 0.61823000 -0.71137110
v 0.34687847 0.60799008 -0.70411089
v -0.62146303 0.88383041 -0.71026191
v -0.61258558 0.88566176 -0.71382627
v -0.60323392 0.88568874 -0.71605843
v -0.59295208 0.88129357 -0.71497082
v -0.58301205 0.87865674 -0.71520984
v -0.57290111 0.87514074 -0.71478555
v -0.56279017 0.87162475 -0.71436126
v -0.55267924 0.86810875 -0.71393697
v -0.54269191 0.86545547 -0.71417401
v -0.53268567 0.86279561 -0.71441026
v -0.52266051 0.86012918 -0.71464572
v -0.51261643 0.85745617 -0.71488038
v -0.50255344 0.85477658 -0.71511425
v -0.49247153 0.85209041 -0.71534732
v -0.48237070 0.84939766 -0.71557960
v -0.47225096 0.84669834 -0.71581109
v -0.46211230 0.84399244 -0.71604178
v -0.45195473 0.84127996 -0.71627168
v -0.44177823 0.83856090 -0.71650079
v -0.43156326 0.83500872 -0.71607213
v -0.42135839 0.83227979 -0.71630005
v -0.41113460 0.82954429 -0.71652717
v -0.40090071 0.82598553 -0.71609772
v -0.39064855 0.82324016 -0.71632365
v -0.38040520 0.81967812 -0.71589380
v -0.37012466 0.81692288 -0.71611854
v -0.35982521 0.81416106 -0.71634248
v -0.34956294 0.81059244 -0.71591184
v -0.33923512 0.80782076 -0.71613460
v -0.32888838 0.80504249 -0.71635656
v -0.31860719 0.80146729 -0.71592512
v -0.30813814 0.79946624 -0.71679810
v -0.29783804 0.79588446 -0.71636587
v -0.28742509 0.79308317 -0.71658505
v -0.27687092 0.79105251 -0.71745446
v -0.26641067 0.78823478 -0.71767165
v -0.25593152 0.78541047 -0.71788806
v -0.24543344 0.78257959 -0.71810367
v -0.23491645 0.77974212 -0.71831849
v -0.22438054 0.77689808 -0.71853251
v -0.21364666 0.77480493 -0.71939437
v -0.20306346 0.77194444 -0.71960641
v -0.19246134 0.76907737 -0.71981765
v -0.18163288 0.76695133 -0.72067555
v -0.17076658 0.76481214 -0.72153185
v -0.15986245 0.76265978 -0.72238657
v -0.14939210 0.75901880 -0.72194720
v -0.13867648 0.75611226 -0.72215368
v -0.12794195 0.75319915 -0.72235937
v -0.11745268 0.74955159 -0.72191920
v -0.10641613 0.74735319 -0.72276836
v -0.09590795 0.74369905 -0.72232740
v -0.08539976 0.74004492 -0.72188644
v -0.07549560 0.73496135 -0.72015853
v -0.06718664 0.72633383 -0.71521683
v 0.04746702 0.68646393 -0.71040555
v 0.06298975 0.69090285 -0.71762793
v 0.07265745 0.68590151 -0.71590995
v 0.08450676 0.68424022 -0.71738115
v 0.09595947 0.68189710 -0.71821284
v 0.10698722 0.67888202 -0.71840623
v 0.11803387 0.67586037 -0.71859882
v 0.12909945 0.67283214 -0.71879062
v 0.14018394 0.66979733 -0.71898162
v 0.15128734 0.66675595 -0.71917183
v 0.16240967 0.66370798 -0.71936124
v 0.17355091 0.66065344 -0.71954986
v 0.18524008 0.65822809 -0.72037164
v 0.19642861 0.65515711 -0.72055827
v 0.20708813 0.65145034 -0.72011096
v 0.21830504 0.64836949 -0.72029641
v 0.22954086 0.64528206 -0.72048106
v 0.24079560 0.64218805 -0.72066492
v 0.25206926 0.63908746 -0.72084798
v 0.26336183 0.63598029 -0.72103025
v 0.27527800 0.63347601 -0.72184250
v 0.28600373 0.62974622 -0.72139241
v 0.29735305 0.62661932 -0.72157230
v 0.30872129 0.62348584 -0.72175140
v 0.31946594 0.61974948 -0.72130051
v 0.32890663 0.61482708 -0.71959205
v 0.33764807 0.60932810 -0.71725679
v 0.34364920 0.60150311 -0.71241193
v 0.34067341 0.58614321 -0.69941387
v -0.62020196 0.86876996 -0.71174984
v -0.61144449 0.87061561 -0.71537318
v -0.60166632 0.86803050 -0.71562799
v -0.59169726 0.86456384 -0.71520965
v -0.58172820 0.86109717 -0.71479132
v -0.57175914 0.85763051 -0.71437298
v -0.56193368 0.85502895 -0.71462581
v -0.55195516 0.85155900 -0.71420707
v -0.54210133 0.84894758 -0.71445871
v -0.53222859 0.84632957 -0.71470955
v -0.52233692 0.84370499 -0.71495960
v -0.51242634 0.84107383 -0.71520886
v -0.50249685 0.83843609 -0.71545732
v -0.49254843 0.83579177 -0.71570499
v -0.48258110 0.83314088 -0.71595186
v -0.47259486 0.83048341 -0.71619794
v -0.46254067 0.82698714 -0.71577603
v -0.45256561 0.82514873 -0.71668772
v -0.44252261 0.82247152 -0.71693142
v -0.43244005 0.81896539 -0.71650832
v -0.42236868 0.81627832 -0.71675083
v -0.41227666 0.81276890 -0.71632733
v -0.40217692 0.81007195 -0.71656865
v -0.39205825 0.80736843 -0.71680918
v -0.38194732 0.80385244 -0.71638489
v -0.37180028 0.80113905 -0.71662422
v -0.36167988 0.79761976 -0.71619953
v -0.35150447 0.79489651 -0.71643767
v -0.34137462 0.79137393 -0.71601259
v -0.33117083 0.78864081 -0.71624954
v -0.32094812 0.78590111 -0.71648570
v -0.31070650 0.78315484 -0.71672106
v -0.30034366 0.78118157 -0.71761648
v -0.29005474 0.77841885 -0.71784986
v -0.27986814 0.77487654 -0.71742239
v -0.26942017 0.77287367 -0.71831424
v -0.25907450 0.77009121 -0.71854524
v -0.24870992 0.76730218 -0.71877544
v -0.23832643 0.76450656 -0.71900485
v -0.22792402 0.76170437 -0.71923347
v -0.21750269 0.75889560 -0.71946129
v -0.20687501 0.75683024 -0.72034559
v -0.19640639 0.75400503 -0.72057143
v -0.18571250 0.75191664 -0.72145296
v -0.17498077 0.74981510 -0.72233289
v -0.16443649 0.74696357 -0.72255556
v -0.15387328 0.74410547 -0.72277743
v -0.14353535 0.74051053 -0.72234361
v -0.13294377 0.73764256 -0.72256429
v -0.12233327 0.73476801 -0.72278417
v -0.11170386 0.73188688 -0.72300326
v -0.10077351 0.72971627 -0.72387487
v -0.09009681 0.72681870 -0.72409197
v -0.08000306 0.72249351 -0.72300326
v -0.07116980 0.71534599 -0.71930689
v 0.04088976 0.67311751 -0.71194392
v 0.05542879 0.67621333 -0.71798520
v 0.06495677 0.67126972 -0.71625510
v 0.07621816 0.66898399 -0.71711281
v 0.08751738 0.66668511 -0.71796893
v 0.09839271 0.66371846 -0.71817770
v 0.10928695 0.66074524 -0.71838568
v 0.12020012 0.65776544 -0.71859286
v 0.13113219 0.65477906 -0.71879925
v 0.14208319 0.65178611 -0.71900485
v 0.15356212 0.64942473 -0.71985343
v 0.16456040 0.64641533 -0.72005704
v 0.17610554 0.64403093 -0.72090285
v 0.18715112 0.64100508 -0.72110447
v 0.19821561 0.63797266 -0.72130531
v 0.20929902 0.63493366 -0.72150535
v 0.22040135 0.63188807 -0.72170459
v 0.23094737 0.62822078 -0.72126204
v 0.24207807 0.62516533 -0.72146010
v 0.25322769 0.62210331 -0.72165736
v 0.26439623 0.61903470 -0.72185383
v 0.27558368 0.61595952 -0.72204950
v 0.28679005 0.61287776 -0.72224438
v 0.29801534 0.60978942 -0.72243847
v 0.30861811 0.60610239 -0.72199354
v 0.31922087 0.60241536 -0.72154861
v 0.32916329 0.59814280 -0.72046625
v 0.33707737 0.59213008 -0.71747359
v 0.33812310 0.58035412 -0.70811776
v -0.61931785 0.85557147 -0.71438604
v -0.60989353 0.85391543 -0.71533882
v -0.60024886 0.85137217 -0.71560823
v -0.59041222 0.84795155 -0.71519545
v -0.58057557 0.84453094 -0.71478267
v -0.57073893 0.84111032 -0.71436989
v -0.56104697 0.83855062 -0.71463731
v -0.55133609 0.83598433 -0.71490394
v -0.54160630 0.83341147 -0.71516977
v -0.53185759 0.83083203 -0.71543481
v -0.52208996 0.82824601 -0.71569906
v -0.51220603 0.82480895 -0.71528429
v -0.50241003 0.82221306 -0.71554735
v -0.49259511 0.81961060 -0.71580961
v -0.48276127 0.81700155 -0.71607108
v -0.47290852 0.81438593 -0.71633175
v -0.46303685 0.81176373 -0.71659163
v -0.45314627 0.80913496 -0.71685072
v -0.44323677 0.80649960 -0.71710901
v -0.43328662 0.80303952 -0.71669147
v -0.42334875 0.80039429 -0.71694857
v -0.41338915 0.79693092 -0.71653063
v -0.40342289 0.79427583 -0.71678654
v -0.39343773 0.79161416 -0.71704166
v -0.38345921 0.78814421 -0.71662293
v -0.37344567 0.78547268 -0.71687686
v -0.36345769 0.78199944 -0.71645772
v -0.35346971 0.77852620 -0.71603859
v -0.34341833 0.77584151 -0.71629093
v -0.33334804 0.77315024 -0.71654248
v -0.32325883 0.77045239 -0.71679323
v -0.31305893 0.76852665 -0.71771347
v -0.30292243 0.76581236 -0.71796224
v -0.29276702 0.76309148 -0.71821021
v -0.28259268 0.76036404 -0.71845739
v -0.27239943 0.75763001 -0.71870378
v -0.26204820 0.75565164 -0.71961766
v -0.25180766 0.75290117 -0.71986207
v -0.24154820 0.75014412 -0.72010567
v -0.23126983 0.74738049 -0.72034849
v -0.22097254 0.74461028 -0.72059051
v -0.21065633 0.74183350 -0.72083173
v -0.20032120 0.73905014 -0.72107217
v -0.18976189 0.73699941 -0.72197732
v -0.17916474 0.73493552 -0.72288089
v -0.16875395 0.73212585 -0.72311815
v -0.15832424 0.72930960 -0.72335461
v -0.14811872 0.72576071 -0.72292635
v -0.13766064 0.72293459 -0.72316162
v -0.12718364 0.72010189 -0.72339610
v -0.11668772 0.71726261 -0.72362979
v -0.10617289 0.71441676 -0.72386268
v -0.09563914 0.71156433 -0.72409478
v -0.08628590 0.70588002 -0.72167989
v -0.07915460 0.69529422 -0.71463932
v 0.03268714 0.65721274 -0.71062018
v 0.04663177 0.65965896 -0.71610219
v 0.05728848 0.65676377 -0.71632913
v 0.06884756 0.65517598 -0.71786646
v 0.08001221 0.65291475 -0.71874621
v 0.09075404 0.64998996 -0.71896958
v 0.10151479 0.64705859 -0.71919215
v 0.11229446 0.64412064 -0.71941393
v 0.12309304 0.64117611 -0.71963491
v 0.13440902 0.63886226 -0.72050832
v 0.14525489 0.63590129 -0.72072732
v 0.15611968 0.63293374 -0.72094552
v 0.16753024 0.63058700 -0.72181496
v 0.17790601 0.62697891 -0.72137955
v 0.18882755 0.62399162 -0.72159538
v 0.20032324 0.62161528 -0.72246124
v 0.21072738 0.61799732 -0.72202464
v 0.22170567 0.61499030 -0.72223809
v 0.23270288 0.61197671 -0.72245074
v 0.24371900 0.60895653 -0.72266259
v 0.25475404 0.60592978 -0.72287365
v 0.26580800 0.60289645 -0.72308392
v 0.27625944 0.59926205 -0.72264534
v 0.28671087 0.59562764 -0.72220676
v 0.29844301 0.59316907 -0.72306270
v 0.30891337 0.58952809 -0.72262333
v 0.31938372 0.58588711 -0.72218396
v 0.32851661 0.58109003 -0.72045244
v 0.33422073 0.57343230 -0.71549416
v 0.33497892 0.56182032 -0.70602451
v -0.61800712 0.84070399 -0.71545825
v -0.60850540 0.83820587 -0.71574264
v -0.59880118 0.83483130 -0.71533542
v -0.58909695 0.83145673 -0.71492820
v -0.57955740 0.82894545 -0.71521101
v -0.56999894 0.82642760 -0.71549302
v -0.56042156 0.82390316 -0.71577424
v -0.55068895 0.82051873 -0.71536583
v -0.54108320 0.81798443 -0.71564586
v -0.53145852 0.81544355 -0.71592510
v -0.52181494 0.81289609 -0.71620354
v -0.51205396 0.80950179 -0.71579394
v -0.50238199 0.80694447 -0.71607119
v -0.49269111 0.80438056 -0.71634765
v -0.48298132 0.80181008 -0.71662331
v -0.47325260 0.79923303 -0.71689819
v -0.46350497 0.79664939 -0.71717226
v -0.45369670 0.79323864 -0.71676067
v -0.44392070 0.79064514 -0.71703356
v -0.43412578 0.78804506 -0.71730565
v -0.42429859 0.78462773 -0.71689327
v -0.41447529 0.78201778 -0.71716417
v -0.40463865 0.77859717 -0.71675139
v -0.39480200 0.77517655 -0.71633861
v -0.38496536 0.77175594 -0.71592583
v -0.37509477 0.76912954 -0.71619475
v -0.36524867 0.76570564 -0.71578157
v -0.35540256 0.76228173 -0.71536839
v -0.34543182 0.76042654 -0.71631623
v -0.33542325 0.75855819 -0.71726248
v -0.32537684 0.75667668 -0.71820715
v -0.31538330 0.75400753 -0.71847091
v -0.30537084 0.75133180 -0.71873387
v -0.29522985 0.74941740 -0.71967456
v -0.28517009 0.74672522 -0.71993554
v -0.27509142 0.74402647 -0.72019573
v -0.26513182 0.74056310 -0.71977779
v -0.25502477 0.73785448 -0.72003679
v -0.24489881 0.73513928 -0.72029499
v -0.23475393 0.73241750 -0.72055239
v -0.22459013 0.72968915 -0.72080901
v -0.21422215 0.72769581 -0.72174018
v -0.20401106 0.72495101 -0.72199481
v -0.19357686 0.72293465 -0.72292320
v -0.18353213 0.71944168 -0.72250168
v -0.17304119 0.71740558 -0.72342769
v -0.16297754 0.71390603 -0.72300539
v -0.15267187 0.71112834 -0.72325605
v -0.14259877 0.70762550 -0.72283334
v -0.13226472 0.70483794 -0.72308281
v -0.12218216 0.70133181 -0.72265971
v -0.11181974 0.69853439 -0.72290799
v -0.10143841 0.69573038 -0.72315548
v -0.09193448 0.69081342 -0.72139041
v -0.08462602 0.68101774 -0.71493562
v 0.02946853 0.64940251 -0.71697903
v 0.04040402 0.64721183 -0.71788639
v 0.05094615 0.64435192 -0.71812713
v 0.06194784 0.64213821 -0.71903170
v 0.07253726 0.63926185 -0.71927046
v 0.08360517 0.63702512 -0.72017225
v 0.09424188 0.63413232 -0.72040902
v 0.10489751 0.63123293 -0.72064500
v 0.11557205 0.62832697 -0.72088018
v 0.12626551 0.62541443 -0.72111457
v 0.13748475 0.62312508 -0.72201001
v 0.14822550 0.62019609 -0.72224242
v 0.15898517 0.61726052 -0.72247402
v 0.16976376 0.61431838 -0.72270484
v 0.18056126 0.61136966 -0.72293486
v 0.19137768 0.60841436 -0.72316409
v 0.20221301 0.60545248 -0.72339252
v 0.21306727 0.60248403 -0.72362016
v 0.22394044 0.59950899 -0.72384701
v 0.23483252 0.59652738 -0.72407306
v 0.24514208 0.59294231 -0.72364044
v 0.25606254 0.58995084 -0.72386530
v 0.26638156 0.58636248 -0.72343227
v 0.27733040 0.58336113 -0.72365595
v 0.28765888 0.57976949 -0.72322253
v 0.29798735 0.57617784 -0.72278911
v 0.30831583 0.57258620 -0.72235569
v 0.31864431 0.56899455 -0.72192227
v 0.32694146 0.56369121 -0.71952472
v 0.33106246 0.55500394 -0.71320368
v 0.32944502 0.54186397 -0.70165846
v -0.62476038 0.82314020 -0.71180824
v -0.61687407 0.82680943 -0.71701422
v -0.60738041 0.82390882 -0.71696189
v -0.59778496 0.82057207 -0.71655923
v -0.58818950 0.81723533 -0.71615657
v -0.57859404 0.81389858 -0.71575391
v -0.56907673 0.81098974 -0.71570059
v -0.55969681 0.80893013 -0.71634515
v -0.55015113 0.80601142 -0.71629063
v -0.54059599 0.80308943 -0.71623572
v -0.53109063 0.80058547 -0.71652896
v -0.52151184 0.79765525 -0.71647306
v -0.51192360 0.79472174 -0.71641676
v -0.50237094 0.79220133 -0.71670801
v -0.49275905 0.78925960 -0.71665072
v -0.48317329 0.78672768 -0.71694058
v -0.47353776 0.78377773 -0.71688230
v -0.46391889 0.78123430 -0.71717077
v -0.45425971 0.77827612 -0.71711149
v -0.44460774 0.77572118 -0.71739858
v -0.43491297 0.77234990 -0.71699175
v -0.42521820 0.76897863 -0.71658492
v -0.41552840 0.76641053 -0.71687042
v -0.40582417 0.76303596 -0.71646320
v -0.39610600 0.76045800 -0.71674750
v -0.38636891 0.75787345 -0.71703101
v -0.37661290 0.75528233 -0.71731373
v -0.36679565 0.75347137 -0.71828600
v -0.35699235 0.75086381 -0.71856673
v -0.34717013 0.74824966 -0.71884667
v -0.33739970 0.74485207 -0.71843667
v -0.32746895 0.74300164 -0.71940417
v -0.31758998 0.74036776 -0.71968173
v -0.30779117 0.73696031 -0.71927053
v -0.29777530 0.73508027 -0.72023446
v -0.28783958 0.73242666 -0.72050964
v -0.27801239 0.72900934 -0.72009726
v -0.26804830 0.72634586 -0.72037124
v -0.25791893 0.72442636 -0.72133041
v -0.24806337 0.72099916 -0.72091683
v -0.23804253 0.71831595 -0.72118844
v -0.22800277 0.71562616 -0.72145925
v -0.21794410 0.71292979 -0.72172927
v -0.20786650 0.71022684 -0.72199849
v -0.19756688 0.70824814 -0.72295051
v -0.18765457 0.70480121 -0.72253456
v -0.17752023 0.70207853 -0.72280140
v -0.16736697 0.69934927 -0.72306745
v -0.15743574 0.69589576 -0.72265070
v -0.14750451 0.69244226 -0.72223395
v -0.13731342 0.68969984 -0.72249841
v -0.12737274 0.68624304 -0.72208126
v -0.11715327 0.68349076 -0.72234453
v -0.10691489 0.68073190 -0.72260701
v -0.09755068 0.67587266 -0.72082982
v -0.08976007 0.66755336 -0.71565809
v 0.02297115 0.63636652 -0.71784864
v 0.03294021 0.63289985 -0.71743030
v 0.04419961 0.63138885 -0.71903416
v 0.05507619 0.62920952 -0.71996197
v 0.06554157 0.62637172 -0.72021493
v 0.07602587 0.62352734 -0.72046708
v 0.08652909 0.62067638 -0.72071844
v 0.09752862 0.61845429 -0.72164110
v 0.10807913 0.61558689 -0.72189047
v 0.11864855 0.61271291 -0.72213906
v 0.12923689 0.60983235 -0.72238685
v 0.14035939 0.60756750 -0.72330434
v 0.15099502 0.60467050 -0.72355015
v 0.16164957 0.60176692 -0.72379516
v 0.17232303 0.59885676 -0.72403938
v 0.18301541 0.59594003 -0.72428280
v 0.19316418 0.59241087 -0.72385692
v 0.20388494 0.58948427 -0.72409916
v 0.21462461 0.58655109 -0.72434060
v 0.22538320 0.58361133 -0.72458124
v 0.23556035 0.58007231 -0.72415417
v 0.24634731 0.57712268 -0.72439363
v 0.25653392 0.57358037 -0.72396616
v 0.26672052 0.57003806 -0.72353870
v 0.27754532 0.56707528 -0.72377657
v 0.28774138 0.56352968 -0.72334870
v 0.29793744 0.55998408 -0.72292084
v 0.30813350 0.55643848 -0.72249298
v 0.31765353 0.55232651 -0.72140137
v 0.32509819 0.54653187 -0.71832050
v 0.32690761 0.53628521 -0.70993919
v -0.62284852 0.80672127 -0.71095845
v -0.61541027 0.81170508 -0.71730683
v -0.60613299 0.80927586 -0.71761863
v -0.59683679 0.80684007 -0.71792963
v -0.58708092 0.80225222 -0.71646858
v -0.57768711 0.79938404 -0.71642494
v -0.56836254 0.79693837 -0.71673475
v -0.55901904 0.79448613 -0.71704377
v -0.54958740 0.79160479 -0.71699854
v -0.54014630 0.78872017 -0.71695291
v -0.53069574 0.78583225 -0.71690689
v -0.52123572 0.78294105 -0.71686047
v -0.51181657 0.78046250 -0.71716631
v -0.50237849 0.77797736 -0.71747136
v -0.49288064 0.77507300 -0.71742335
v -0.48340946 0.77257636 -0.71772702
v -0.47385656 0.76925442 -0.71732614
v -0.46433034 0.76634019 -0.71727694
v -0.45479465 0.76342267 -0.71722734
v -0.44526672 0.76090630 -0.71752863
v -0.43570739 0.75798056 -0.71747804
v -0.42613085 0.75465039 -0.71707617
v -0.41656036 0.75211921 -0.71737567
v -0.40697095 0.74958146 -0.71767437
v -0.39736906 0.74664092 -0.71762199
v -0.38775771 0.74369709 -0.71756922
v -0.37810512 0.74153580 -0.71821582
v -0.36846539 0.73858211 -0.71816186
v -0.35876551 0.73640437 -0.71880648
v -0.34903725 0.73421678 -0.71944990
v -0.33931542 0.73163297 -0.71974305
v -0.32957468 0.72904259 -0.72003540
v -0.31981502 0.72644563 -0.72032696
v -0.31008545 0.72346069 -0.72026922
v -0.30029268 0.72085222 -0.72055939
v -0.29048100 0.71823717 -0.72084876
v -0.28065041 0.71561554 -0.72113735
v -0.27080090 0.71298734 -0.72142513
v -0.26093247 0.71035255 -0.72171212
v -0.25104512 0.70771119 -0.72199832
v -0.24130306 0.70432347 -0.72158951
v -0.23138734 0.70167224 -0.72187452
v -0.22145270 0.69901443 -0.72215873
v -0.21149915 0.69635004 -0.72244215
v -0.20152668 0.69367908 -0.72272478
v -0.19174678 0.69027820 -0.72231438
v -0.18152499 0.68831742 -0.72328765
v -0.17195658 0.68419320 -0.72218502
v -0.16192736 0.68150250 -0.72246527
v -0.15212855 0.67809504 -0.72205407
v -0.14207095 0.67539448 -0.72233313
v -0.13226268 0.67198373 -0.72192154
v -0.12217671 0.66927330 -0.72219940
v -0.11235898 0.66585926 -0.72178742
v -0.10283787 0.66175149 -0.72068677
v -0.09517213 0.65350760 -0.71545734
v 0.00465244 0.62357570 -0.71547499
v 0.01568160 0.62213105 -0.71711548
v 0.02634794 0.62001568 -0.71807010
v 0.03748114 0.61853485 -0.71970623
v 0.04779411 0.61574548 -0.71997457
v 0.05857395 0.61359065 -0.72092443
v 0.06939162 0.61142266 -0.72187269
v 0.07978025 0.60860698 -0.72213785
v 0.09018781 0.60578472 -0.72240222
v 0.10061428 0.60295588 -0.72266580
v 0.11105966 0.60012046 -0.72292858
v 0.12202866 0.59789985 -0.72387050
v 0.13252134 0.59504799 -0.72413129
v 0.14303294 0.59218955 -0.72439130
v 0.15356345 0.58932453 -0.72465051
v 0.16411287 0.58645293 -0.72490892
v 0.17468122 0.58357476 -0.72516654
v 0.18470703 0.58008836 -0.72474582
v 0.19530375 0.57720032 -0.72500226
v 0.20591939 0.57430570 -0.72525789
v 0.21596411 0.57081273 -0.72483638
v 0.22660812 0.56790824 -0.72509083
v 0.23666231 0.56441198 -0.72466892
v 0.24671650 0.56091572 -0.72424701
v 0.25739834 0.55799808 -0.72449987
v 0.26746199 0.55449852 -0.72407756
v 0.27752563 0.55099897 -0.72365525
v 0.28758927 0.54749942 -0.72323295
v 0.29765292 0.54399987 -0.72281064
v 0.30771656 0.54050031 -0.72238834
v 0.31641139 0.53588299 -0.72062126
v 0.32298679 0.52961202 -0.71683979
v 0.32313769 0.51840317 -0.70701796
v -0.61778585 0.77784610 -0.69942823
v -0.60908428 0.77640482 -0.70048328
v -0.60250411 0.78441670 -0.70943844
v -0.59511752 0.78977121 -0.71622946
v -0.58612274 0.78822797 -0.71727221
v -0.57692220 0.78582087 -0.71759622
v -0.56770274 0.78340719 -0.71791944
v -0.55838987 0.78056487 -0.71788368
v -0.54913731 0.77813968 -0.71820551
v -0.53973575 0.77487036 -0.71781099
v -0.53039450 0.77201818 -0.71777405
v -0.52104379 0.76916270 -0.71773671
v -0.51173448 0.76671777 -0.71805616
v -0.50236013 0.76385408 -0.71801782
v -0.49301772 0.76139764 -0.71833588
v -0.48365639 0.75893462 -0.71865315
v -0.47421226 0.75565051 -0.71825684
v -0.46479535 0.75277200 -0.71821672
v -0.45536897 0.74989022 -0.71817620
v -0.44593314 0.74700514 -0.71813529
v -0.43648785 0.74411677 -0.71809398
v -0.42703310 0.74122511 -0.71805228
v -0.41756890 0.73833017 -0.71801018
v -0.40809407 0.73582768 -0.71832268
v -0.39860032 0.73331862 -0.71863439
v -0.38909828 0.73041052 -0.71859070
v -0.37957143 0.72788995 -0.71890101
v -0.37004574 0.72497362 -0.71885633
v -0.36046098 0.72282907 -0.71951927
v -0.35084784 0.72067465 -0.72018102
v -0.34127486 0.71774188 -0.72013435
v -0.33161443 0.71557101 -0.72079411
v -0.32196935 0.71300932 -0.72109947
v -0.31230536 0.71044106 -0.72140403
v -0.30262244 0.70786622 -0.72170780
v -0.29292061 0.70528480 -0.72201078
v -0.28326251 0.70232242 -0.72196054
v -0.27352758 0.69972949 -0.72226213
v -0.26377373 0.69712998 -0.72256292
v -0.25407779 0.69415446 -0.72251109
v -0.24437240 0.69117564 -0.72245887
v -0.23474384 0.68782738 -0.72205482
v -0.22493324 0.68520814 -0.72235323
v -0.21519947 0.68221945 -0.72229982
v -0.20545624 0.67922748 -0.72224601
v -0.19580876 0.67587265 -0.72184116
v -0.18605135 0.67287574 -0.72178676
v -0.17639914 0.66951926 -0.72138172
v -0.16662754 0.66651742 -0.72132672
v -0.15684648 0.66351229 -0.72127132
v -0.14692711 0.66085523 -0.72156516
v -0.13725599 0.65749217 -0.72115933
v -0.12758486 0.65412911 -0.72075349
v -0.11748462 0.65180530 -0.72139480
v -0.10794707 0.64809254 -0.72063952
v -0.10040146 0.63992242 -0.71535219
v -0.01562763 0.60687758 -0.70859933
v -0.00086129 0.61204278 -0.71721097
v 0.00965155 0.60997165 -0.71819001
v 0.02020223 0.60788737 -0.71916747
v 0.03079074 0.60578992 -0.72014333
v 0.04097967 0.60303912 -0.72042587
v 0.05163439 0.60091865 -0.72139896
v 0.06232694 0.59878503 -0.72237046
v 0.07259154 0.59600791 -0.72264982
v 0.08335030 0.59385126 -0.72361854
v 0.09366219 0.59105770 -0.72389591
v 0.10399300 0.58825756 -0.72417250
v 0.11383910 0.58483365 -0.72375932
v 0.12471136 0.58263754 -0.72472328
v 0.13509892 0.57981766 -0.72499748
v 0.14550539 0.57699121 -0.72527088
v 0.15538933 0.57355415 -0.72485612
v 0.16582418 0.57071782 -0.72512834
v 0.17627794 0.56787492 -0.72539976
v 0.18618080 0.56443129 -0.72498420
v 0.19666294 0.56157852 -0.72525443
v 0.20657525 0.55813159 -0.72483847
v 0.21708576 0.55526896 -0.72510751
v 0.22700753 0.55181874 -0.72469116
v 0.23754642 0.54894624 -0.72495901
v 0.24747765 0.54549273 -0.72454226
v 0.25740888 0.54203923 -0.72412551
v 0.26734011 0.53858572 -0.72370876
v 0.27727134 0.53513222 -0.72329201
v 0.28720256 0.53167871 -0.72287526
v 0.29713379 0.52822520 -0.72245851
v 0.30774835 0.52532639 -0.72272319
v 0.31630346 0.52076679 -0.72094399
v 0.32060728 0.51293166 -0.71508259
v 0.31799858 0.49997333 -0.70276533
v -0.58988942 0.75704604 -0.70080910
v -0.58469358 0.77217571 -0.71605152
v -0.57613353 0.77235000 -0.71856868
v -0.56693943 0.76954669 -0.71854240
v -0.55773586 0.76674010 -0.71851574
v -0.54845253 0.76351189 -0.71812617
v -0.53923478 0.76070037 -0.71809891
v -0.53006842 0.75830058 -0.71843335
v -0.52099540 0.75672100 -0.71949079
v -0.51173036 0.75389302 -0.71946154
v -0.50250253 0.75147186 -0.71979340
v -0.49321384 0.74863567 -0.71976316
v -0.48387848 0.74538937 -0.71937142
v -0.47454313 0.74214308 -0.71897967
v -0.46523552 0.73930030 -0.71894864
v -0.45589544 0.73605236 -0.71855670
v -0.44657365 0.73320465 -0.71852507
v -0.43725596 0.73075225 -0.71885315
v -0.42791052 0.72789632 -0.71882053
v -0.41855563 0.72503710 -0.71878751
v -0.40919127 0.72217459 -0.71875410
v -0.39981211 0.71970080 -0.71907960
v -0.39042411 0.71683007 -0.71904519
v -0.38102665 0.71395605 -0.71901039
v -0.37158065 0.71185289 -0.71969264
v -0.36213054 0.70935444 -0.72001517
v -0.35263252 0.70723319 -0.72069523
v -0.34317358 0.70433779 -0.72065785
v -0.33362827 0.70220010 -0.72133593
v -0.32414096 0.69929484 -0.72129735
v -0.31459627 0.69676349 -0.72161592
v -0.30503267 0.69422557 -0.72193369
v -0.29539277 0.69205499 -0.72260780
v -0.28578660 0.68950226 -0.72292378
v -0.27616152 0.68694296 -0.72323897
v -0.26651752 0.68437708 -0.72355336
v -0.25700719 0.68106993 -0.72315427
v -0.24749686 0.67776279 -0.72275519
v -0.23790077 0.67481970 -0.72271205
v -0.22847619 0.67114851 -0.72195701
v -0.21896586 0.66784136 -0.72155793
v -0.20955546 0.66417510 -0.72080349
v -0.20015452 0.66051213 -0.72004944
v -0.19054425 0.65756410 -0.72000571
v -0.18092452 0.65461279 -0.71996158
v -0.17141419 0.65130565 -0.71956249
v -0.16178027 0.64834940 -0.71951776
v -0.15213690 0.64538987 -0.71947264
v -0.14235102 0.64277465 -0.71978108
v -0.13254623 0.64015286 -0.72008872
v -0.12243752 0.63821312 -0.72110271
v -0.11287990 0.63488953 -0.72070164
v -0.10544969 0.62679153 -0.71535620
v -0.01963790 0.59773891 -0.71247432
v -0.00714828 0.59930382 -0.71734340
v 0.00323945 0.59726705 -0.71834567
v 0.01387372 0.59553843 -0.71969715
v 0.02412840 0.59315406 -0.72034546
v 0.03462963 0.59107783 -0.72134298
v 0.04494580 0.58867208 -0.72198871
v 0.05574559 0.58688590 -0.72333324
v 0.06589561 0.58414405 -0.72362640
v 0.07606454 0.58139563 -0.72391877
v 0.08625239 0.57864063 -0.72421034
v 0.09645916 0.57587905 -0.72450112
v 0.10618231 0.57249790 -0.72409310
v 0.11692945 0.57033615 -0.72508029
v 0.12719297 0.56755484 -0.72536869
v 0.13747541 0.56476695 -0.72565629
v 0.14723639 0.56137265 -0.72524669
v 0.15754720 0.55857489 -0.72553310
v 0.16731763 0.55517730 -0.72512310
v 0.17765682 0.55236967 -0.72540832
v 0.18743671 0.54896879 -0.72499792
v 0.19780427 0.54615130 -0.72528195
v 0.20759363 0.54274713 -0.72487116
v 0.21798956 0.53991976 -0.72515400
v 0.22840442 0.53708583 -0.72543604
v 0.23821269 0.53367508 -0.72502445
v 0.24802096 0.53026433 -0.72461286
v 0.25782923 0.52685358 -0.72420127
v 0.26763750 0.52344283 -0.72378968
v 0.27744577 0.52003209 -0.72337809
v 0.28725404 0.51662134 -0.72296651
v 0.29706231 0.51321059 -0.72255492
v 0.30756228 0.51034705 -0.72283339
v 0.31527652 0.50530126 -0.72035240
v 0.31582777 0.49486890 -0.71098109
v -0.58072067 0.74440242 -0.70427916
v -0.57353529 0.75012708 -0.71162250
v -0.56486632 0.74907045 -0.71307893
v -0.55615006 0.74799737 -0.71453337
v -0.54745736 0.74732408 -0.71635284
v -0.53857566 0.74580188 -0.71743630
v -0.52959474 0.74385360 -0.71815156
v -0.52069877 0.74271803 -0.71959846
v -0.51165163 0.74074672 -0.72031093
v -0.50248172 0.73794954 -0.72029017
v -0.49338729 0.73596179 -0.72100066
v -0.48415125 0.73275003 -0.72061308
v -0.47488219 0.72913520 -0.71986008
v -0.46565088 0.72592508 -0.71947270
v -0.45641956 0.72271497 -0.71908532
v -0.44720708 0.71990298 -0.71906277
v -0.43798514 0.71708771 -0.71903983
v -0.42876311 0.71466400 -0.71938092
v -0.41951753 0.71184051 -0.71935699
v -0.41026248 0.70901373 -0.71933266
v -0.40099798 0.70618366 -0.71930793
v -0.39171448 0.70373857 -0.71964644
v -0.38242633 0.70090027 -0.71962072
v -0.37310972 0.69844367 -0.71995784
v -0.36377420 0.69598049 -0.72029417
v -0.35444821 0.69312904 -0.72026686
v -0.34507959 0.69065435 -0.72060181
v -0.33565412 0.68855147 -0.72129840
v -0.32628558 0.68568522 -0.72126931
v -0.31676544 0.68394102 -0.72232598
v -0.30731169 0.68143673 -0.72265734
v -0.29778219 0.67929768 -0.72334958
v -0.28828587 0.67677858 -0.72367916
v -0.27877064 0.67425291 -0.72400795
v -0.26937853 0.67098688 -0.72361383
v -0.25998643 0.66772085 -0.72321970
v -0.25067480 0.66409122 -0.72246491
v -0.24128743 0.66082683 -0.72207098
v -0.23198999 0.65720214 -0.72131679
v -0.22270201 0.65358073 -0.72056299
v -0.21332410 0.65031963 -0.72016946
v -0.20405031 0.64670316 -0.71941625
v -0.19456826 0.64379744 -0.71938240
v -0.18507676 0.64088843 -0.71934814
v -0.17581243 0.63727525 -0.71859533
v -0.16631147 0.63436295 -0.71856068
v -0.15667328 0.63179452 -0.71888431
v -0.14714867 0.62887400 -0.71884867
v -0.13775184 0.62560633 -0.71845434
v -0.12807108 0.62302310 -0.71877619
v -0.11895817 0.61907098 -0.71766569
v -0.11107552 0.61241398 -0.71369449
v -0.02537780 0.58574597 -0.71301065
v -0.01320848 0.58699640 -0.71759656
v -0.00314458 0.58467152 -0.71826637
v 0.00736403 0.58297517 -0.71964559
v 0.01749414 0.58062726 -0.72031262
v 0.02765262 0.57826949 -0.72097846
v 0.03783948 0.57590185 -0.72164311
v 0.04828180 0.57383697 -0.72266108
v 0.05853013 0.57144795 -0.72332315
v 0.06880685 0.56904906 -0.72398402
v 0.07887066 0.56633262 -0.72428979
v 0.08895339 0.56360961 -0.72459477
v 0.09880431 0.56057562 -0.72454543
v 0.10892015 0.55784109 -0.72484902
v 0.11905490 0.55509998 -0.72515181
v 0.12947349 0.55265176 -0.72580673
v 0.13911151 0.54930022 -0.72540229
v 0.14929828 0.54654102 -0.72570290
v 0.15922487 0.54348071 -0.72565038
v 0.16916091 0.54041712 -0.72559747
v 0.17910641 0.53735024 -0.72554417
v 0.18935466 0.53456966 -0.72584220
v 0.19932381 0.53149456 -0.72578790
v 0.20930241 0.52841616 -0.72573320
v 0.21929048 0.52533448 -0.72567811
v 0.22897579 0.52196649 -0.72527168
v 0.23866110 0.51859850 -0.72486525
v 0.24834641 0.51523051 -0.72445882
v 0.25803173 0.51186252 -0.72405239
v 0.26771704 0.50849453 -0.72364596
v 0.27740235 0.50512654 -0.72323953
v 0.28776883 0.50230485 -0.72353260
v 0.29746360 0.49893357 -0.72312577
v 0.30645829 0.49502257 -0.72202024
v 0.31188633 0.48843597 -0.71742396
v 0.31252737 0.47842339 -0.70829602
v -0.57063389 0.72682737 -0.70317134
v -0.56226601 0.72625331 -0.70503142
v -0.55391750 0.72607530 -0.70726085
v -0.54550278 0.72587426 -0.70948750
v -0.53702186 0.72565019 -0.71171137
v -0.52859859 0.72622478 -0.71467474
v -0.52014740 0.72717896 -0.71800547
v -0.51154916 0.72769270 -0.72096150
v -0.50257931 0.72574141 -0.72169070
v -0.49349506 0.72297174 -0.72167803
v -0.48440135 0.72019877 -0.72166497
v -0.47526462 0.71702155 -0.72128156
v -0.46609906 0.71344500 -0.72052840
v -0.45699116 0.71066710 -0.72051474
v -0.44785443 0.70748987 -0.72013133
v -0.43873234 0.70470704 -0.72011707
v -0.42960079 0.70192092 -0.72010241
v -0.42045979 0.69913151 -0.72008736
v -0.41130978 0.69672827 -0.72044047
v -0.40214513 0.69393064 -0.72042443
v -0.39298002 0.69074354 -0.72003983
v -0.38378745 0.68832550 -0.72039115
v -0.37459443 0.68551800 -0.72037391
v -0.36539194 0.68270721 -0.72035628
v -0.35615208 0.68027273 -0.72070562
v -0.34686065 0.67820961 -0.72142133
v -0.33757823 0.67576033 -0.72176888
v -0.32831899 0.67292980 -0.72174887
v -0.31895663 0.67084202 -0.72246160
v -0.30956589 0.66874437 -0.72317315
v -0.30014677 0.66663685 -0.72388350
v -0.29082133 0.66378330 -0.72386071
v -0.28155218 0.66056003 -0.72347174
v -0.27228304 0.65733676 -0.72308278
v -0.26323953 0.65302404 -0.72159767
v -0.25398457 0.64980571 -0.72120929
v -0.24498362 0.64550779 -0.71972597
v -0.23574285 0.64229439 -0.71933820
v -0.22669033 0.63836785 -0.71822124
v -0.21745902 0.63515773 -0.71783387
v -0.20812412 0.63230089 -0.71781068
v -0.19867144 0.62979240 -0.71815108
v -0.18931290 0.62692735 -0.71812690
v -0.17982712 0.62440735 -0.71846592
v -0.17044493 0.62153406 -0.71844075
v -0.16118051 0.61831244 -0.71805198
v -0.15178413 0.61543422 -0.71802621
v -0.14224160 0.61289449 -0.71836285
v -0.13324584 0.60898768 -0.71724828
v -0.12426899 0.60508745 -0.71613451
v -0.11802687 0.59513077 -0.70850181
v -0.03186555 0.57256558 -0.71188839
v -0.01884536 0.57543464 -0.71834423
v -0.00889185 0.57314129 -0.71903216
v 0.00088241 0.57052098 -0.71935907
v 0.01067558 0.56789408 -0.71968519
v 0.02048767 0.56526061 -0.72001051
v 0.03076231 0.56324489 -0.72105350
v 0.04107478 0.56121602 -0.72209491
v 0.05142509 0.55917398 -0.72313472
v 0.06134122 0.55650433 -0.72345568
v 0.07151700 0.55413369 -0.72413428
v 0.08147569 0.55144924 -0.72445345
v 0.09145330 0.54875820 -0.72477183
v 0.10144983 0.54606059 -0.72508942
v 0.11146527 0.54335640 -0.72540621
v 0.12149964 0.54064564 -0.72572220
v 0.13155291 0.53792829 -0.72603741
v 0.14135127 0.53491029 -0.72599477
v 0.15088052 0.53159657 -0.72559489
v 0.16097636 0.52886443 -0.72590831
v 0.17109112 0.52612571 -0.72622093
v 0.18093204 0.52309291 -0.72617651
v 0.19078241 0.52005682 -0.72613169
v 0.20064225 0.51701744 -0.72608647
v 0.21020460 0.51369220 -0.72568520
v 0.22007863 0.51064789 -0.72563939
v 0.22996211 0.50760029 -0.72559318
v 0.23953392 0.50427177 -0.72519152
v 0.24910574 0.50094325 -0.72478985
v 0.25867755 0.49761473 -0.72438818
v 0.26824936 0.49428621 -0.72398651
v 0.27816122 0.49122874 -0.72393911
v 0.28773776 0.48789857 -0.72353725
v 0.29766380 0.48483617 -0.72348925
v 0.30618238 0.48070600 -0.72202617
v 0.31036504 0.47341199 -0.71632259
v 0.30749571 0.46117353 -0.70391272
v -0.55332506 0.71343444 -0.70787723
v -0.54479764 0.71201716 -0.70901152
v -0.53636679 0.71140750 -0.71089594
v -0.52812908 0.71241306 -0.71428059
v -0.51985454 0.71379283 -0.71803673
v -0.51158198 0.71594733 -0.72253902
v -0.50270361 0.71402099 -0.72328555
v -0.49375330 0.71168263 -0.72365603
v -0.48470643 0.70853665 -0.72327639
v -0.47565955 0.70539067 -0.72289675
v -0.46658331 0.70184746 -0.72214285
v -0.45754116 0.69870313 -0.72176341
v -0.44849901 0.69555879 -0.72138396
v -0.43947205 0.69280675 -0.72137819
v -0.43043562 0.69005143 -0.72137203
v -0.42138974 0.68729281 -0.72136546
v -0.41233341 0.68414354 -0.72098543
v -0.40327334 0.68137999 -0.72097827
v -0.39420381 0.67861315 -0.72097071
v -0.38512482 0.67584302 -0.72096276
v -0.37601846 0.67345039 -0.72132669
v -0.36693848 0.67029290 -0.72094566
v -0.35780374 0.66789040 -0.72130840
v -0.34861797 0.66585717 -0.72204204
v -0.33944066 0.66343986 -0.72240299
v -0.33024444 0.66101598 -0.72276315
v -0.32098301 0.65895644 -0.72349361
v -0.31169320 0.65688703 -0.72422288
v -0.30243077 0.65444013 -0.72458026
v -0.29333088 0.65088870 -0.72382536
v -0.28424045 0.64734056 -0.72307086
v -0.27529936 0.64307032 -0.72157656
v -0.26623730 0.63953204 -0.72082325
v -0.25718470 0.63599706 -0.72007034
v -0.24830982 0.63174984 -0.71857882
v -0.23928560 0.62822472 -0.71782709
v -0.23008365 0.62541183 -0.71781398
v -0.22097057 0.62224283 -0.71743156
v -0.21206358 0.61837146 -0.71631173
v -0.20306773 0.61485621 -0.71556120
v -0.19408134 0.61134425 -0.71481106
v -0.18475270 0.60887432 -0.71516567
v -0.17503926 0.60743163 -0.71662322
v -0.16578529 0.60460065 -0.71660793
v -0.15652187 0.60176639 -0.71659224
v -0.14738514 0.59858916 -0.71620883
v -0.13853017 0.59473589 -0.71509117
v -0.12998534 0.59021642 -0.71324047
v -0.12418443 0.57968485 -0.70479030
v -0.04063790 0.55566341 -0.70613383
v -0.02603845 0.56142303 -0.71596612
v -0.01582845 0.55980766 -0.71740284
v -0.00577824 0.55786085 -0.71847323
v 0.00388617 0.55527416 -0.71881375
v 0.01356949 0.55268089 -0.71915347
v 0.02349301 0.55039112 -0.71985614
v 0.03412292 0.54901675 -0.72164827
v 0.04457884 0.54731587 -0.72307467
v 0.05461112 0.54498827 -0.72377278
v 0.06443159 0.54234731 -0.72410675
v 0.07451590 0.54000162 -0.72480268
v 0.08462858 0.53764607 -0.72549741
v 0.09451526 0.53498209 -0.72582860
v 0.10416175 0.53201461 -0.72579683
v 0.11408153 0.52933912 -0.72612663
v 0.12375166 0.52636343 -0.72609387
v 0.13370454 0.52367642 -0.72642228
v 0.14339832 0.52069251 -0.72638853
v 0.15310155 0.51770530 -0.72635438
v 0.16281425 0.51471480 -0.72631983
v 0.17253640 0.51172102 -0.72628489
v 0.18226801 0.50872395 -0.72624955
v 0.19200907 0.50572358 -0.72621381
v 0.20206600 0.50300040 -0.72653786
v 0.21151959 0.49971299 -0.72614115
v 0.22128903 0.49670276 -0.72610422
v 0.23074734 0.49341371 -0.72570732
v 0.24020565 0.49012465 -0.72531041
v 0.24966397 0.48683560 -0.72491351
v 0.25912228 0.48354655 -0.72451661
v 0.26892010 0.48052645 -0.72447849
v 0.27838314 0.47723575 -0.72408138
v 0.28854411 0.47447639 -0.72440106
v 0.29872399 0.47171045 -0.72471994
v 0.30677226 0.46736366 -0.72289008
v 0.30606708 0.45677243 -0.71247473
v 0.30288979 0.44471875 -0.69992492
v -0.57005496 0.70652853 -0.70865416
v -0.56167157 0.70515220 -0.70981248
v -0.55325035 0.70376271 -0.71096922
v -0.54471883 0.70195013 -0.71174379
v -0.53629441 0.70094426 -0.71327792
v -0.52794873 0.70073524 -0.71557041
v -0.51988654 0.70293318 -0.72013998
v -0.51170140 0.70508837 -0.72470438
v -0.50290504 0.70318370 -0.72546784
v -0.49394802 0.70006896 -0.72509197
v -0.48503036 0.69735265 -0.72509529
v -0.47606861 0.69423627 -0.72471922
v -0.46704704 0.69032963 -0.72358558
v -0.45809475 0.68721654 -0.72320991
v -0.44916291 0.68449530 -0.72321263
v -0.44020589 0.68138057 -0.72283676
v -0.43124886 0.67826583 -0.72246090
v -0.42229811 0.67553801 -0.72246282
v -0.41333635 0.67242163 -0.72208675
v -0.40437141 0.66968887 -0.72208808
v -0.39539700 0.66695283 -0.72208901
v -0.38641314 0.66421349 -0.72208955
v -0.37743720 0.66109218 -0.72171288
v -0.36843915 0.65834791 -0.72171282
v -0.35943164 0.65560035 -0.72171237
v -0.35038311 0.65322326 -0.72208772
v -0.34127935 0.65121169 -0.72283828
v -0.33218825 0.64881980 -0.72321184
v -0.32312399 0.64605250 -0.72320900
v -0.31394930 0.64401627 -0.72395659
v -0.30485667 0.64123911 -0.72395256
v -0.29599436 0.63700312 -0.72244808
v -0.28696640 0.63386372 -0.72206923
v -0.27807725 0.63000312 -0.72094115
v -0.26928114 0.62579016 -0.71943945
v -0.26051341 0.62158705 -0.71793894
v -0.25152329 0.61846081 -0.71756168
v -0.24253316 0.61533456 -0.71718442
v -0.23344999 0.61256069 -0.71718079
v -0.22435735 0.60978353 -0.71717676
v -0.21576780 0.60525766 -0.71530619
v -0.20807397 0.59796542 -0.71045298
v -0.20060560 0.59036685 -0.70523170
v -0.19209325 0.58625255 -0.70374190
v -0.18045225 0.59105330 -0.71193658
v -0.17048600 0.59066547 -0.71453859
v -0.16162203 0.58719836 -0.71378910
v -0.15249629 0.58440969 -0.71378368
v -0.14406280 0.57993808 -0.71191967
v -0.13537700 0.57614820 -0.71080012
v -0.04802053 0.54115391 -0.70260398
v -0.03260681 0.54849004 -0.71441564
v -0.02212828 0.54753934 -0.71661863
v -0.01240974 0.54531398 -0.71734339
v -0.00287410 0.54276750 -0.71769830
v 0.00646445 0.53990483 -0.71768395
v 0.01581246 0.53703886 -0.71766920
v 0.02719912 0.53692655 -0.72096667
v 0.03752938 0.53525794 -0.72242083
v 0.04767202 0.53326985 -0.72350532
v 0.05785248 0.53126859 -0.72458823
v 0.06782640 0.52895444 -0.72530228
v 0.07757958 0.52633231 -0.72564806
v 0.08709784 0.52340714 -0.72562617
v 0.09688413 0.52077350 -0.72597056
v 0.10668933 0.51813328 -0.72631416
v 0.11651345 0.51548648 -0.72665696
v 0.12608372 0.51254323 -0.72663289
v 0.13566346 0.50959668 -0.72660842
v 0.14525266 0.50664685 -0.72658355
v 0.15485131 0.50369372 -0.72655829
v 0.16445942 0.50073731 -0.72653263
v 0.17407699 0.49777761 -0.72650657
v 0.18370402 0.49481462 -0.72648011
v 0.19334051 0.49184833 -0.72645326
v 0.20298645 0.48887877 -0.72642601
v 0.21264185 0.48590591 -0.72639837
v 0.22198667 0.48265632 -0.72600623
v 0.23133148 0.47940674 -0.72561408
v 0.24067629 0.47615715 -0.72522194
v 0.25035534 0.47317607 -0.72519331
v 0.26004385 0.47019170 -0.72516427
v 0.26939812 0.46693883 -0.72477173
v 0.27979766 0.46447666 -0.72546792
v 0.28951927 0.46148078 -0.72543750
v 0.30103975 0.45978301 -0.72721923
v 0.30463954 0.45237552 -0.72102770
v 0.30294523 0.44142277 -0.70977292
v -0.58605497 0.69832202 -0.70805656
v -0.57782981 0.69699157 -0.70923951
v -0.56947961 0.69523519 -0.71003518
v -0.56093610 0.69264670 -0.71005869
v -0.55292731 0.69292127 -0.71277881
v -0.54469683 0.69235386 -0.71472559
v -0.53647789 0.69217291 -0.71705487
v -0.52825629 0.69237349 -0.71976606
v -0.52025314 0.69456225 -0.72439655
v -0.51180247 0.69430072 -0.72671611
v -0.50298939 0.69161849 -0.72672831
v -0.49421150 0.68933094 -0.72712401
v -0.48533487 0.68624416 -0.72675151
v -0.47642307 0.68276271 -0.72599552
v -0.46752072 0.67928454 -0.72523992
v -0.45865355 0.67620105 -0.72486782
v -0.44978638 0.67311757 -0.72449572
v -0.44091922 0.67003408 -0.72412362
v -0.43205205 0.66695059 -0.72375153
v -0.42319168 0.66425192 -0.72376174
v -0.41431979 0.66116678 -0.72338944
v -0.40544523 0.65846318 -0.72339906
v -0.39656861 0.65537640 -0.72302657
v -0.38767987 0.65266786 -0.72303559
v -0.37878167 0.64995602 -0.72304421
v -0.36989558 0.64686596 -0.72267132
v -0.36095690 0.64452249 -0.72306027
v -0.35203032 0.64180080 -0.72306771
v -0.34302277 0.63981583 -0.72383580
v -0.33406782 0.63708426 -0.72384204
v -0.32514864 0.63398269 -0.72346776
v -0.31632934 0.63015095 -0.72233362
v -0.30747429 0.62668923 -0.72158000
v -0.29868810 0.62286901 -0.72044725
v -0.28985669 0.61941552 -0.71969463
v -0.28103474 0.61596531 -0.71894241
v -0.27222224 0.61251839 -0.71819058
v -0.26357585 0.60836433 -0.71668167
v -0.25487479 0.60457372 -0.71555249
v -0.24601708 0.60149352 -0.71518079
v -0.23697435 0.59911387 -0.71556537
v -0.22820442 0.59568175 -0.71481533
v -0.21974985 0.59121196 -0.71293244
v -0.21229339 0.58364724 -0.70765321
v -0.18401311 0.57993213 -0.71257888
v -0.17465295 0.57820699 -0.71371420
v -0.16629769 0.57377173 -0.71183548
v -0.15757505 0.57035606 -0.71108742
v -0.14942108 0.56560835 -0.70883512
v -0.03914494 0.53567451 -0.71261210
v -0.02799748 0.53600498 -0.71634660
v -0.01839406 0.53381280 -0.71708968
v -0.00897300 0.53130160 -0.71745839
v 0.00003604 0.52816877 -0.71708034
v 0.00948548 0.52564770 -0.71744786
v 0.02075324 0.52555388 -0.72079528
v 0.03142661 0.52451942 -0.72302156
v 0.04146305 0.52255912 -0.72412850
v 0.05153731 0.52058566 -0.72523385
v 0.06116173 0.51800374 -0.72559403
v 0.07080506 0.51541524 -0.72595341
v 0.08046731 0.51282016 -0.72631200
v 0.08989044 0.50992578 -0.72629859
v 0.09958579 0.50731919 -0.72665579
v 0.10903258 0.50441660 -0.72664140
v 0.11876103 0.50179850 -0.72699721
v 0.12823146 0.49888768 -0.72698182
v 0.13771134 0.49597357 -0.72696604
v 0.14720069 0.49305617 -0.72694986
v 0.15669949 0.49013548 -0.72693328
v 0.16620775 0.48721151 -0.72691630
v 0.17602606 0.48456216 -0.72726834
v 0.18525264 0.48135369 -0.72688116
v 0.19478927 0.47841985 -0.72686300
v 0.20433537 0.47548271 -0.72684443
v 0.21325190 0.47199961 -0.72608824
v 0.22280745 0.46905919 -0.72606928
v 0.23204349 0.46584743 -0.72568170
v 0.24127954 0.46263567 -0.72529413
v 0.25085400 0.45968867 -0.72527437
v 0.26043793 0.45673839 -0.72525422
v 0.27037920 0.45404628 -0.72560110
v 0.27998677 0.45108777 -0.72557996
v 0.29067583 0.44890052 -0.72665951
v 0.29995443 0.44567396 -0.72627015
v 0.30226383 0.43760441 -0.71891475
v 0.29807752 0.42529211 -0.70533751
v -0.60958420 0.69132734 -0.70600403
v -0.60187505 0.69130767 -0.70838617
v -0.59399777 0.69084938 -0.71037474
v -0.58596654 0.68995739 -0.71197033
v -0.57742569 0.68698737 -0.71161193
v -0.56914805 0.68524937 -0.71242413
v -0.56059300 0.68227442 -0.71206513
v -0.55274248 0.68296591 -0.71521439
v -0.54473328 0.68322206 -0.71797047
v -0.53664841 0.68345190 -0.72072337
v -0.52868016 0.68486277 -0.72464073
v -0.52060786 0.68623747 -0.72855372
v -0.51188518 0.68358439 -0.72857421
v -0.50315304 0.68092801 -0.72859430
v -0.49441145 0.67826835 -0.72861399
v -0.48557950 0.67481695 -0.72785685
v -0.47679273 0.67176142 -0.72748813
v -0.46797497 0.66831496 -0.72673158
v -0.45919292 0.66526107 -0.72636306
v -0.45038935 0.66181954 -0.72560710
v -0.44161204 0.65876730 -0.72523878
v -0.43283472 0.65571505 -0.72487045
v -0.42406475 0.65304553 -0.72488895
v -0.41528271 0.64999164 -0.72452043
v -0.40650066 0.64693776 -0.72415190
v -0.39771862 0.64388387 -0.72378337
v -0.38892500 0.64120612 -0.72380088
v -0.38012193 0.63852508 -0.72381800
v -0.37128836 0.63621360 -0.72422035
v -0.36246164 0.63352434 -0.72423647
v -0.35362546 0.63083179 -0.72425220
v -0.34477982 0.62813595 -0.72426752
v -0.33600462 0.62470428 -0.72351277
v -0.32723888 0.62127591 -0.72275840
v -0.31853201 0.61748784 -0.72161999
v -0.30968164 0.61479035 -0.72163512
v -0.30070409 0.61280896 -0.72241795
v -0.29195253 0.60938552 -0.72166418
v -0.28334709 0.60525256 -0.72014350
v -0.27491612 0.60041996 -0.71785710
v -0.26637688 0.59631002 -0.71633920
v -0.25778351 0.59256142 -0.71520555
v -0.24920905 0.58881940 -0.71407269
v -0.24046957 0.58578032 -0.71370595
v -0.23173009 0.58274123 -0.71333921
v -0.22339632 0.57832258 -0.71144341
v -0.21584348 0.57151438 -0.70687473
v -0.18839372 0.56653087 -0.71036110
v -0.17904305 0.56518005 -0.71190132
v -0.17094313 0.56046257 -0.70962881
v -0.16235237 0.55709504 -0.70888179
v -0.04584885 0.52266444 -0.71017723
v -0.03424226 0.52395059 -0.71510148
v -0.02435248 0.52241230 -0.71661908
v -0.01483580 0.52024343 -0.71737929
v -0.00550567 0.51775928 -0.71776080
v 0.00340406 0.51466099 -0.71738692
v 0.01433327 0.51428189 -0.72040699
v 0.02557671 0.51417368 -0.72380038
v 0.03551167 0.51223952 -0.72492956
v 0.04524589 0.50999501 -0.72568065
v 0.05476519 0.50744507 -0.72605423
v 0.06430340 0.50488855 -0.72642701
v 0.07360776 0.50203320 -0.72642309
v 0.08292159 0.49917455 -0.72641877
v 0.09276931 0.49689056 -0.72716509
v 0.10211151 0.49402205 -0.72715958
v 0.11146317 0.49115025 -0.72715367
v 0.12082428 0.48827515 -0.72714737
v 0.13019486 0.48539677 -0.72714066
v 0.13957489 0.48251510 -0.72713357
v 0.14925497 0.47990925 -0.72750040
v 0.15865865 0.47701936 -0.72749231
v 0.16777174 0.47385035 -0.72710989
v 0.17749439 0.47122970 -0.72747494
v 0.18661693 0.46805741 -0.72709212
v 0.19605371 0.46515600 -0.72708264
v 0.20518098 0.46198207 -0.72669963
v 0.21430825 0.45880813 -0.72631662
v 0.22376395 0.45590015 -0.72630634
v 0.23289595 0.45272457 -0.72592313
v 0.24202795 0.44954899 -0.72553992
v 0.25150257 0.44663443 -0.72552885
v 0.26098664 0.44371658 -0.72551739
v 0.27083225 0.44105317 -0.72587728
v 0.28105357 0.43863926 -0.72660792
v 0.29166481 0.43646994 -0.72770872
v 0.30011631 0.43277067 -0.72658102
v 0.29704820 0.42129227 -0.71395456
v 0.29366798 0.40992241 -0.70134120
v -0.62491171 0.68463613 -0.70647469
v -0.61760517 0.68549622 -0.70968724
v -0.60998966 0.68549312 -0.71210479
v -0.60220074 0.68505184 -0.71412404
v -0.59404768 0.68335030 -0.71495497
v -0.58596397 0.68205076 -0.71617981
v -0.57747041 0.67909719 -0.71582339
v -0.56906512 0.67655220 -0.71586170
v -0.56073393 0.67441084 -0.71629412
v -0.55285673 0.67469461 -0.71909171
v -0.54497796 0.67535572 -0.72228024
v -0.53701407 0.67598722 -0.72546521
v -0.52902968 0.67698947 -0.72904033
v -0.49463768 0.66767505 -0.73033424
v -0.48588559 0.66425371 -0.72957595
v -0.47714296 0.66083565 -0.72881806
v -0.46844131 0.65780972 -0.72845291
v -0.45971286 0.65439660 -0.72769562
v -0.45101594 0.65137231 -0.72733067
v -0.44231903 0.64834803 -0.72696571
v -0.43360950 0.64494148 -0.72620921
v -0.42492519 0.64229946 -0.72623580
v -0.41622512 0.63889620 -0.72547970
v -0.40753135 0.63625089 -0.72550590
v -0.39883443 0.63322661 -0.72514094
v -0.39013751 0.63020232 -0.72477599
v -0.38144060 0.62717804 -0.72441104
v -0.37272319 0.62452450 -0.72443624
v -0.36399632 0.62186768 -0.72446105
v -0.35531989 0.61847265 -0.72370594
v -0.34668760 0.61471508 -0.72256166
v -0.33807423 0.61096410 -0.72141818
v -0.32930322 0.60866981 -0.72183215
v -0.32056217 0.60600805 -0.72185636
v -0.31186525 0.60298376 -0.72149141
v -0.30328498 0.59924429 -0.72034931
v -0.29478669 0.59515545 -0.71881964
v -0.28624898 0.59143078 -0.71767934
v -0.27773019 0.58771269 -0.71653982
v -0.26938481 0.58329914 -0.71462555
v -0.26091331 0.57959750 -0.71348802
v -0.25228733 0.57659788 -0.71312604
v -0.24375278 0.57325218 -0.71237689
v -0.23532384 0.56956534 -0.71124114
v -0.22711560 0.56519948 -0.70933263
v -0.19262429 0.55358328 -0.70827627
v -0.18390215 0.55092810 -0.70830127
v -0.05252146 0.50977602 -0.70748028
v -0.04085937 0.51138875 -0.71285616
v -0.03048991 0.51080586 -0.71554916
v -0.02088342 0.50897679 -0.71671011
v -0.01123910 0.50713455 -0.71786947
v -0.00199517 0.50467580 -0.71826359
v 0.00838690 0.50371065 -0.72056505
v 0.01997805 0.50421442 -0.72477085
v 0.02981627 0.50230476 -0.72592207
v 0.03945429 0.50008685 -0.72669068
v 0.04863516 0.49727215 -0.72669644
v 0.05782549 0.49445416 -0.72670179
v 0.06727749 0.49192305 -0.72708719
v 0.07649146 0.48909684 -0.72709156
v 0.08597657 0.48655422 -0.72747556
v 0.09521419 0.48371979 -0.72747894
v 0.10473241 0.48116566 -0.72786155
v 0.11371780 0.47804106 -0.72748449
v 0.12298380 0.47519676 -0.72748668
v 0.13225925 0.47234917 -0.72748846
v 0.14154416 0.46949829 -0.72748985
v 0.15083853 0.46664412 -0.72749085
v 0.16014235 0.46378667 -0.72749144
v 0.16975988 0.46119800 -0.72786989
v 0.17877838 0.45806189 -0.72749144
v 0.18811058 0.45519457 -0.72749085
v 0.19681538 0.45178967 -0.72673455
v 0.20648020 0.44918455 -0.72711101
v 0.21518027 0.44578130 -0.72635491
v 0.22420350 0.44264354 -0.72597626
v 0.23356408 0.43976635 -0.72597448
v 0.24293411 0.43688587 -0.72597229
v 0.25231361 0.43400210 -0.72596971
v 0.26135102 0.43085941 -0.72559047
v 0.27181349 0.42873267 -0.72671550
v 0.28159181 0.42608809 -0.72708720
v 0.29358337 0.42494113 -0.72971213
v 0.29527799 0.41679432 -0.72182067
v 0.29303166 0.40623920 -0.71018441
v -0.63955655 0.67705232 -0.70593685
v -0.63295537 0.67963949 -0.71080152
v -0.62562162 0.68009396 -0.71365788
v -0.61809500 0.68010578 -0.71611063
v -0.61016479 0.67885047 -0.71735990
v -0.60208902 0.67716895 -0.71820755
v -0.59398486 0.67547757 -0.71905401
v -0.58585233 0.67377632 -0.71989929
v -0.57750434 0.67124896 -0.71994449
v -0.56923570 0.66912479 -0.72038853
v -0.56111632 0.66780370 -0.72162987
v -0.55335591 0.66848540 -0.72486383
v -0.54536111 0.66833440 -0.72729694
v -0.53737001 0.66856028 -0.73012571
v -0.47747376 0.64998538 -0.72998533
v -0.46882516 0.64660231 -0.72922689
v -0.46018603 0.64322253 -0.72846885
v -0.45155636 0.63984604 -0.72771121
v -0.44293614 0.63647284 -0.72695396
v -0.43433854 0.63348309 -0.72659317
v -0.42574935 0.63087186 -0.72662825
v -0.41714332 0.62750359 -0.72587160
v -0.40854572 0.62451384 -0.72551081
v -0.39995964 0.62077692 -0.72435948
v -0.39140298 0.61667464 -0.72281387
v -0.38287469 0.61258222 -0.72126946
v -0.37431491 0.60960563 -0.72091026
v -0.36577982 0.60626203 -0.72015658
v -0.35725419 0.60292172 -0.71940330
v -0.34877216 0.59922098 -0.71825634
v -0.34019243 0.59661303 -0.71829182
v -0.33164685 0.59364138 -0.71793321
v -0.32310126 0.59066972 -0.71757461
v -0.31455567 0.58769806 -0.71721601
v -0.30606787 0.58437090 -0.71646432
v -0.29758953 0.58104703 -0.71571302
v -0.28912065 0.57772646 -0.71496212
v -0.28066123 0.57440917 -0.71421162
v -0.27221126 0.57109517 -0.71346152
v -0.26385218 0.56743719 -0.71231972
v -0.25542586 0.56413141 -0.71157060
v -0.24691811 0.56117291 -0.71121359
v -0.23869722 0.55718738 -0.70968207
v -0.05838304 0.49824047 -0.70607058
v -0.04764592 0.49863822 -0.70997066
v -0.03721353 0.49839075 -0.71309250
v -0.02732338 0.49720507 -0.71505056
v -0.01759032 0.49569843 -0.71661969
v -0.00780998 0.49417535 -0.71818684
v 0.00313419 0.49412550 -0.72168272
v 0.01394491 0.49374648 -0.72478868
v 0.02390970 0.49215926 -0.72634809
v 0.03320929 0.48967658 -0.72674887
v 0.04228558 0.48689596 -0.72676351
v 0.05186523 0.48469149 -0.72754806
v 0.06096989 0.48190100 -0.72756151
v 0.07008401 0.47910723 -0.72757456
v 0.07894645 0.47602539 -0.72720266
v 0.08807476 0.47322668 -0.72721512
v 0.09748312 0.47070618 -0.72761134
v 0.10635975 0.46761940 -0.72723884
v 0.11579649 0.46508903 -0.72763387
v 0.12468257 0.46199897 -0.72726098
v 0.13414768 0.45945873 -0.72765481
v 0.14363171 0.45691192 -0.72804786
v 0.15283569 0.45408690 -0.72805714
v 0.16204912 0.45125859 -0.72806602
v 0.17127201 0.44842699 -0.72807451
v 0.18050436 0.44559211 -0.72808260
v 0.18974617 0.44275393 -0.72809030
v 0.19867482 0.43964907 -0.72771562
v 0.20760346 0.43654420 -0.72734094
v 0.21653211 0.43343934 -0.72696627
v 0.22546076 0.43033447 -0.72659159
v 0.23404787 0.42697278 -0.72583573
v 0.24297179 0.42386956 -0.72546125
v 0.25224670 0.42101987 -0.72546755
v 0.26224252 0.41867068 -0.72623463
v 0.27226671 0.41631162 -0.72700052
v 0.28304963 0.41443989 -0.72852560
v 0.29203030 0.41131694 -0.72814874
v 0.29314354 0.40304241 -0.71979624
v -0.64669579 0.66995006 -0.70807731
v -0.64023404 0.67255601 -0.71300628
v -0.63339495 0.67428413 -0.71711939
v -0.62583951 0.67389662 -0.71920239
v -0.61846278 0.67431786 -0.72209291
v -0.61044538 0.67264979 -0.72295650
v -0.60229132 0.67056089 -0.72341435
v -0.59411834 0.66846541 -0.72387140
v -0.58602527 0.66677103 -0.72473181
v -0.57762156 0.66384870 -0.72437916
v -0.56939656 0.66173514 -0.72483403
v -0.56157579 0.66162867 -0.72730591
v -0.55368881 0.66149917 -0.72977501
v -0.46066657 0.63251117 -0.72947155
v -0.45209833 0.62878502 -0.72831198
v -0.44356743 0.62544517 -0.72755398
v -0.43504599 0.62210860 -0.72679638
v -0.42654296 0.61915174 -0.72643957
v -0.41803571 0.61582010 -0.72568256
v -0.40953890 0.61174549 -0.72412598
v -0.40107570 0.60730926 -0.72217080
v -0.39265033 0.60288618 -0.72021720
v -0.38426279 0.59847626 -0.71826519
v -0.37589367 0.59444605 -0.71671396
v -0.36752879 0.59079061 -0.71556293
v -0.35921169 0.58677849 -0.71401388
v -0.35088937 0.58313786 -0.71286463
v -0.34258596 0.57950381 -0.71171617
v -0.33417230 0.57695133 -0.71176311
v -0.32574917 0.57439556 -0.71180966
v -0.31731659 0.57183650 -0.71185581
v -0.30881730 0.56962755 -0.71229916
v -0.30042305 0.56670852 -0.71194691
v -0.29209550 0.56343937 -0.71119745
v -0.28384885 0.55982505 -0.71005137
v -0.27531646 0.55760459 -0.71049334
v -0.26708872 0.55399685 -0.70934806
v -0.25853741 0.55176981 -0.70978923
v -0.25014789 0.54885242 -0.70943718
v -0.24185344 0.54559479 -0.70868910
v -0.06285689 0.48894974 -0.70717791
v -0.05240995 0.48904996 -0.71073962
v -0.04268382 0.48790761 -0.71273153
v -0.03269237 0.48704630 -0.71511232
v -0.02284802 0.48586283 -0.71709927
v -0.01316495 0.48436215 -0.71869298
v -0.00298906 0.48343670 -0.72106603
v 0.00816302 0.48366502 -0.72499816
v 0.01802579 0.48210184 -0.72658433
v 0.02746195 0.47994041 -0.72738838
v 0.03692648 0.47776911 -0.72819124
v 0.04617297 0.47530033 -0.72860325
v 0.05543838 0.47282496 -0.72901445
v 0.06421097 0.46977437 -0.72864633
v 0.07324415 0.46700646 -0.72866727
v 0.08228679 0.46423525 -0.72868782
v 0.09133890 0.46146076 -0.72870797
v 0.10040045 0.45868298 -0.72872772
v 0.10947147 0.45590191 -0.72874708
v 0.11855195 0.45311756 -0.72876604
v 0.12764188 0.45032991 -0.72878460
v 0.13674128 0.44753897 -0.72880277
v 0.14614856 0.44501427 -0.72920803
v 0.15527160 0.44221512 -0.72922520
v 0.16440410 0.43941267 -0.72924198
v 0.17354605 0.43660693 -0.72925836
v 0.18238012 0.43353496 -0.72888765
v 0.19121418 0.43046298 -0.72851694
v 0.20004825 0.42739100 -0.72814623
v 0.20921385 0.42457704 -0.72816162
v 0.21771637 0.42124705 -0.72740482
v 0.22655044 0.41817508 -0.72703411
v 0.23538450 0.41510310 -0.72666340
v 0.24456902 0.41228256 -0.72667799
v 0.25411818 0.40970853 -0.72707729
v 0.26296643 0.40663162 -0.72670599
v 0.27400253 0.40503374 -0.72864293
v 0.28435664 0.40292640 -0.72980848
v 0.29063348 0.39813054 -0.72674501
v -0.65325121 0.66160027 -0.70884488
v -0.64735465 0.66548611 -0.71506952
v -0.64051199 0.66681684 -0.71882743
v -0.63319156 0.66686836 -0.72135178
v -0.62580493 0.66689686 -0.72387335
v -0.61811553 0.66607803 -0.72557320
v -0.61037885 0.66524276 -0.72727107
v -0.60226844 0.66316447 -0.72773974
v -0.59424319 0.66148682 -0.72861649
v -0.58618956 0.65979929 -0.72949204
v -0.57763443 0.65608227 -0.72832403
v -0.56972750 0.65518780 -0.73001475
v -0.45264348 0.61818297 -0.72914655
v -0.44417821 0.61449720 -0.72798230
v -0.43574608 0.61119397 -0.72722396
v -0.42732341 0.60789403 -0.72646600
v -0.41890542 0.60422470 -0.72530375
v -0.41050631 0.60019092 -0.72373777
v -0.40214494 0.59542822 -0.72136437
v -0.39382145 0.59104971 -0.71939707
v -0.38552166 0.58705046 -0.71783526
v -0.37725023 0.58306108 -0.71627465
v -0.36900718 0.57908156 -0.71471522
v -0.36079251 0.57511191 -0.71315699
v -0.35263927 0.57079261 -0.71119683
v -0.34444828 0.56720222 -0.71004410
v -0.33619117 0.56433088 -0.70969760
v -0.32793407 0.56145953 -0.70935110
v -0.31962498 0.55894113 -0.70940693
v -0.31124973 0.55677075 -0.70986448
v -0.30291700 0.55424413 -0.70991932
v -0.29464098 0.55136621 -0.70957203
v -0.28643585 0.54814192 -0.70882321
v -0.27808893 0.54561036 -0.70887744
v -0.26145181 0.54019595 -0.70858380
v -0.07662753 0.48111906 -0.70649099
v -0.06576049 0.48216340 -0.71129354
v -0.05556482 0.48195712 -0.71450624
v -0.04548733 0.48142092 -0.71731940
v -0.03595830 0.47996237 -0.71894205
v -0.02680751 0.47789332 -0.71977157
v -0.01762835 0.47581440 -0.72059990
v -0.00775413 0.47460684 -0.72261257
v 0.00285770 0.47425584 -0.72580781
v 0.01309130 0.47329433 -0.72820991
v 0.02291826 0.47173218 -0.72982006
v 0.03231024 0.46957926 -0.73063946
v 0.17535247 0.42466073 -0.72989547
v 0.18409668 0.42162000 -0.72952853
v 0.19316716 0.41883683 -0.72955241
v 0.20191609 0.41579446 -0.72918527
v 0.21066503 0.41275208 -0.72881813
v 0.21941397 0.40970971 -0.72845100
v 0.22850810 0.40691832 -0.72847388
v 0.23761168 0.40412364 -0.72849637
v 0.24672472 0.40132567 -0.72851846
v 0.25584722 0.39852442 -0.72854015
v 0.26607148 0.39645309 -0.72972912
v -0.68266809 0.65907023 -0.70795592
v -0.67469000 0.65629591 -0.70762113
v -0.66701575 0.65436472 -0.70811710
v -0.66005851 0.65452655 -0.71068816
v -0.65331998 0.65550189 -0.71408640
v -0.64704725 0.65811415 -0.71914019
v -0.63998655 0.65860873 -0.72211591
v -0.63285019 0.65907700 -0.72508845
v -0.62563816 0.65951896 -0.72805782
v -0.61787522 0.65829440 -0.72936807
v -0.61041669 0.65828190 -0.73191809
v -0.45314497 0.60727926 -0.72940842
v -0.44476847 0.60362893 -0.72823891
v -0.43639612 0.59961130 -0.72666058
v -0.42805213 0.59560354 -0.72508343
v -0.41973122 0.59123507 -0.72309825
v -0.41144696 0.58614188 -0.72029660
v -0.40321532 0.58143571 -0.71790617
v -0.39500433 0.57784294 -0.71674360
v -0.38678506 0.57498475 -0.71639869
v -0.37856579 0.57212656 -0.71605378
v -0.37041570 0.56818623 -0.71448477
v -0.36226620 0.56461484 -0.71332479
v -0.35413561 0.56105002 -0.71216559
v -0.34598669 0.55784756 -0.71141463
v -0.33784723 0.55464839 -0.71066407
v -0.32967052 0.55180501 -0.71032095
v -0.32144237 0.54931247 -0.71038467
v -0.31314860 0.54716585 -0.71085463
v -0.30489680 0.54466508 -0.71091736
v -0.29663555 0.54216103 -0.71097969
v -0.28871661 0.53793235 -0.70901138
v -0.28053517 0.53508731 -0.70866806
v -0.24733941 0.52538743 -0.70932005
v -0.08868496 0.47574763 -0.70879737
v -0.07758019 0.47741706 -0.71446639
v -0.06788004 0.47662506 -0.71692235
v -0.05771761 0.47640977 -0.72017691
v -0.04828113 0.47497198 -0.72182593
v -0.03962735 0.47233144 -0.72187179
v -0.03117635 0.46939267 -0.72151715
v -0.02250839 0.46674719 -0.72156242
v -0.01294422 0.46526500 -0.72320608
v -0.00197427 0.46550637 -0.72724476
v 0.00863744 0.46513485 -0.73048046
v -0.68822387 0.64981817 -0.70750385
v -0.68260717 0.65299530 -0.71305712
v -0.67434309 0.64938864 -0.71188334
v -0.66640283 0.64662748 -0.71155014
v -0.66008757 0.64846234 -0.71583360
v -0.65338228 0.64942868 -0.71927369
v -0.64659186 0.65036542 -0.72271022
v -0.63904862 0.64920811 -0.72404767
v -0.63211159 0.65009387 -0.72747804
v -0.62496536 0.65054042 -0.73048614
v -0.44535827 0.59321378 -0.72873815
v -0.43706942 0.58923205 -0.72714983
v -0.42879836 0.58489006 -0.72514876
v -0.42053588 0.57871879 -0.72108056
v -0.41235964 0.57294397 -0.71742948
v -0.40424104 0.56902144 -0.71584830
v -0.39610080 0.56729009 -0.71674720
v -0.38795832 0.56482506 -0.71681901
v -0.37978858 0.56271700 -0.71730317
v -0.37169002 0.55916789 -0.71613633
v -0.36358312 0.55598233 -0.71538264
v -0.35551766 0.55244473 -0.71421719
v -0.34743441 0.54926739 -0.71346449
v -0.33931918 0.54644538 -0.71312395
v -0.33115778 0.54397377 -0.71319496
v -0.32308872 0.54080137 -0.71244286
v -0.31491786 0.53832647 -0.71251348
v -0.30679789 0.53550282 -0.71217274
v -0.29861285 0.53302298 -0.71224276
v -0.29069760 0.52917117 -0.71067011
v -0.28273619 0.52566975 -0.70950903
v -0.27479369 0.52217491 -0.70834874
v -0.25834432 0.51755412 -0.70889896
v -0.25005163 0.51540330 -0.70937796
v -0.24183820 0.51291360 -0.70944680
v -0.23371824 0.51008995 -0.70910605
v -0.10237018 0.46734630 -0.70690220
v -0.09164599 0.46874735 -0.71224114
v -0.08078938 0.47010235 -0.71757452
v -0.07095698 0.46961481 -0.72046990
v -0.06124643 0.46880319 -0.72295689
v -0.05187413 0.46737630 -0.72463108
v -0.04348933 0.46446055 -0.72427923
v -0.03510454 0.46154481 -0.72392737
v -0.02650333 0.45892026 -0.72397993
v -0.01722921 0.45716106 -0.72524475
v -0.00678788 0.45682822 -0.72852807
v -0.69322508 0.63973633 -0.70601269
v -0.68912364 0.64632172 -0.71503643
v -0.68205241 0.64568358 -0.71682967
v -0.67398754 0.64251492 -0.71607324
v -0.66623811 0.64018428 -0.71616604
v -0.66011016 0.64242331 -0.72092481
v -0.65272041 0.64131024 -0.72228668
v -0.64626448 0.64307106 -0.72661370
v -0.63849781 0.64109859 -0.72712377
v -0.63110026 0.64034698 -0.72890331
v -0.43788179 0.58262507 -0.73166300
v -0.42967977 0.57940872 -0.73090082
v -0.42138494 0.57033346 -0.72344685
v -0.41326919 0.56532628 -0.72059833
v -0.40520099 0.56142813 -0.71900578
v -0.39713778 0.55862422 -0.71866742
v -0.38906204 0.55618011 -0.71874652
v -0.38087332 0.55588170 -0.72132885
v -0.37288219 0.55128202 -0.71890355
v -0.36475137 0.54918293 -0.71939834
v -0.35679028 0.54495786 -0.71739229
v -0.34864999 0.54285547 -0.71788668
v -0.34089979 0.53724708 -0.71421750
v -0.33267771 0.53584458 -0.71554445
v -0.32456887 0.53338896 -0.71562217
v -0.31639549 0.53127506 -0.71611517
v -0.30862190 0.52675103 -0.71369900
v -0.30044378 0.52463548 -0.71419180
v -0.29287022 0.51945269 -0.71094803
v -0.28477084 0.51700035 -0.71102615
v -0.27697693 0.51319759 -0.70944511
v -0.26085690 0.50795614 -0.70918665
v -0.25274333 0.50549888 -0.70926417
v -0.24471795 0.50270812 -0.70892739
v -0.10810848 0.45556742 -0.70361277
v -0.09532623 0.46059078 -0.71394421
v -0.08454812 0.46194109 -0.71934383
v -0.07421428 0.46235339 -0.72350811
v -0.06515514 0.46065981 -0.72479993
v -0.05585648 0.45924709 -0.72649969
v -0.04754262 0.45635602 -0.72615081
v -0.04049566 0.45172050 -0.72334714
v -0.03156254 0.44970658 -0.72422625
v -0.02149801 0.44912003 -0.72714785
v -0.01068180 0.44936460 -0.73129190
v -0.69037818 1.32683247 -0.71063544
v -0.70406793 1.28663510 -0.70274611
v -0.69257329 1.32115793 -0.72333856
v -0.43212945 1.18488284 -0.70784792
v -0.41899765 1.18164821 -0.70897548
v -0.40617652 1.17664138 -0.70910606
v -0.39351951 1.17075321 -0.70873876
v -0.38084490 1.16485550 -0.70837023
v -0.36793578 1.15980100 -0.70849472
v -0.35499148 1.15472742 -0.70861677
v -0.34224649 1.14879158 -0.70824337
v -0.70626399 1.28406241 -0.71662865
v -0.69472823 1.31256546 -0.73448435
v -0.45096400 1.16310021 -0.70827529
v -0.43758829 1.16261004 -0.71097624
v -0.42499022 1.15771431 -0.71114014
v -0.41254592 1.15193651 -0.71079650
v -0.39988627 1.14700741 -0.71095613
v -0.38760453 1.14035232 -0.71010556
v -0.37489209 1.13539461 -0.71026154
v -0.36236861 1.12957391 -0.70991241
v -0.34982754 1.12374368 -0.70956207
v -0.33702712 1.11873830 -0.70971195
v -0.32444205 1.11288423 -0.70935856
v -0.31183939 1.10702063 -0.70900396
v -0.29895100 1.10196758 -0.70914774
v -0.28630435 1.09608014 -0.70879009
v -0.27364010 1.09018316 -0.70843122
v -0.26066373 1.08508244 -0.70856891
v -0.24795549 1.07916163 -0.70820700
v -0.23491753 1.07402753 -0.70834043
v -0.71917914 1.24788822 -0.70969536
v -0.70839817 1.27854538 -0.72897915
v -0.45634637 1.14004532 -0.71046921
v -0.44383676 1.13614825 -0.71118421
v -0.43145297 1.13135886 -0.71138081
v -0.41903398 1.12655040 -0.71157498
v -0.40657980 1.12172287 -0.71176670
v -0.39429542 1.11602684 -0.71144307
v -0.38177966 1.11116594 -0.71163053
v -0.36945129 1.10544608 -0.71130385
v -0.35710533 1.09971669 -0.71097596
v -0.34450159 1.09480811 -0.71115733
v -0.33236062 1.08822930 -0.71031651
v -0.31970409 1.08329212 -0.71049422
v -0.30727895 1.07751982 -0.71016084
v -0.29483621 1.07173799 -0.70982624
v -0.28209170 1.06675314 -0.70999786
v -0.26960498 1.06094747 -0.70966022
v -0.25679889 1.05592924 -0.70982757
v -0.24426817 1.05009974 -0.70948688
v -0.23171986 1.04426070 -0.70914497
v -0.21882579 1.03919480 -0.70930623
v -0.20657045 1.03255401 -0.70845750
v -0.19362359 1.02745951 -0.70861510
v -0.18099610 1.02157757 -0.70826771
v -0.16871437 1.01492248 -0.70741714
v -0.72135628 1.24544696 -0.72331753
v -0.47484629 1.11569330 -0.70838981
v -0.46198513 1.11541354 -0.71125146
v -0.44984200 1.11074479 -0.71148260
v -0.43766368 1.10605696 -0.71171129
v -0.42545017 1.10135007 -0.71193755
v -0.41320146 1.09662411 -0.71216138
v -0.40112100 1.09103369 -0.71186080
v -0.38881071 1.08627436 -0.71208036
v -0.37668625 1.08066011 -0.71177673
v -0.36431438 1.07586740 -0.71199203
v -0.35214594 1.07022932 -0.71168536
v -0.33971248 1.06540324 -0.71189638
v -0.32750004 1.05974132 -0.71158667
v -0.31527002 1.05406986 -0.71127573
v -0.30302239 1.04838887 -0.71096358
v -0.29047456 1.04350082 -0.71116669
v -0.27818295 1.03779599 -0.71085149
v -0.26557353 1.03287457 -0.71105033
v -0.25292893 1.02793408 -0.71124673
v -0.24056693 1.02219111 -0.71092666
v -0.22818734 1.01643861 -0.71060537
v -0.21579016 1.01067658 -0.71028286
v -0.20303118 1.00567411 -0.71047134
v -0.19059000 0.99988824 -0.71014578
v -0.17776944 0.99485241 -0.71033000
v -0.16565487 0.98828789 -0.70949101
v -0.49204391 1.09567260 -0.70842701
v -0.47961550 1.09464241 -0.71083618
v -0.46755515 1.09095947 -0.71163590
v -0.45577538 1.08552711 -0.71136508
v -0.44362705 1.08179650 -0.71215870
v -0.43161022 1.07718640 -0.71241645
v -0.41955819 1.07255724 -0.71267176
v -0.40767284 1.06706767 -0.71239363
v -0.39555922 1.06240514 -0.71264467
v -0.38362988 1.05689173 -0.71236349
v -0.37168295 1.05136879 -0.71208110
v -0.35948136 1.04665858 -0.71232605
v -0.34749043 1.04111180 -0.71204061
v -0.33522725 1.03636823 -0.71228129
v -0.32319234 1.03079761 -0.71199280
v -0.31113983 1.02521746 -0.71170310
v -0.29878868 1.02042621 -0.71193769
v -0.28640233 1.01561589 -0.71216985
v -0.27427944 1.00999760 -0.71187527
v -0.26183151 1.00515392 -0.71210316
v -0.24966463 0.99951179 -0.71180553
v -0.23748015 0.99386013 -0.71150668
v -0.22494425 0.98896877 -0.71172848
v -0.21271578 0.98329327 -0.71142659
v -0.20046972 0.97760824 -0.71112348
v -0.18712538 0.97418028 -0.71237925
v -0.17481773 0.96846188 -0.71207188
v -0.16400378 0.95974994 -0.70968801
v 0.27245071 0.76698236 -0.70453081
v 0.28614793 0.76146172 -0.70467218
v 0.29988034 0.75592201 -0.70481112
v 0.31153791 0.74865441 -0.70345879
v -0.50835446 1.07824326 -0.70963573
v -0.49658913 1.07470553 -0.71048268
v -0.48462350 1.07200510 -0.71186967
v -0.47274380 1.06840539 -0.71270869
v -0.46114154 1.06306433 -0.71245910
v -0.44934777 1.05856535 -0.71275016
v -0.43751881 1.05404729 -0.71303879
v -0.42584617 1.04866809 -0.71278432
v -0.41395563 1.04411666 -0.71306868
v -0.40223900 1.03871363 -0.71281117
v -0.39050477 1.03330106 -0.71255243
v -0.37852625 1.02870196 -0.71283070
v -0.36674803 1.02326555 -0.71256892
v -0.35495222 1.01781961 -0.71230593
v -0.34288572 1.01317284 -0.71257810
v -0.33078403 1.00850700 -0.71284783
v -0.31891784 1.00302292 -0.71257996
v -0.30675456 0.99832371 -0.71284544
v -0.29455610 0.99360543 -0.71310847
v -0.28232244 0.98886808 -0.71336907
v -0.27035947 0.98333156 -0.71309449
v -0.25806423 0.97856084 -0.71335082
v -0.24605727 0.97300048 -0.71307321
v -0.23403272 0.96743060 -0.71279437
v -0.22199057 0.96185117 -0.71251431
v -0.20958095 0.95701848 -0.71276272
v -0.19677748 0.95291821 -0.71353777
v -0.18428869 0.94804261 -0.71378070
v -0.17326975 0.94018009 -0.71190976
v -0.16498142 0.92717630 -0.70635051
v 0.17825211 0.78375170 -0.70750628
v 0.19221689 0.77902215 -0.70820091
v 0.20623445 0.77426400 -0.70889187
v 0.22030481 0.76947725 -0.70957919
v 0.23508574 0.76525130 -0.71077121
v 0.24927047 0.76040257 -0.71145060
v 0.26283259 0.75494536 -0.71161919
v 0.27711410 0.75004419 -0.71229188
v 0.29006242 0.74397374 -0.71194907
v 0.30373012 0.73845933 -0.71211035
v 0.31459070 0.73068263 -0.71025038
v 0.32541608 0.72292500 -0.70839284
v 0.33766263 0.71628897 -0.70754471
v 0.34843523 0.70855995 -0.70569083
v -0.52422989 1.06078334 -0.71043912
v -0.51255204 1.05821930 -0.71188178
v -0.50107812 1.05388386 -0.71221286
v -0.48956900 1.04952935 -0.71254150
v -0.47786994 1.04601287 -0.71341983
v -0.46644520 1.04076311 -0.71319147
v -0.45483052 1.03635139 -0.71351280
v -0.44318064 1.03192061 -0.71383169
v -0.43168552 1.02663271 -0.71359845
v -0.41997405 1.02216855 -0.71391308
v -0.40843494 1.01685682 -0.71367679
v -0.39687823 1.01153556 -0.71343929
v -0.38530393 1.00620476 -0.71320056
v -0.37371203 1.00086443 -0.71296062
v -0.36185980 0.99632400 -0.71326550
v -0.35022391 0.99095983 -0.71302251
v -0.33831010 0.98638602 -0.71332313
v -0.32636110 0.98179315 -0.71362130
v -0.31465483 0.97639084 -0.71337344
v -0.30264424 0.97176459 -0.71366735
v -0.29059846 0.96711928 -0.71395883
v -0.27882181 0.96167883 -0.71370609
v -0.26671445 0.95700015 -0.71399330
v -0.25489380 0.95153587 -0.71373752
v -0.24305557 0.94606205 -0.71348052
v -0.23119973 0.94057870 -0.71322230
v -0.21932630 0.93508582 -0.71296286
v -0.20707818 0.93033085 -0.71324032
v -0.19442895 0.92629951 -0.71405285
v -0.18322574 0.91928788 -0.71271413
v -0.17280712 0.91081947 -0.71030405
v 0.15240541 0.77317621 -0.71085845
v 0.16865610 0.77095718 -0.71367296
v 0.18314045 0.76687239 -0.71492125
v 0.19641793 0.76155966 -0.71512742
v 0.20908316 0.75563772 -0.71481315
v 0.22242221 0.75029162 -0.71501506
v 0.23646149 0.74550705 -0.71573132
v 0.25055355 0.74069388 -0.71644393
v 0.26401577 0.73528103 -0.71663731
v 0.27751319 0.72984912 -0.71682826
v 0.29104580 0.72439814 -0.71701676
v 0.30319556 0.71781456 -0.71617533
v 0.31462752 0.71067897 -0.71482077
v 0.32531526 0.70300570 -0.71295490
v 0.33743864 0.69643642 -0.71211530
v 0.34658518 0.68771635 -0.70923047
v -0.52821854 1.04083181 -0.71233124
v -0.51707689 1.03573057 -0.71213142
v -0.50578205 1.03148239 -0.71249276
v -0.49430762 1.02807298 -0.71341345
v -0.48293360 1.02378190 -0.71376932
v -0.47152439 1.01947175 -0.71412274
v -0.46007998 1.01514253 -0.71447373
v -0.44877997 1.00995547 -0.71426294
v -0.43746237 1.00475889 -0.71405093
v -0.42612717 0.99955277 -0.71383770
v -0.41477437 0.99433711 -0.71362325
v -0.40318920 0.98993162 -0.71396449
v -0.39179242 0.98469213 -0.71374699
v -0.38037804 0.97944310 -0.71352828
v -0.36870489 0.97498993 -0.71386342
v -0.35724652 0.96971707 -0.71364166
v -0.34551179 0.96523053 -0.71397254
v -0.33400943 0.95993383 -0.71374774
v -0.32221312 0.95541392 -0.71407435
v -0.31066677 0.95009339 -0.71384650
v -0.29851491 0.94631690 -0.71472028
v -0.28661302 0.94173978 -0.71503958
v -0.27498749 0.93637634 -0.71480625
v -0.26334437 0.93100336 -0.71457169
v -0.25135450 0.92637857 -0.71488490
v -0.23966739 0.92098176 -0.71464730
v -0.22830942 0.91482723 -0.71386071
v -0.21659592 0.90941612 -0.71362128
v -0.20413614 0.90547278 -0.71447373
v -0.19274298 0.89929918 -0.71368471
v -0.18173176 0.89239646 -0.71235035
v -0.17230107 0.88260589 -0.70883832
v 0.15476126 0.75405679 -0.71592048
v 0.17284185 0.75362022 -0.72038614
v 0.18345354 0.74599793 -0.71850767
v 0.19661351 0.74073909 -0.71873985
v 0.20980868 0.73546119 -0.71896959
v 0.22303904 0.73016422 -0.71919689
v 0.23630459 0.72484817 -0.71942176
v 0.24960533 0.71951306 -0.71964419
v 0.26294126 0.71415888 -0.71986418
v 0.27631238 0.70878563 -0.72008173
v 0.28830379 0.70228786 -0.71925128
v 0.30029519 0.69579009 -0.71842082
v 0.31156155 0.68874912 -0.71706879
v 0.32281031 0.68171769 -0.71571798
v 0.33329883 0.67416214 -0.71384804
v 0.33999495 0.66398120 -0.70938183
v 0.34504742 0.65281876 -0.70388588
v -0.54398811 1.01904941 -0.70950907
v -0.53215406 1.02101760 -0.71391595
v -0.52141401 1.01426671 -0.71259144
v -0.51028945 1.01010104 -0.71298245
v -0.49912970 1.00591629 -0.71337102
v -0.48793476 1.00171248 -0.71375715
v -0.47670463 0.99748959 -0.71414084
v -0.46543930 0.99324764 -0.71452210
v -0.45431681 0.98815190 -0.71433253
v -0.44317673 0.98304662 -0.71414175
v -0.43182343 0.97875699 -0.71451691
v -0.42063935 0.97362788 -0.71432308
v -0.40922447 0.96930488 -0.71469398
v -0.39799640 0.96415193 -0.71449710
v -0.38675074 0.95898944 -0.71429901
v -0.37524788 0.95461877 -0.71466381
v -0.36395823 0.94943245 -0.71446267
v -0.35239378 0.94502841 -0.71482321
v -0.34106014 0.93981825 -0.71461902
v -0.32943411 0.93538084 -0.71497530
v -0.31805648 0.93014685 -0.71476806
v -0.30636886 0.92567607 -0.71512007
v -0.29464606 0.92118622 -0.71546965
v -0.28319805 0.91591408 -0.71525754
v -0.27141365 0.91139086 -0.71560285
v -0.25992165 0.90609489 -0.71538769
v -0.24841206 0.90078939 -0.71517132
v -0.23688487 0.89547435 -0.71495372
v -0.22534008 0.89014978 -0.71473491
v -0.21341493 0.88555028 -0.71507047
v -0.20182615 0.88020187 -0.71484861
v -0.19098053 0.87339377 -0.71351679
v -0.18054167 0.86587490 -0.71163242
v -0.17212784 0.85479739 -0.70698472
v 0.16007702 0.73810669 -0.72346670
v 0.17308430 0.73292082 -0.72372732
v 0.18419386 0.72596970 -0.72237722
v 0.19659204 0.72018271 -0.72209931
v 0.20900780 0.71438617 -0.72182018
v 0.22077047 0.70801235 -0.72100556
v 0.23389213 0.70276451 -0.72125826
v 0.24636068 0.69693937 -0.72097547
v 0.25954393 0.69165816 -0.72122390
v 0.27205647 0.68580919 -0.72093807
v 0.28387192 0.67940676 -0.72011980
v 0.29568737 0.67300433 -0.71930152
v 0.30677054 0.66606752 -0.71795325
v 0.31783611 0.65914024 -0.71660619
v 0.32813420 0.65169765 -0.71473157
v 0.33687975 0.64323395 -0.71180304
v 0.34325249 0.63326244 -0.70729669
v -0.54749473 1.00106548 -0.71185925
v -0.53638109 0.99874855 -0.71344818
v -0.52569176 0.99295633 -0.71270790
v -0.51473748 0.98887315 -0.71312856
v -0.50360675 0.98562066 -0.71412665
v -0.49272336 0.98064960 -0.71396258
v -0.48166351 0.97650921 -0.71437593
v -0.47056847 0.97234976 -0.71478685
v -0.45943824 0.96817124 -0.71519533
v -0.44864333 0.96232181 -0.71444773
v -0.43746032 0.95811469 -0.71485256
v -0.42644496 0.95307211 -0.71467934
v -0.41541201 0.94802000 -0.71450491
v -0.40414101 0.94376520 -0.71490364
v -0.39306407 0.93868926 -0.71472616
v -0.38173149 0.93440109 -0.71512063
v -0.37036372 0.93009385 -0.71551266
v -0.35921640 0.92497977 -0.71533030
v -0.34805148 0.91985615 -0.71514673
v -0.33659573 0.91550124 -0.71553267
v -0.32538683 0.91035378 -0.71534605
v -0.31386949 0.90596550 -0.71572772
v -0.30261660 0.90079421 -0.71553806
v -0.29103768 0.89637256 -0.71591546
v -0.27974079 0.89117743 -0.71572275
v -0.26810029 0.88672241 -0.71609589
v -0.25675942 0.88150344 -0.71590013
v -0.24540095 0.87627494 -0.71570316
v -0.23402488 0.87103691 -0.71550496
v -0.22227001 0.86651991 -0.71587018
v -0.21084995 0.86125804 -0.71566894
v -0.19979111 0.85526560 -0.71490307
v -0.18873227 0.84927315 -0.71413720
v -0.18005187 0.83901169 -0.70999815
v -0.16945102 0.83234112 -0.70867434
v -0.15886776 0.82568008 -0.70735176
v -0.14787931 0.81972577 -0.70659076
v -0.13689085 0.81377147 -0.70582976
v 0.14736531 0.72273047 -0.72623986
v 0.15768412 0.71528642 -0.72434594
v 0.16989598 0.70959550 -0.72408986
v 0.18212543 0.70389504 -0.72383257
v 0.19305180 0.69704808 -0.72248622
v 0.20462971 0.69077436 -0.72168440
v 0.21688555 0.68505960 -0.72142528
v 0.22915899 0.67933531 -0.72116493
v 0.24145003 0.67360148 -0.72090337
v 0.25375866 0.66785812 -0.72064059
v 0.26608489 0.66210522 -0.72037660
v 0.27770679 0.65580767 -0.71957173
v 0.28932869 0.64951013 -0.71876686
v 0.30169011 0.64373816 -0.71850043
v 0.31257249 0.63691503 -0.71715712
v 0.32419439 0.63061748 -0.71635226
v 0.33275263 0.62227482 -0.71340096
v 0.34278992 0.61498332 -0.71152654
v 0.34574043 0.60319520 -0.70483607
v -0.55168609 0.97714922 -0.70979879
v -0.54043231 0.97750106 -0.71320949
v -0.52966591 0.97350992 -0.71366103
v -0.51886433 0.96949971 -0.71411013
v -0.50802755 0.96547043 -0.71455680
v -0.49715558 0.96142209 -0.71500103
v -0.48624842 0.95735467 -0.71544283
v -0.47563826 0.95160536 -0.71470803
v -0.46467832 0.94750933 -0.71514617
v -0.45368318 0.94339425 -0.71558187
v -0.44303783 0.93762586 -0.71484463
v -0.43198991 0.93348217 -0.71527668
v -0.42111688 0.92851183 -0.71512225
v -0.41000737 0.92433477 -0.71555003
v -0.39909035 0.91934059 -0.71539256
v -0.38815574 0.91433688 -0.71523387
v -0.37695825 0.91011214 -0.71565556
v -0.36572557 0.90586834 -0.71607481
v -0.35472058 0.90082649 -0.71591125
v -0.34369799 0.89577511 -0.71574647
v -0.33237733 0.89148363 -0.71615962
v -0.32131075 0.88640841 -0.71599180
v -0.30992851 0.88208356 -0.71640069
v -0.29881794 0.87698451 -0.71622982
v -0.28737411 0.87262629 -0.71663444
v -0.27621955 0.86750339 -0.71646052
v -0.26471414 0.86311180 -0.71686088
v -0.25385765 0.85722901 -0.71610902
v -0.24229945 0.85280881 -0.71650573
v -0.23070606 0.84836955 -0.71690000
v -0.21944593 0.84318945 -0.71671877
v -0.20816821 0.83799982 -0.71653632
v -0.19725893 0.83208842 -0.71578080
v -0.18753418 0.82405463 -0.71331157
v -0.17705494 0.81745483 -0.71198726
v -0.16618085 0.81156250 -0.71123418
v -0.15488553 0.80636333 -0.71105051
v -0.14357261 0.80115463 -0.71086562
v -0.13224210 0.79593639 -0.71067951
v -0.12089399 0.79070862 -0.71049219
v -0.10998471 0.78479722 -0.70973667
v -0.09861021 0.77955515 -0.70954752
v -0.08769214 0.77363898 -0.70879140
v -0.07629124 0.76838261 -0.70860041
v -0.06536437 0.76246168 -0.70784368
v -0.05443750 0.75654074 -0.70708695
v 0.13096520 0.70399048 -0.72537324
v 0.14298194 0.69840040 -0.72513961
v 0.15245155 0.69050486 -0.72268805
v 0.16511827 0.68548399 -0.72300799
v 0.17584386 0.67875071 -0.72166661
v 0.18721942 0.67258665 -0.72087880
v 0.19927135 0.66697750 -0.72064273
v 0.21065571 0.66080867 -0.71985432
v 0.22273403 0.65518521 -0.71961642
v 0.23482996 0.64955222 -0.71937731
v 0.24694348 0.64390970 -0.71913697
v 0.25907459 0.63825764 -0.71889542
v 0.27195246 0.63312236 -0.71920073
v 0.28338960 0.62692493 -0.71840866
v 0.29557350 0.62124427 -0.71816345
v 0.30853055 0.61606608 -0.71846328
v 0.31999409 0.60985434 -0.71766938
v 0.33145763 0.60364261 -0.71687548
v 0.33901144 0.59494234 -0.71335944
v 0.33382535 0.57840275 -0.70114838
v -0.55539690 0.95685365 -0.70974204
v -0.54442416 0.95640706 -0.71262722
v -0.53370750 0.95334963 -0.71370759
v -0.52293805 0.95026359 -0.71478430
v -0.51225396 0.94630728 -0.71525941
v -0.50168162 0.94149499 -0.71513474
v -0.49093594 0.93750530 -0.71560559
v -0.48031961 0.93266917 -0.71547787
v -0.46968569 0.92782351 -0.71534894
v -0.45885203 0.92378616 -0.71581369
v -0.44817412 0.91891666 -0.71568172
v -0.43747861 0.91403762 -0.71554852
v -0.42676551 0.90914906 -0.71541410
v -0.41581748 0.90504973 -0.71587093
v -0.40483426 0.90093133 -0.71632533
v -0.39405078 0.89600462 -0.71618604
v -0.38324969 0.89106838 -0.71604553
v -0.37217850 0.88690231 -0.71649383
v -0.36133343 0.88194223 -0.71635028
v -0.35020065 0.87774279 -0.71679431
v -0.33931159 0.87275887 -0.71664771
v -0.32840493 0.86776543 -0.71649989
v -0.31748068 0.86276245 -0.71635085
v -0.30623353 0.85850103 -0.71678697
v -0.29526529 0.85347421 -0.71663488
v -0.28395655 0.84917942 -0.71706673
v -0.27294432 0.84412877 -0.71691160
v -0.26191450 0.83906858 -0.71675525
v -0.25051778 0.83472612 -0.71718101
v -0.23908588 0.83036459 -0.71760433
v -0.22761878 0.82598399 -0.71802521
v -0.21611649 0.82158432 -0.71844366
v -0.20534798 0.81574919 -0.71769789
v -0.19497275 0.80921065 -0.71637184
v -0.18461512 0.80268163 -0.71504702
v -0.17386420 0.79685604 -0.71430247
v -0.16269361 0.79171958 -0.71413637
v -0.15150542 0.78657358 -0.71396905
v -0.14029964 0.78141805 -0.71380052
v -0.12907626 0.77625298 -0.71363076
v -0.11783529 0.77107837 -0.71345979
v -0.10657672 0.76589424 -0.71328760
v -0.09530056 0.76070056 -0.71311419
v -0.08448806 0.75484160 -0.71236538
v -0.07318550 0.74963363 -0.71219014
v -0.06286305 0.74312369 -0.71086775
v -0.05205055 0.73726473 -0.71011893
v -0.04382030 0.72822235 -0.70651138
v 0.11090482 0.68195942 -0.72070409
v 0.12644979 0.67995181 -0.72388014
v 0.13636136 0.67274797 -0.72197869
v 0.14688615 0.66612838 -0.72064228
v 0.15870778 0.66063914 -0.72043110
v 0.16988099 0.65458472 -0.71965730
v 0.18172901 0.64908118 -0.71944429
v 0.19291102 0.64302199 -0.71866989
v 0.20409303 0.63696281 -0.71789548
v 0.21597624 0.63144019 -0.71768003
v 0.22858706 0.62643985 -0.71802171
v 0.24123306 0.62142044 -0.71836094
v 0.25391425 0.61638196 -0.71869775
v 0.26736703 0.61184191 -0.71958863
v 0.28012740 0.60676053 -0.71991994
v 0.29216897 0.60115210 -0.71969352
v 0.30499093 0.59603734 -0.72002058
v 0.31630491 0.58990665 -0.71923703
v 0.32605812 0.58278863 -0.71734655
v 0.33025186 0.57226738 -0.71158848
v 0.32870138 0.55844302 -0.70197562
v -0.55884867 0.93841689 -0.71057866
v -0.54824645 0.93631846 -0.71231020
v -0.53757385 0.93418190 -0.71403687
v -0.52708644 0.93032239 -0.71454346
v -0.51656383 0.92644381 -0.71504762
v -0.50600603 0.92254616 -0.71554934
v -0.49541305 0.91862944 -0.71604863
v -0.48494784 0.91387031 -0.71594031
v -0.47446504 0.90910166 -0.71583078
v -0.46396465 0.90432346 -0.71572003
v -0.45325729 0.90034477 -0.71621139
v -0.44271290 0.89554274 -0.71609760
v -0.43215092 0.89073118 -0.71598258
v -0.42135559 0.88670481 -0.71646785
v -0.41074962 0.88186942 -0.71634979
v -0.39989269 0.87780968 -0.71683080
v -0.38924274 0.87295044 -0.71670969
v -0.37857518 0.86808167 -0.71658736
v -0.36789003 0.86320337 -0.71646381
v -0.35691874 0.85908166 -0.71693690
v -0.34618960 0.85417952 -0.71681031
v -0.33515672 0.85002444 -0.71727913
v -0.32438359 0.84509846 -0.71714949
v -0.31359287 0.84016295 -0.71701863
v -0.30247202 0.83596019 -0.71748136
v -0.29163730 0.83100084 -0.71734745
v -0.28078500 0.82603196 -0.71721233
v -0.26957616 0.82178154 -0.71766897
v -0.25867986 0.81678882 -0.71753080
v -0.24740945 0.81250502 -0.71798317
v -0.23610383 0.80820215 -0.71843310
v -0.22476303 0.80388022 -0.71888059
v -0.21415288 0.79813091 -0.71814579
v -0.20354273 0.79238159 -0.71741099
v -0.19293258 0.78663228 -0.71667619
v -0.18232243 0.78088297 -0.71594139
v -0.17087605 0.77650383 -0.71638158
v -0.15939448 0.77210561 -0.71681932
v -0.14874914 0.76633723 -0.71608209
v -0.13721479 0.76191042 -0.71651618
v -0.12609855 0.75679852 -0.71636278
v -0.11496471 0.75167708 -0.71620816
v -0.10428418 0.74588963 -0.71546848
v -0.09360364 0.74010218 -0.71472881
v -0.08243461 0.73496168 -0.71457175
v -0.07124799 0.72981164 -0.71441348
v -0.06105595 0.72337724 -0.71309118
v -0.05242617 0.71505444 -0.71002774
v 0.09341690 0.66246436 -0.71780446
v 0.10936025 0.66111833 -0.72163189
v 0.11842574 0.65347108 -0.71915472
v 0.13131957 0.64921925 -0.72011111
v 0.14295488 0.64382608 -0.71992176
v 0.15394334 0.63787178 -0.71916076
v 0.16560504 0.63246431 -0.71896959
v 0.17660230 0.62650524 -0.71820798
v 0.18898124 0.62162077 -0.71858358
v 0.20069573 0.61618469 -0.71838874
v 0.21455314 0.61232238 -0.71989485
v 0.22776369 0.60789893 -0.72082931
v 0.24030099 0.60292865 -0.72119394
v 0.25213866 0.59742583 -0.72099058
v 0.26473754 0.59242218 -0.72135094
v 0.27737162 0.58739946 -0.72170887
v 0.28851844 0.58135934 -0.72093691
v 0.30043528 0.57581362 -0.72072806
v 0.31081208 0.56927911 -0.71939297
v 0.31959603 0.56178442 -0.71693530
v 0.32275228 0.55095768 -0.71055223
v 0.32170650 0.53784965 -0.70137794
v -0.57254425 0.92296697 -0.70996270
v -0.56205080 0.92181471 -0.71236288
v -0.55190388 0.91722317 -0.71228555
v -0.54138709 0.91515149 -0.71405874
v -0.53105236 0.91136494 -0.71459377
v -0.52068244 0.90755933 -0.71512637
v -0.51027733 0.90373464 -0.71565654
v -0.49998965 0.89906683 -0.71556945
v -0.48952295 0.89520877 -0.71609535
v -0.47919128 0.89051712 -0.71600521
v -0.46884201 0.88581593 -0.71591386
v -0.45828733 0.88191020 -0.71643367
v -0.44769747 0.87798541 -0.71695103
v -0.43727782 0.87324608 -0.71685481
v -0.42684057 0.86849722 -0.71675736
v -0.41616273 0.86452475 -0.71726864
v -0.40568149 0.85975206 -0.71716815
v -0.39518266 0.85496983 -0.71706644
v -0.38466623 0.85017806 -0.71696351
v -0.37413220 0.84537676 -0.71685936
v -0.36358058 0.84056593 -0.71675400
v -0.35273558 0.83650288 -0.71725370
v -0.34213998 0.83166821 -0.71714528
v -0.33123339 0.82757179 -0.71764072
v -0.32059379 0.82271328 -0.71752926
v -0.30962562 0.81858350 -0.71802043
v -0.29894204 0.81370115 -0.71790592
v -0.28824085 0.80880928 -0.71779020
v -0.27752208 0.80390786 -0.71767326
v -0.26678570 0.79899692 -0.71755510
v -0.25603173 0.79407643 -0.71743572
v -0.24489641 0.78985607 -0.71791531
v -0.23372589 0.78561663 -0.71839246
v -0.22328289 0.77995790 -0.71766924
v -0.21244974 0.77499451 -0.71754438
v -0.20159900 0.77002159 -0.71741830
v -0.19032291 0.76572495 -0.71788814
v -0.17901162 0.76140924 -0.71835555
v -0.16851584 0.75572190 -0.71762867
v -0.15715177 0.75137758 -0.71809242
v -0.14619545 0.74634746 -0.71795902
v -0.13567328 0.74064582 -0.71723032
v -0.12423003 0.73625859 -0.71768858
v -0.11369026 0.73054742 -0.71695866
v -0.10315049 0.72483625 -0.71622873
v -0.09163686 0.72041089 -0.71668212
v -0.08157522 0.71405204 -0.71535993
v -0.07153118 0.70770272 -0.71403895
v -0.06304472 0.69947712 -0.71094970
v 0.07848270 0.64545684 -0.71678283
v 0.09422879 0.64417861 -0.72069540
v 0.10566019 0.63889105 -0.72052910
v 0.11839977 0.63470815 -0.72152297
v 0.12922987 0.62883965 -0.72077294
v 0.14072286 0.62351872 -0.72060238
v 0.15223344 0.61818826 -0.72043060
v 0.16444210 0.61338628 -0.72083586
v 0.17599667 0.60803198 -0.72066104
v 0.18896499 0.60372513 -0.72163907
v 0.20127922 0.59886596 -0.72203702
v 0.21434432 0.59450667 -0.72300834
v 0.22601326 0.58909039 -0.72282560
v 0.23843307 0.58417401 -0.72321623
v 0.25014600 0.57873389 -0.72303044
v 0.26187653 0.57328425 -0.72284343
v 0.27286498 0.56732994 -0.72208243
v 0.28308498 0.56088528 -0.72074927
v 0.29406464 0.55493574 -0.71998888
v 0.30425824 0.54850538 -0.71865755
v 0.31443425 0.54208456 -0.71732743
v 0.31655613 0.53096040 -0.71030129
v 0.31685955 0.51900809 -0.70215032
v -0.57548217 0.90728473 -0.71206815
v -0.56540571 0.90362835 -0.71263894
v -0.55540111 0.89910905 -0.71258039
v -0.54514720 0.89625840 -0.71377320
v -0.53496516 0.89254482 -0.71433668
v -0.52474793 0.88881217 -0.71489772
v -0.51449551 0.88506045 -0.71545632
v -0.50420789 0.88128967 -0.71601249
v -0.49404494 0.87668455 -0.71594297
v -0.48369574 0.87288039 -0.71649488
v -0.47331135 0.86905717 -0.71704434
v -0.46307802 0.86441391 -0.71696995
v -0.45282708 0.85976113 -0.71689434
v -0.44235472 0.85589023 -0.71743771
v -0.43205980 0.85121361 -0.71735906
v -0.42174728 0.84652745 -0.71727918
v -0.41141717 0.84183176 -0.71719809
v -0.40106946 0.83712653 -0.71711578
v -0.39045633 0.83317935 -0.71764940
v -0.38006463 0.82845029 -0.71756405
v -0.36965534 0.82371169 -0.71747747
v -0.35922845 0.81896356 -0.71738968
v -0.34878396 0.81420590 -0.71730067
v -0.33803007 0.81018244 -0.71782454
v -0.32754159 0.80540094 -0.71773248
v -0.31672611 0.80134412 -0.71825209
v -0.30619365 0.79653878 -0.71815698
v -0.29531658 0.79244859 -0.71867233
v -0.28474013 0.78761941 -0.71857418
v -0.27449069 0.78206556 -0.71786436
v -0.26388785 0.77722208 -0.71776438
v -0.25362961 0.77166346 -0.71705395
v -0.24262937 0.76750652 -0.71756076
v -0.23197374 0.76263444 -0.71745713
v -0.22052333 0.75913545 -0.71856708
v -0.20981491 0.75423476 -0.71845979
v -0.19868271 0.75000632 -0.71895746
v -0.18751531 0.74575881 -0.71945270
v -0.17673651 0.74081998 -0.71934053
v -0.16550753 0.73653910 -0.71983150
v -0.15468474 0.73157644 -0.71971629
v -0.14429454 0.72594631 -0.71899673
v -0.13390433 0.72031618 -0.71827716
v -0.12351412 0.71468605 -0.71755759
v -0.11312392 0.70905592 -0.71683802
v -0.10224834 0.70406466 -0.71671915
v -0.09184934 0.69842976 -0.71599898
v -0.08195330 0.69216552 -0.71467932
v -0.07361014 0.68403712 -0.71156426
v 0.04394626 0.62574821 -0.70722884
v 0.06917014 0.63372519 -0.72070552
v 0.08104136 0.62909630 -0.72115202
v 0.09421763 0.62556399 -0.72277676
v 0.10617683 0.62088742 -0.72321716
v 0.11751869 0.61564349 -0.72306600
v 0.12953947 0.61093356 -0.72350214
v 0.14092532 0.60566579 -0.72334793
v 0.15300769 0.60092249 -0.72377980
v 0.16443752 0.59563089 -0.72362255
v 0.17658147 0.59085421 -0.72405016
v 0.18805530 0.58553877 -0.72388986
v 0.20026084 0.58072872 -0.72431320
v 0.21177865 0.57538945 -0.72414985
v 0.22404577 0.57054603 -0.72456893
v 0.23486707 0.56468231 -0.72381951
v 0.24643767 0.55931443 -0.72365250
v 0.25650967 0.55295485 -0.72232066
v 0.26809787 0.54757744 -0.72215244
v 0.27892796 0.54170895 -0.72140241
v 0.28975806 0.53584045 -0.72065238
v 0.29979486 0.52949995 -0.71932297
v 0.30981407 0.52316897 -0.71799478
v 0.31251769 0.51268520 -0.71146440
v 0.31258629 0.50092364 -0.70321356
v -0.57829158 0.89255685 -0.71457568
v -0.56851722 0.88726042 -0.71389877
v -0.55863735 0.88280382 -0.71385779
v -0.54851130 0.88000780 -0.71508626
v -0.53857865 0.87552259 -0.71504163
v -0.52849651 0.87185337 -0.71562989
v -0.51837918 0.86816509 -0.71621571
v -0.50837615 0.86364175 -0.71616621
v -0.49835552 0.85910887 -0.71611548
v -0.48815021 0.85537291 -0.71669521
v -0.47808560 0.85081620 -0.71664144
v -0.46781870 0.84704687 -0.71721691
v -0.45771010 0.84246632 -0.71716009
v -0.44738162 0.83866362 -0.71773129
v -0.43722903 0.83405923 -0.71767143
v -0.42705884 0.82944531 -0.71761034
v -0.41687105 0.82482186 -0.71754804
v -0.40642820 0.82095718 -0.71811132
v -0.39595016 0.81707344 -0.71867217
v -0.38569199 0.81241184 -0.71860499
v -0.37541623 0.80774072 -0.71853660
v -0.36512287 0.80306005 -0.71846698
v -0.35481192 0.79836986 -0.71839615
v -0.34448337 0.79367013 -0.71832410
v -0.33413722 0.78896086 -0.71825083
v -0.32346563 0.78497224 -0.71879827
v -0.31307549 0.78023914 -0.71872196
v -0.30266776 0.77549650 -0.71864442
v -0.29224244 0.77074433 -0.71856567
v -0.28179952 0.76598263 -0.71848570
v -0.27133900 0.76121139 -0.71840451
v -0.26086089 0.75643061 -0.71832210
v -0.24999574 0.75233711 -0.71885614
v -0.23947364 0.74753250 -0.71877068
v -0.22854691 0.74340562 -0.71930045
v -0.21758499 0.73925968 -0.71982779
v -0.20658788 0.73509467 -0.72035268
v -0.19555558 0.73091059 -0.72087514
v -0.18533253 0.72537103 -0.72016715
v -0.17424744 0.72115835 -0.72068595
v -0.16356698 0.71626793 -0.72058953
v -0.15331754 0.71071407 -0.71987971
v -0.14306810 0.70516022 -0.71916989
v -0.13281866 0.69960636 -0.71846007
v -0.12256921 0.69405251 -0.71775026
v -0.11231977 0.68849865 -0.71704044
v -0.10207033 0.68294480 -0.71633062
v -0.09182089 0.67739094 -0.71562080
v -0.08412245 0.66873444 -0.71187141
v -0.07754999 0.65889409 -0.70691350
v 0.03906311 0.61812984 -0.71491872
v 0.05496889 0.61758390 -0.71960640
v 0.06978389 0.61583505 -0.72308313
v 0.08092183 0.61069673 -0.72295502
v 0.09336171 0.60664691 -0.72402325
v 0.10520341 0.60202425 -0.72448965
v 0.11642054 0.59684302 -0.72435607
v 0.12832383 0.59218698 -0.72481821
v 0.13958494 0.58698192 -0.72468157
v 0.15154981 0.58229251 -0.72513945
v 0.16285492 0.57706361 -0.72499976
v 0.17488137 0.57234083 -0.72545337
v 0.18623047 0.56708810 -0.72531065
v 0.19759716 0.56182583 -0.72516670
v 0.20898145 0.55655403 -0.72502154
v 0.21964438 0.55077612 -0.72428308
v 0.23105506 0.54549001 -0.72413609
v 0.24172680 0.53970733 -0.72339702
v 0.25239854 0.53392465 -0.72265796
v 0.26384441 0.52861947 -0.72250853
v 0.27452494 0.52283202 -0.72176885
v 0.28520548 0.51704457 -0.72102918
v 0.29508548 0.51079391 -0.71970170
v 0.30494789 0.50455279 -0.71837543
v 0.30824772 0.49469180 -0.71235768
v 0.30973534 0.48401881 -0.70517893
v -0.58123617 0.87623526 -0.71557382
v -0.57148984 0.87184613 -0.71555103
v -0.56182985 0.86661168 -0.71488203
v -0.55194438 0.86303926 -0.71550178
v -0.54214526 0.85862153 -0.71547533
v -0.53219822 0.85501574 -0.71609081
v -0.52235511 0.85057417 -0.71606132
v -0.51234648 0.84693502 -0.71667253
v -0.50245938 0.84246961 -0.71663999
v -0.49255469 0.83799467 -0.71660623
v -0.48245808 0.83430784 -0.71721135
v -0.47250939 0.82980906 -0.71717454
v -0.46235120 0.82608886 -0.71777540
v -0.45235853 0.82156625 -0.71773555
v -0.44213875 0.81781267 -0.71833214
v -0.43210209 0.81326622 -0.71828924
v -0.42204783 0.80871024 -0.71824512
v -0.41174007 0.80490900 -0.71883562
v -0.40164183 0.80032917 -0.71878846
v -0.39152599 0.79573982 -0.71874007
v -0.38139255 0.79114093 -0.71869047
v -0.37124152 0.78653251 -0.71863964
v -0.36107289 0.78191455 -0.71858760
v -0.35088667 0.77728705 -0.71853434
v -0.34038536 0.77338093 -0.71911144
v -0.32984886 0.76945574 -0.71968610
v -0.31959226 0.76479010 -0.71962797
v -0.30931806 0.76011494 -0.71956861
v -0.29902626 0.75543024 -0.71950804
v -0.28871687 0.75073600 -0.71944625
v -0.27838988 0.74603223 -0.71938324
v -0.26804530 0.74131893 -0.71931901
v -0.25731524 0.73728886 -0.71988027
v -0.24655000 0.73323972 -0.72043909
v -0.23574957 0.72917151 -0.72099548
v -0.22491394 0.72508423 -0.72154942
v -0.21444619 0.72030418 -0.72147667
v -0.20354898 0.71618353 -0.72202635
v -0.19345790 0.71071548 -0.72132749
v -0.18293736 0.70590684 -0.72125108
v -0.17283748 0.70043402 -0.72055162
v -0.16229055 0.69561107 -0.72047338
v -0.15218187 0.69013349 -0.71977331
v -0.14207319 0.68465592 -0.71907324
v -0.13196452 0.67917834 -0.71837317
v -0.12185584 0.67370076 -0.71767309
v -0.11174716 0.66822318 -0.71697302
v -0.10163848 0.66274560 -0.71627295
v -0.09305572 0.65541855 -0.71372202
v -0.08659549 0.64567322 -0.70870935
v 0.00717049 0.60021696 -0.70612872
v 0.02571978 0.60265515 -0.71397463
v 0.04267277 0.60328201 -0.71997455
v 0.05483523 0.59936787 -0.72108879
v 0.06768228 0.59597487 -0.72280780
v 0.07931851 0.59145377 -0.72330630
v 0.09098992 0.58691360 -0.72380236
v 0.10269653 0.58235436 -0.72429599
v 0.11443833 0.57777605 -0.72478718
v 0.12553953 0.57265277 -0.72467055
v 0.13665832 0.56751994 -0.72455271
v 0.14848809 0.56289396 -0.72503781
v 0.15965087 0.55773730 -0.72491692
v 0.17083125 0.55257111 -0.72479481
v 0.18202922 0.54739538 -0.72467148
v 0.19397337 0.54270743 -0.72514865
v 0.20521533 0.53750786 -0.72502228
v 0.21647488 0.53229877 -0.72489468
v 0.22699705 0.52659713 -0.72416598
v 0.23751923 0.52089549 -0.72343727
v 0.24881397 0.51566732 -0.72330724
v 0.25934494 0.50996091 -0.72257792
v 0.27066608 0.50471844 -0.72244606
v 0.28120585 0.49900727 -0.72171614
v 0.29174562 0.49329609 -0.72098621
v 0.30146883 0.48713528 -0.71966066
v 0.30539693 0.47786993 -0.71417117
v 0.30501347 0.46648034 -0.70571938
v -0.58430658 0.85834420 -0.71500832
v -0.57460899 0.85486382 -0.71565895
v -0.56508097 0.84970088 -0.71499909
v -0.55533060 0.84619190 -0.71564606
v -0.54566501 0.84184163 -0.71563779
v -0.53585305 0.83829928 -0.71628050
v -0.52614347 0.83392518 -0.71626918
v -0.51626993 0.83034945 -0.71690762
v -0.50636120 0.82675466 -0.71754363
v -0.49674520 0.82154404 -0.71687768
v -0.48678368 0.81792064 -0.71751002
v -0.47678697 0.81427818 -0.71813994
v -0.46694543 0.80983257 -0.71811948
v -0.45688713 0.80615673 -0.71874512
v -0.44700160 0.80168728 -0.71872162
v -0.43688172 0.79797807 -0.71934300
v -0.42695220 0.79348479 -0.71931645
v -0.41700508 0.78898198 -0.71928868
v -0.40704036 0.78446962 -0.71925970
v -0.39705805 0.77994774 -0.71922949
v -0.38705814 0.77541632 -0.71919807
v -0.37704064 0.77087537 -0.71916543
v -0.36700554 0.76632488 -0.71913156
v -0.35666572 0.76249649 -0.71973771
v -0.34629070 0.75864903 -0.72034143
v -0.33618522 0.75406040 -0.72030269
v -0.32606215 0.74946224 -0.72026274
v -0.31559915 0.74556710 -0.72086035
v -0.30576321 0.74023731 -0.72017917
v -0.29524743 0.73631358 -0.72077314
v -0.28504517 0.73167251 -0.72072770
v -0.27446781 0.72771540 -0.72131740
v -0.26385525 0.72373923 -0.72190466
v -0.25358261 0.71906002 -0.72185435
v -0.24290847 0.71505047 -0.72243734
v -0.23259185 0.71034743 -0.72238398
v -0.22225762 0.70563486 -0.72232941
v -0.21190580 0.70091275 -0.72227361
v -0.20153639 0.69618110 -0.72221660
v -0.19157728 0.69078457 -0.72152688
v -0.18161816 0.68538803 -0.72083717
v -0.17121356 0.68063732 -0.72077772
v -0.16124564 0.67523602 -0.72008740
v -0.15127773 0.66983471 -0.71939707
v -0.14130982 0.66443341 -0.71870675
v -0.13134191 0.65903211 -0.71801643
v -0.12088452 0.65425279 -0.71795332
v -0.11090781 0.64884672 -0.71726239
v -0.10194525 0.64221575 -0.71531947
v -0.09611313 0.63195774 -0.70962665
v -0.00175905 0.58881517 -0.70904224
v 0.01545508 0.59013400 -0.71578345
v 0.02920446 0.58800696 -0.71879793
v 0.04119508 0.58417127 -0.71995087
v 0.05323848 0.58030699 -0.72110015
v 0.06469562 0.57587315 -0.72162892
v 0.07683580 0.57195643 -0.72277150
v 0.08837213 0.56747969 -0.72329479
v 0.09994364 0.56298388 -0.72381564
v 0.11087612 0.55794713 -0.72371963
v 0.12250922 0.55341796 -0.72423621
v 0.13417751 0.54886971 -0.72475036
v 0.14588100 0.54430239 -0.72526207
v 0.15691025 0.53921320 -0.72515936
v 0.16795709 0.53411448 -0.72505543
v 0.17902153 0.52900622 -0.72495028
v 0.19083939 0.52437693 -0.72545407
v 0.20120320 0.51876110 -0.72473633
v 0.21232043 0.51362424 -0.72462753
v 0.22345525 0.50847785 -0.72451750
v 0.23383666 0.50285248 -0.72379855
v 0.24499788 0.49769178 -0.72368670
v 0.25538808 0.49206165 -0.72296713
v 0.26657569 0.48688665 -0.72285345
v 0.27697470 0.48125176 -0.72213327
v 0.28818870 0.47606245 -0.72201777
v 0.29777271 0.46998196 -0.72069292
v 0.30067836 0.46042250 -0.71454166
v 0.30090147 0.44965496 -0.70659284
v -0.58749343 0.83890791 -0.71282493
v -0.57777330 0.83717020 -0.71483195
v -0.56818441 0.83373895 -0.71550798
v -0.55866994 0.82946569 -0.71551910
v -0.54913788 0.82518290 -0.71552901
v -0.53946102 0.82170398 -0.71619894
v -0.52974896 0.81820598 -0.71686643
v -0.52000172 0.81468892 -0.71753149
v -0.51037288 0.81035369 -0.71753469
v -0.50072645 0.80600892 -0.71753668
v -0.49106242 0.80165461 -0.71753745
v -0.48120080 0.79807558 -0.71819459
v -0.47130399 0.79447747 -0.71884928
v -0.46156958 0.79008503 -0.71884518
v -0.45181758 0.78568306 -0.71883986
v -0.44204798 0.78127155 -0.71883332
v -0.43203680 0.77761147 -0.71948009
v -0.42222321 0.77317612 -0.71947050
v -0.41263360 0.76797981 -0.71880638
v -0.40254324 0.76427682 -0.71944767
v -0.39241769 0.76055477 -0.72008653
v -0.38279289 0.75533939 -0.71941997
v -0.37261455 0.75158873 -0.72005517
v -0.36268659 0.74709141 -0.72003766
v -0.35244667 0.74330738 -0.72066859
v -0.34247471 0.73878623 -0.72064804
v -0.33248517 0.73425553 -0.72062626
v -0.32215727 0.73042383 -0.72125110
v -0.31212373 0.72586931 -0.72122628
v -0.30173425 0.72200423 -0.72184686
v -0.29130957 0.71812009 -0.72246500
v -0.28120565 0.71352743 -0.72243531
v -0.27071939 0.70960991 -0.72304918
v -0.26019793 0.70567333 -0.72366062
v -0.25002363 0.70104253 -0.72362605
v -0.23983174 0.69640219 -0.72359026
v -0.22962225 0.69175232 -0.72355326
v -0.21980390 0.68643206 -0.72287329
v -0.20956801 0.68176789 -0.72283446
v -0.19974087 0.67644286 -0.72215388
v -0.19034885 0.67047128 -0.72083340
v -0.18053050 0.66515102 -0.72015343
v -0.17071215 0.65983076 -0.71947347
v -0.16089380 0.65451050 -0.71879350
v -0.15107545 0.64919024 -0.71811354
v -0.14125710 0.64386999 -0.71743358
v -0.13143875 0.63854973 -0.71675361
v -0.12112369 0.63384265 -0.71670929
v -0.11230757 0.62730079 -0.71475864
v -0.10661251 0.61715614 -0.70900386
v -0.01302507 0.57526735 -0.70922298
v 0.00222268 0.57494608 -0.71419743
v 0.01518444 0.57233417 -0.71665001
v 0.02761430 0.56912815 -0.71846938
v 0.03885717 0.56480066 -0.71903085
v 0.05077272 0.56099100 -0.72021579
v 0.06274105 0.55715273 -0.72139707
v 0.07476217 0.55328586 -0.72257469
v 0.08617220 0.54886779 -0.72312459
v 0.09761742 0.54443065 -0.72367205
v 0.10841637 0.53946137 -0.72359423
v 0.11923291 0.53448255 -0.72351518
v 0.13146517 0.53050127 -0.72467818
v 0.14233450 0.52549385 -0.72459548
v 0.15393808 0.52097090 -0.72513198
v 0.16485140 0.51593965 -0.72504623
v 0.17651657 0.51138332 -0.72557846
v 0.18747387 0.50632823 -0.72548966
v 0.19844877 0.50126361 -0.72539965
v 0.20944127 0.49618945 -0.72530842
v 0.22045136 0.49110576 -0.72521596
v 0.23147905 0.48601253 -0.72512230
v 0.24173729 0.48045391 -0.72441187
v 0.25199553 0.47489528 -0.72370144
v 0.26305841 0.46978299 -0.72360533
v 0.27413888 0.46466116 -0.72350801
v 0.28441471 0.45909300 -0.72279636
v 0.29302848 0.45266079 -0.72085972
v 0.29824774 0.44453863 -0.71647798
v 0.29657240 0.43309377 -0.70721335
v -0.59086901 0.81711740 -0.70829607
v -0.58097806 0.81877740 -0.71304292
v -0.57134335 0.81706644 -0.71509160
v -0.56185437 0.81367956 -0.71579240
v -0.55244704 0.80945946 -0.71581988
v -0.54289647 0.80603920 -0.71651642
v -0.53331071 0.80259987 -0.71721053
v -0.52368976 0.79914148 -0.71790219
v -0.51403361 0.79566401 -0.71859142
v -0.50450311 0.79137718 -0.71861038
v -0.49495502 0.78708081 -0.71862811
v -0.48538933 0.78277491 -0.71864462
v -0.47561882 0.77923546 -0.71932593
v -0.46620517 0.77413450 -0.71867399
v -0.45638186 0.77056645 -0.71935165
v -0.44673699 0.76621765 -0.71936268
v -0.43707453 0.76185931 -0.71937249
v -0.42716325 0.75824359 -0.72004405
v -0.41769681 0.75311402 -0.71938846
v -0.40798156 0.74872707 -0.71939461
v -0.39799110 0.74506845 -0.72006069
v -0.38823186 0.74065767 -0.72006380
v -0.37817981 0.73696567 -0.72072561
v -0.36837658 0.73253106 -0.72072567
v -0.35826295 0.72880569 -0.72138322
v -0.34841573 0.72434724 -0.72138024
v -0.33855092 0.71987925 -0.72137603
v -0.32834931 0.71610621 -0.72202749
v -0.31844051 0.71161439 -0.72202024
v -0.30817732 0.70780798 -0.72266743
v -0.29822452 0.70329232 -0.72265713
v -0.28754536 0.70013796 -0.72395449
v -0.27753978 0.69559369 -0.72394054
v -0.26714462 0.69171577 -0.72457859
v -0.25709505 0.68714767 -0.72456160
v -0.24702788 0.68257004 -0.72454338
v -0.23734150 0.67732129 -0.72387256
v -0.22724795 0.67272935 -0.72385251
v -0.21755277 0.66747583 -0.72318108
v -0.20785759 0.66222231 -0.72250964
v -0.19859597 0.65632629 -0.72118926
v -0.18890959 0.65107753 -0.72051843
v -0.17967437 0.64519581 -0.71919987
v -0.16999679 0.63995182 -0.71852965
v -0.16031921 0.63470784 -0.71785944
v -0.15064162 0.62946386 -0.71718922
v -0.14096404 0.62421987 -0.71651901
v -0.13128645 0.61897589 -0.71584879
v -0.12211282 0.61312753 -0.71453450
v -0.11705877 0.60249186 -0.70807366
v -0.02246531 0.56351888 -0.71102836
v -0.00974890 0.56101549 -0.71354260
v 0.00183644 0.55737010 -0.71477720
v 0.01161960 0.55206891 -0.71409967
v 0.02391124 0.54891825 -0.71596434
v 0.03690918 0.54626231 -0.71845908
v 0.04999510 0.54355871 -0.72094772
v 0.06186197 0.53976076 -0.72216283
v 0.07311931 0.53541565 -0.72274117
v 0.08441185 0.53105148 -0.72331707
v 0.09573958 0.52666823 -0.72389054
v 0.10641379 0.52176166 -0.72383028
v 0.11780310 0.51734504 -0.72439948
v 0.12922760 0.51290935 -0.72496625
v 0.14068730 0.50845460 -0.72553057
v 0.15290608 0.50446596 -0.72672131
v 0.16371226 0.49948788 -0.72665191
v 0.17453603 0.49450026 -0.72658130
v 0.18537740 0.48950311 -0.72650946
v 0.19623637 0.48449642 -0.72643641
v 0.20711293 0.47948019 -0.72636214
v 0.21800709 0.47445444 -0.72628665
v 0.22813336 0.46896732 -0.72558536
v 0.23905391 0.46392726 -0.72550805
v 0.24918898 0.45843538 -0.72480615
v 0.26094780 0.45381854 -0.72534976
v 0.27110047 0.44831713 -0.72464664
v 0.28125313 0.44281571 -0.72394353
v 0.29056753 0.43689108 -0.72261948
v 0.29478194 0.42846528 -0.71757475
v 0.29373800 0.41762412 -0.70882031
v -0.58439638 0.79804872 -0.70890121
v -0.57455312 0.79969547 -0.71372283
v -0.56499505 0.79800650 -0.71581254
v -0.55559716 0.79465921 -0.71653752
v -0.54616409 0.79129285 -0.71726007
v -0.53669583 0.78790741 -0.71798018
v -0.52733405 0.78370712 -0.71801974
v -0.51780420 0.78028832 -0.71873559
v -0.50839843 0.77606419 -0.71877211
v -0.49897507 0.77183052 -0.71880741
v -0.48935724 0.76836405 -0.71951716
v -0.48007556 0.76333459 -0.71887436
v -0.47040494 0.75983951 -0.71958046
v -0.46090240 0.75556294 -0.71961028
v -0.45138226 0.75127683 -0.71963888
v -0.44184453 0.74698120 -0.71966626
v -0.43228920 0.74267602 -0.71969243
v -0.42271628 0.73836131 -0.71971737
v -0.41312575 0.73403707 -0.71974110
v -0.40326159 0.73043711 -0.72043379
v -0.39362708 0.72608903 -0.72045447
v -0.38370133 0.72245570 -0.72114289
v -0.37402283 0.71808379 -0.72116053
v -0.36403549 0.71441709 -0.72184469
v -0.35431301 0.71002134 -0.72185928
v -0.34426409 0.70632127 -0.72253917
v -0.33449761 0.70190168 -0.72255071
v -0.32471354 0.69747256 -0.72256104
v -0.31457664 0.69372481 -0.72323484
v -0.30474858 0.68927185 -0.72324211
v -0.29419727 0.68617212 -0.72457513
v -0.28431642 0.68169055 -0.72457875
v -0.27441798 0.67719946 -0.72458115
v -0.26450194 0.67269883 -0.72458234
v -0.25456830 0.66818866 -0.72458230
v -0.24501389 0.66301142 -0.72392061
v -0.23545947 0.65783418 -0.72325893
v -0.22631947 0.65200893 -0.72193803
v -0.21719706 0.64619322 -0.72061835
v -0.20766024 0.64102551 -0.71995788
v -0.19812342 0.63585780 -0.71929741
v -0.18858660 0.63069009 -0.71863695
v -0.17950818 0.62489822 -0.71732031
v -0.16951296 0.62035468 -0.71731601
v -0.15950015 0.61580161 -0.71731049
v -0.14995453 0.61062913 -0.71664942
v -0.13991532 0.60606176 -0.71664207
v -0.13136568 0.59968385 -0.71467414
v -0.12489599 0.59094274 -0.71009861
v -0.03363602 0.55021743 -0.71065758
v -0.02346485 0.54557855 -0.71064110
v -0.01327608 0.54093013 -0.71062339
v -0.00368647 0.53573382 -0.70995927
v 0.00840537 0.53267188 -0.71187351
v 0.01993324 0.52904298 -0.71313890
v 0.03730227 0.53010200 -0.72019097
v 0.04901489 0.52637298 -0.72144356
v 0.06078030 0.52261537 -0.72269250
v 0.07259849 0.51882914 -0.72393778
v 0.08379113 0.51450933 -0.72453846
v 0.09433181 0.50967022 -0.72449639
v 0.10489009 0.50482158 -0.72445309
v 0.11617070 0.50045409 -0.72504769
v 0.12820004 0.49655346 -0.72627834
v 0.13955983 0.49214306 -0.72686745
v 0.15095482 0.48771360 -0.72745413
v 0.16238499 0.48326507 -0.72803836
v 0.17310163 0.47833062 -0.72798410
v 0.18383587 0.47338663 -0.72792862
v 0.19458770 0.46843311 -0.72787192
v 0.20535712 0.46347006 -0.72781400
v 0.21614415 0.45849747 -0.72775487
v 0.22694876 0.45351534 -0.72769451
v 0.23696946 0.44808544 -0.72700054
v 0.24861079 0.44352249 -0.72757015
v 0.25864908 0.43808305 -0.72687495
v 0.26785947 0.43221967 -0.72554918
v 0.27956237 0.42762335 -0.72611453
v 0.28622745 0.42052150 -0.72290129
v 0.29111355 0.41263849 -0.71843542
v 0.28812618 0.40116880 -0.70832361
v -0.57800127 0.78000697 -0.70999417
v -0.56840676 0.78001407 -0.71351078
v -0.55882039 0.77915791 -0.71633112
v -0.54951361 0.77585021 -0.71708027
v -0.54017164 0.77252344 -0.71782699
v -0.53079448 0.76917760 -0.71857128
v -0.52138212 0.76581270 -0.71931312
v -0.51209229 0.76164650 -0.71936661
v -0.50278486 0.75747077 -0.71941887
v -0.49345984 0.75328551 -0.71946992
v -0.48430132 0.74832279 -0.71883565
v -0.47475700 0.74488638 -0.71956836
v -0.46537919 0.74067251 -0.71961575
v -0.45598379 0.73644911 -0.71966192
v -0.44657078 0.73221617 -0.71970688
v -0.43691209 0.72871778 -0.72043166
v -0.42745510 0.72446101 -0.72047357
v -0.41822620 0.71946016 -0.71983443
v -0.40848833 0.71591886 -0.72055373
v -0.39871527 0.71235850 -0.72127060
v -0.38917910 0.70805882 -0.72130702
v -0.37934445 0.70446509 -0.72201962
v -0.36976429 0.70014157 -0.72205300
v -0.36016653 0.69580852 -0.72208516
v -0.35055118 0.69146594 -0.72211610
v -0.34060216 0.68781023 -0.72282078
v -0.33094282 0.68344381 -0.72284867
v -0.32093222 0.67975473 -0.72354909
v -0.31122889 0.67536448 -0.72357394
v -0.30115670 0.67164202 -0.72427009
v -0.29104932 0.66790050 -0.72496380
v -0.28127561 0.66347211 -0.72498377
v -0.27186196 0.65837115 -0.72433183
v -0.26244831 0.65327018 -0.72367990
v -0.25303466 0.64816921 -0.72302796
v -0.24362100 0.64306825 -0.72237602
v -0.23420735 0.63796728 -0.72172409
v -0.22479370 0.63286632 -0.72107215
v -0.21538005 0.62776535 -0.72042021
v -0.20640565 0.62203472 -0.71910185
v -0.19789687 0.61568872 -0.71711888
v -0.18942329 0.60936180 -0.71513836
v -0.17958799 0.60490003 -0.71515406
v -0.16926067 0.60103933 -0.71583254
v -0.15938138 0.59655373 -0.71584521
v -0.14948450 0.59205859 -0.71585665
v -0.14107251 0.58576504 -0.71388039
v -0.13422457 0.57771596 -0.70992191
v -0.04181272 0.53978834 -0.71327783
v -0.03173988 0.53519786 -0.71327708
v -0.02286225 0.52951966 -0.71196542
v -0.01338701 0.52438533 -0.71130922
v -0.00328778 0.51978054 -0.71130665
v 0.00556346 0.51411665 -0.70999682
v 0.02209620 0.51470253 -0.71651716
v 0.03752171 0.51415303 -0.72172050
v 0.04915046 0.51045480 -0.72300569
v 0.06016402 0.50622225 -0.72363665
v 0.07121276 0.50197064 -0.72426517
v 0.08161112 0.49720377 -0.72424188
v 0.09272145 0.49291878 -0.72486614
v 0.10457015 0.48910137 -0.72613610
v 0.11575966 0.48477348 -0.72675487
v 0.12698436 0.48042652 -0.72737120
v 0.13897382 0.47653284 -0.72863142
v 0.15027770 0.47214297 -0.72924227
v 0.16161677 0.46773403 -0.72985068
v 0.17299104 0.46330603 -0.73045666
v 0.18440049 0.45885895 -0.73106019
v 0.19507158 0.45394430 -0.73101802
v 0.20497791 0.44857637 -0.73033196
v 0.21567539 0.44364741 -0.73028796
v 0.22559051 0.43827471 -0.72960129
v 0.23631439 0.43333146 -0.72955547
v 0.24623831 0.42795399 -0.72886819
v 0.25698858 0.42299643 -0.72882053
v 0.26775644 0.41802934 -0.72877166
v 0.27685402 0.41223196 -0.72744476
v 0.28422853 0.40563291 -0.72484350
v 0.28551949 0.39625660 -0.71778563
v -0.58124820 0.76168928 -0.70697078
v -0.57166198 0.76296574 -0.71160024
v -0.56216811 0.76256667 -0.71482453
v -0.55281938 0.76052066 -0.71664732
v -0.54360371 0.75725255 -0.71742066
v -0.53421428 0.75475310 -0.71888774
v -0.52506678 0.75065914 -0.71896001
v -0.51590168 0.74655565 -0.71903107
v -0.50655403 0.74321603 -0.71979526
v -0.49734494 0.73908870 -0.71986327
v -0.48830080 0.73418796 -0.71923692
v -0.47906532 0.73004633 -0.71930310
v -0.46981224 0.72589517 -0.71936807
v -0.46054156 0.72173447 -0.71943181
v -0.45103556 0.71830905 -0.72018504
v -0.44172089 0.71412451 -0.72024573
v -0.43238864 0.70993044 -0.72030521
v -0.42279465 0.70645735 -0.72105235
v -0.41341840 0.70223944 -0.72110878
v -0.40402456 0.69801200 -0.72116399
v -0.39434260 0.69449123 -0.72190504
v -0.38490477 0.69023995 -0.72195720
v -0.37544934 0.68597914 -0.72200815
v -0.36597631 0.68170880 -0.72205788
v -0.35617998 0.67812605 -0.72279100
v -0.34666297 0.67383187 -0.72283769
v -0.33680505 0.67021576 -0.72356654
v -0.32691194 0.66658057 -0.72429296
v -0.31732455 0.66224825 -0.72433477
v -0.30736985 0.65857970 -0.72505692
v -0.29773847 0.65422354 -0.72509569
v -0.28808949 0.64985785 -0.72513323
v -0.27879901 0.64482363 -0.72448982
v -0.26950853 0.63978940 -0.72384642
v -0.26021805 0.63475518 -0.72320301
v -0.25092756 0.62972096 -0.72255960
v -0.24163708 0.62468673 -0.72191620
v -0.23192652 0.62028767 -0.72194948
v -0.22348500 0.61398789 -0.71995330
v -0.21420332 0.60895843 -0.71931051
v -0.20581459 0.60268725 -0.71731799
v -0.19746106 0.59643515 -0.71532791
v -0.18821456 0.59142476 -0.71468755
v -0.17707659 0.58884061 -0.71673931
v -0.16731324 0.58441294 -0.71676894
v -0.15753229 0.57997574 -0.71679734
v -0.14923154 0.57375224 -0.71481092
v -0.14198210 0.56637282 -0.71148575
v -0.04760607 0.53162643 -0.71835960
v -0.03759638 0.52706529 -0.71837217
v -0.02817393 0.52195955 -0.71771962
v -0.01875149 0.51685382 -0.71706707
v -0.01057391 0.51069706 -0.71508918
v -0.00243152 0.50455936 -0.71311372
v 0.00887583 0.50102064 -0.71444798
v 0.02672423 0.50256545 -0.72238704
v 0.03954037 0.49993474 -0.72502836
v 0.04977881 0.49524965 -0.72502508
v 0.06003484 0.49055501 -0.72502059
v 0.07099248 0.48634299 -0.72567328
v 0.08129250 0.48162453 -0.72566574
v 0.09231172 0.47737913 -0.72631417
v 0.10407655 0.47359251 -0.72761674
v 0.11517496 0.46930422 -0.72825969
v 0.12703657 0.46546516 -0.72955556
v 0.26919347 0.40482780 -0.73312037
v 0.27736225 0.39867580 -0.73114309
v -0.58364993 0.75037679 -0.70965126
v -0.57440911 0.74965901 -0.71258485
v -0.56519090 0.74809558 -0.71480530
v -0.55602171 0.74570080 -0.71631444
v -0.54686384 0.74288320 -0.71746699
v -0.53773046 0.73964992 -0.71826389
v -0.52856190 0.73639758 -0.71905836
v -0.51951273 0.73235202 -0.71914637
v -0.51036428 0.72868162 -0.71958487
v -0.50127552 0.72461461 -0.71967015
v -0.49216917 0.72053806 -0.71975420
v -0.48304522 0.71645199 -0.71983704
v -0.47400296 0.71198122 -0.71956818
v -0.46474453 0.70825123 -0.71999907
v -0.45545971 0.70450693 -0.72042812
v -0.44626098 0.70038033 -0.72050578
v -0.43704466 0.69624420 -0.72058222
v -0.42756817 0.69282500 -0.72135536
v -0.41830786 0.68866503 -0.72142875
v -0.40902994 0.68449552 -0.72150093
v -0.39973444 0.68031648 -0.72157189
v -0.39014358 0.67683531 -0.72233710
v -0.38080409 0.67263243 -0.72240502
v -0.37115164 0.66911789 -0.72316597
v -0.36176816 0.66489117 -0.72323083
v -0.35236708 0.66065493 -0.72329448
v -0.34262666 0.65709271 -0.72404934
v -0.33318159 0.65283263 -0.72410994
v -0.32371893 0.64856301 -0.72416932
v -0.31389053 0.64495312 -0.72491808
v -0.30438387 0.64065967 -0.72497442
v -0.29522536 0.63569695 -0.72434015
v -0.28606685 0.63073424 -0.72370588
v -0.27652500 0.62642171 -0.72375978
v -0.26696556 0.62209966 -0.72381246
v -0.25778945 0.61712741 -0.72317697
v -0.24820362 0.61279105 -0.72322782
v -0.23901871 0.60781403 -0.72259173
v -0.23026112 0.60221066 -0.72127051
v -0.22108501 0.59723841 -0.72063503
v -0.21235382 0.59164934 -0.71931564
v -0.20454765 0.58484569 -0.71663089
v -0.19494422 0.58049980 -0.71668052
v -0.18343796 0.57855445 -0.71945723
v -0.17328404 0.57476817 -0.72018345
v -0.16309493 0.57096282 -0.72090723
v -0.15386604 0.56596197 -0.72026809
v -0.14615664 0.55921077 -0.71759004
v -0.14056122 0.55017343 -0.71219954
v -0.08685188 0.51935419 -0.70705051
v -0.06734468 0.52422617 -0.71856438
v -0.05337755 0.52352108 -0.72331480
v -0.04402549 0.51845348 -0.72266713
v -0.03346687 0.51444791 -0.72336532
v -0.02593343 0.50779205 -0.72069946
v -0.01534842 0.50377217 -0.72139582
v -0.00913590 0.49611627 -0.71739202
v 0.00081944 0.49157968 -0.71741728
v 0.01597049 0.49109096 -0.72280042
v 0.03127991 0.49051643 -0.72817259
v 0.04142880 0.48587497 -0.72818444
v 0.05226894 0.48171684 -0.72886314
v 0.06246183 0.47705154 -0.72887195
v 0.07267230 0.47237671 -0.72887954
v 0.08360043 0.46817091 -0.72955215
v 0.09527259 0.46441985 -0.73088794
v -0.71561051 0.80509106 -0.71752523
v -0.58629786 0.73672658 -0.71001705
v -0.57717042 0.73604581 -0.71300316
v -0.56828211 0.73293556 -0.71383490
v -0.55918186 0.73098999 -0.71573743
v -0.55008334 0.72861885 -0.71727826
v -0.54099975 0.72582929 -0.71845829
v -0.53201640 0.72224102 -0.71892162
v -0.52300665 0.71863845 -0.71938313
v -0.51397051 0.71502158 -0.71984281
v -0.50507860 0.71062984 -0.71958882
v -0.49608818 0.70661123 -0.71968984
v -0.48708017 0.70258309 -0.71978964
v -0.47805456 0.69854541 -0.71988823
v -0.46880554 0.69523970 -0.72069498
v -0.45973594 0.69117819 -0.72079052
v -0.45053704 0.68747312 -0.72123892
v -0.44142785 0.68339016 -0.72133172
v -0.43242157 0.67893644 -0.72106982
v -0.42315668 0.67519562 -0.72151365
v -0.41399471 0.67108405 -0.72160279
v -0.40468144 0.66731701 -0.72204327
v -0.39534177 0.66353567 -0.72248193
v -0.38597572 0.65974003 -0.72291876
v -0.37658327 0.65593008 -0.72335376
v -0.36731572 0.65176131 -0.72343558
v -0.35787488 0.64792514 -0.72386723
v -0.34840765 0.64407467 -0.72429705
v -0.33907851 0.63987253 -0.72437462
v -0.32973178 0.63566084 -0.72445096
v -0.32036746 0.63143963 -0.72452609
v -0.31098553 0.62720888 -0.72459999
v -0.30158602 0.62296859 -0.72467268
v -0.29216890 0.61871877 -0.72474415
v -0.28273420 0.61445942 -0.72481440
v -0.27328189 0.61019053 -0.72488343
v -0.26381199 0.60591211 -0.72495124
v -0.25432450 0.60162415 -0.72501784
v -0.24481941 0.59732666 -0.72508322
v -0.23572248 0.59239731 -0.72445321
v -0.22662555 0.58746797 -0.72382321
v -0.21797197 0.58192584 -0.72250026
v -0.20933599 0.57639325 -0.72117854
v -0.20071760 0.57087019 -0.71985803
v -0.19023783 0.56775059 -0.72130320
v -0.17779109 0.56697724 -0.72550673
v -0.16668321 0.56437031 -0.72763204
v -0.15748951 0.55938853 -0.72699534
v -0.14829580 0.55440675 -0.72635863
v -0.14012957 0.54827567 -0.72434579
v -0.10958643 0.50826719 -0.70233028
v -0.08847204 0.51516593 -0.71642640
v -0.06899296 0.51996521 -0.72810302
v -0.05620658 0.51815480 -0.73155938
v -0.04568628 0.51416021 -0.73227810
v -0.03693592 0.50856565 -0.73094845
v -0.02759266 0.50350282 -0.73030139
v -0.01824939 0.49843999 -0.72965433
v -0.01204665 0.49081381 -0.72560653
v -0.00529499 0.48374321 -0.72224436
v 0.00848901 0.48224524 -0.72635528
v -0.72567159 0.80449027 -0.72586424
v -0.71631854 0.78415568 -0.71203007
v -0.58899817 0.72237387 -0.70943950
v -0.58009159 0.72094022 -0.71175299
v -0.57122210 0.71867853 -0.71333648
v -0.56229982 0.71638823 -0.71491631
v -0.55326223 0.71445952 -0.71685444
v -0.54429691 0.71172183 -0.71806500
v -0.53543028 0.70818948 -0.71854982
v -0.52653725 0.70464283 -0.71903281
v -0.51761782 0.70108187 -0.71951396
v -0.50867200 0.69750661 -0.71999330
v -0.49978872 0.69354117 -0.72011067
v -0.49088784 0.68956620 -0.72022682
v -0.48196937 0.68558169 -0.72034176
v -0.47303330 0.68158765 -0.72045547
v -0.46397311 0.67795042 -0.72092688
v -0.45499745 0.67393492 -0.72103786
v -0.44600419 0.66990989 -0.72114762
v -0.43675390 0.66659372 -0.72197215
v -0.42784077 0.66218804 -0.72172117
v -0.41879033 0.65813202 -0.72182696
v -0.40972229 0.65406647 -0.72193154
v -0.40049935 0.65034104 -0.72239168
v -0.39110829 0.64694859 -0.72320646
v -0.38182815 0.64319218 -0.72366264
v -0.37267214 0.63907896 -0.72376113
v -0.36349853 0.63495620 -0.72385839
v -0.35414801 0.63116165 -0.72430970
v -0.34493481 0.62701744 -0.72440422
v -0.33553591 0.62319666 -0.72485217
v -0.32628312 0.61903100 -0.72494396
v -0.31683582 0.61518401 -0.72538856
v -0.30754344 0.61099689 -0.72547760
v -0.29841917 0.60647680 -0.72521199
v -0.28890589 0.60259405 -0.72565202
v -0.27936622 0.59869701 -0.72609023
v -0.26980016 0.59478566 -0.72652661
v -0.26000440 0.59117392 -0.72731336
v -0.25017346 0.58754310 -0.72809769
v -0.24115571 0.58265666 -0.72747317
v -0.23170497 0.57838374 -0.72755124
v -0.22312021 0.57288379 -0.72622413
v -0.21410246 0.56799735 -0.72559961
v -0.20646287 0.56131328 -0.72287280
v -0.19676924 0.55733281 -0.72330034
v -0.17846355 0.56395218 -0.73631788
v -0.10505467 0.52417418 -0.73123399
v -0.10255250 0.51264070 -0.72226975
v -0.09178709 0.50935166 -0.72372194
v -0.01307152 0.48705341 -0.73585244
v -0.00757550 0.47898647 -0.73107634
v -0.59152538 0.70931926 -0.70972996
v -0.58282334 0.70713365 -0.71135184
v -0.57417442 0.70413357 -0.71223589
v -0.56543296 0.70150497 -0.71348429
v -0.55646225 0.70001702 -0.71582908
v -0.54755346 0.69771938 -0.71743664
v -0.53873298 0.69462634 -0.71830881
v -0.52987732 0.69151423 -0.71917854
v -0.52106581 0.68800443 -0.71968057
v -0.51222791 0.68448032 -0.72018078
v -0.50345176 0.68056805 -0.72031450
v -0.49465802 0.67664624 -0.72044701
v -0.48594362 0.67234581 -0.72021425
v -0.47711909 0.66840732 -0.72034463
v -0.46817122 0.66482362 -0.72083722
v -0.45930709 0.66086367 -0.72096485
v -0.45031083 0.65725375 -0.72145409
v -0.44128818 0.65362953 -0.72194150
v -0.43236247 0.64963622 -0.72206486
v -0.42341916 0.64563337 -0.72218701
v -0.41432612 0.64197101 -0.72266955
v -0.40534323 0.63794671 -0.72278895
v -0.39620180 0.63425813 -0.72326814
v -0.38703398 0.63055525 -0.72374549
v -0.37798950 0.62649758 -0.72386064
v -0.36877330 0.62276848 -0.72433464
v -0.35968923 0.61868935 -0.72444704
v -0.35042463 0.61493403 -0.72491770
v -0.34113365 0.61116441 -0.72538652
v -0.33215972 0.60672334 -0.72513579
v -0.32282474 0.60292988 -0.72560157
v -0.31364389 0.59879832 -0.72570727
v -0.30426053 0.59497864 -0.72616970
v -0.29504009 0.59082562 -0.72627266
v -0.28522090 0.58761303 -0.72744642
v -0.27555584 0.58406234 -0.72826009
v -0.26565306 0.58080446 -0.72942806
v -0.25612014 0.57690374 -0.72988013
v -0.24634950 0.57329583 -0.73068650
v -0.23675939 0.56936413 -0.73113461
v -0.22714288 0.56541812 -0.73158089
v -0.21727547 0.56175777 -0.73238055
v -0.20989089 0.55480492 -0.72927385
v -0.20116804 0.54965665 -0.72829899
v -0.60252107 0.69886991 -0.70852533
v -0.59406003 0.69596187 -0.70944025
v -0.58546825 0.69382135 -0.71109657
v -0.57703238 0.69008858 -0.71126280
v -0.56846577 0.68712333 -0.71217041
v -0.55955911 0.68606973 -0.71493059
v -0.55070400 0.68420570 -0.71694389
v -0.54192686 0.68154555 -0.71821215
v -0.53310572 0.67886156 -0.71947736
v -0.52439773 0.67540052 -0.71999997
v -0.51566335 0.67192518 -0.72052074
v -0.50698994 0.66806369 -0.72067051
v -0.49839070 0.66382321 -0.72045020
v -0.48959033 0.66031212 -0.72096640
v -0.48096470 0.65605733 -0.72074426
v -0.47212034 0.65252240 -0.72125742
v -0.46335896 0.64861324 -0.72140110
v -0.45446621 0.64505209 -0.72191091
v -0.44566523 0.64112148 -0.72205185
v -0.43672410 0.63753410 -0.72255830
v -0.42788354 0.63358204 -0.72269650
v -0.41889402 0.62996845 -0.72319960
v -0.41001386 0.62599493 -0.72333506
v -0.40111610 0.62201188 -0.72346929
v -0.39205620 0.61836015 -0.72396752
v -0.38296991 0.61469411 -0.72446393
v -0.37401057 0.61067769 -0.72459390
v -0.36503363 0.60665173 -0.72472265
v -0.35603910 0.60261624 -0.72485018
v -0.34686043 0.59890015 -0.72534019
v -0.33782631 0.59484321 -0.72546498
v -0.32877460 0.59077673 -0.72558856
v -0.31934580 0.58734429 -0.72643646
v -0.30988181 0.58389278 -0.72728193
v -0.30057117 0.58010518 -0.72776279
v -0.29065532 0.57724718 -0.72932741
v -0.60479494 0.68674845 -0.70912437
v -0.59647200 0.68348873 -0.70968703
v -0.58802868 0.68099725 -0.71100074
v -0.57964415 0.67770416 -0.71155915
v -0.57123323 0.67439676 -0.71211572
v -0.56243477 0.67337981 -0.71492359
v -0.55368631 0.67155647 -0.71697555
v -0.54501425 0.66894105 -0.71827342
v -0.53622481 0.66667876 -0.71994285
v -0.52761594 0.66326410 -0.72048571
v -0.51898067 0.65983514 -0.72102675
v -0.51040560 0.65602205 -0.72119227
v -0.50181293 0.65219943 -0.72135656
v -0.49320267 0.64836728 -0.72151964
v -0.48467459 0.64416292 -0.72130873
v -0.47603354 0.64031408 -0.72146967
v -0.46726631 0.63681361 -0.72200157
v -0.45858566 0.63294332 -0.72215978
v -0.44977004 0.62941663 -0.72268832
v -0.44092803 0.62587563 -0.72321504
v -0.43218580 0.62197197 -0.72336898
v -0.42329540 0.61840476 -0.72389235
v -0.41451358 0.61447964 -0.72404355
v -0.40557479 0.61088621 -0.72456357
v -0.39689715 0.60660081 -0.72434229
v -0.38791438 0.60298354 -0.72485926
v -0.37890521 0.59935197 -0.72537441
v -0.36986965 0.59570610 -0.72588772
v -0.36096905 0.59171662 -0.72603070
v -0.35171934 0.58837145 -0.72690887
v -0.34260460 0.58468267 -0.72741670
v -0.33328890 0.58130174 -0.72829030
v -0.32375904 0.57822151 -0.72952877
v -0.31436856 0.57480006 -0.73039719
v -0.60703600 0.67471180 -0.70953354
v -0.59884960 0.67110444 -0.70973490
v -0.59059938 0.66787679 -0.71031601
v -0.58217094 0.66579546 -0.71203724
v -0.57385474 0.66253207 -0.71261377
v -0.56515569 0.66154700 -0.71546873
v -0.55656888 0.65937986 -0.71717899
v -0.54799750 0.65680678 -0.71850616
v -0.53938212 0.65420986 -0.71983029
v -0.53087677 0.65084396 -0.72039372
v -0.52242643 0.64709358 -0.72057681
v -0.51387269 0.64370147 -0.72113690
v -0.50538276 0.63992963 -0.72131724
v -0.49696984 0.63578523 -0.72111877
v -0.48844911 0.63199671 -0.72129698
v -0.48001420 0.62784038 -0.72109698
v -0.47146268 0.62403517 -0.72127306
v -0.46266918 0.62092744 -0.72220070
v -0.45419027 0.61674728 -0.72199765
v -0.44558157 0.61291108 -0.72216977
v -0.43682988 0.60941171 -0.72271615
v -0.42818159 0.60555406 -0.72288552
v -0.41938151 0.60202846 -0.72342855
v -0.41055504 0.59848856 -0.72396974
v -0.40170217 0.59493436 -0.72450911
v -0.39267553 0.59170029 -0.72542060
v -0.38376548 0.58811510 -0.72595601
v -0.37451666 0.58517494 -0.72723627
v -0.36506327 0.58253823 -0.72888651
v -0.35588706 0.57922312 -0.72978764
v -0.34667566 0.57588893 -0.73068634
v -0.60931752 0.66197596 -0.70898067
v -0.60119282 0.65880900 -0.70958387
v -0.59299629 0.65601498 -0.71057071
v -0.58466491 0.65397159 -0.71232546
v -0.57633497 0.65151712 -0.71369169
v -0.56796105 0.64903883 -0.71505487
v -0.55941708 0.64729210 -0.71718352
v -0.55094637 0.64476136 -0.71854000
v -0.54257533 0.64146091 -0.71912613
v -0.53402545 0.63888727 -0.72047713
v -0.52567345 0.63518529 -0.72067596
v -0.51721883 0.63183956 -0.72125631
v -0.50882724 0.62811612 -0.72145240
v -0.50051187 0.62402214 -0.72126514
v -0.49218770 0.61992338 -0.72107728
v -0.48375212 0.61617611 -0.72127032
v -0.47540596 0.61206544 -0.72108094
v -0.46693959 0.60830149 -0.72127185
v -0.45868725 0.60382980 -0.72070034
v -0.45007427 0.60039826 -0.72126972
v -0.44155951 0.59660808 -0.72145728
v -0.43289814 0.59315032 -0.72202331
v -0.42421038 0.58967825 -0.72258751
v -0.41535841 0.58652906 -0.72352896
v -0.40661346 0.58302601 -0.72408920
v -0.39710909 0.58117072 -0.72653996
v -0.38783634 0.57861724 -0.72822952
v -0.37820000 0.57669044 -0.73067114
v -0.60358218 0.64582722 -0.70845331
v -0.59544970 0.64346754 -0.70985555
v -0.58727323 0.64108402 -0.71125474
v -0.57905277 0.63867667 -0.71265088
v -0.57067263 0.63700162 -0.71482214
v -0.56229315 0.63491751 -0.71660036
v -0.55399417 0.63205820 -0.71759798
v -0.54566000 0.62917982 -0.71859315
v -0.53729064 0.62628237 -0.71958589
v -0.52904578 0.62263356 -0.71980108
v -0.52069907 0.61933897 -0.72040230
v -0.51241462 0.61566871 -0.72061474
v -0.50420560 0.61162991 -0.72043932
v -0.49598779 0.60758634 -0.72026329
v -0.48776118 0.60353801 -0.72008665
v -0.47952578 0.59948491 -0.71990940
v -0.47128157 0.59542704 -0.71973154
v -0.46314361 0.59101733 -0.71916795
v -0.45488620 0.58695231 -0.71898918
v -0.44649617 0.58322484 -0.71919431
v -0.43770386 0.58050762 -0.72055085
v -0.42913281 0.57709147 -0.72113653
v -0.42012429 0.57466650 -0.72287119
v -0.41063870 0.57321126 -0.72575207
v -0.40092810 0.57204351 -0.72901046
v -0.59786717 0.63101300 -0.70893243
v -0.58979578 0.62867421 -0.71036123
v -0.58157506 0.62706844 -0.71257480
v -0.57340690 0.62467721 -0.71399690
v -0.56519475 0.62226215 -0.71541595
v -0.55687274 0.62019453 -0.71722495
v -0.54870874 0.61699161 -0.71785222
v -0.54059300 0.61340789 -0.71808528
v -0.53253873 0.60945050 -0.71792504
v -0.52447566 0.60548834 -0.71776420
v -0.51640380 0.60152141 -0.71760274
v -0.50813862 0.59826368 -0.71822301
v -0.50023367 0.59357326 -0.71727800
v -0.49203436 0.58994425 -0.71750527
v -0.48402835 0.58560604 -0.71695082
v -0.47591250 0.58161528 -0.71678632
v -0.46778785 0.57761975 -0.71662120
v -0.45965440 0.57361946 -0.71645548
v -0.45151215 0.56961439 -0.71628915
v -0.44323365 0.56594247 -0.71651094
v -0.43467387 0.56293207 -0.71750836
v -0.42594264 0.56023573 -0.71889146
v -0.41590162 0.56049238 -0.72376186
v -0.40602752 0.56002554 -0.72784870
v -0.59228239 0.61635728 -0.70925978
v -0.58427210 0.61403938 -0.71071514
v -0.57616152 0.61207168 -0.71256558
v -0.56805885 0.60970372 -0.71401455
v -0.55991219 0.60731193 -0.71546047
v -0.55186050 0.60416255 -0.71610892
v -0.54385630 0.60063437 -0.71635864
v -0.53591278 0.59673455 -0.71621054
v -0.52779511 0.59354942 -0.71685442
v -0.51991228 0.58927796 -0.71630850
v -0.51193797 0.58536145 -0.71615826
v -0.50395486 0.58144018 -0.71600742
v -0.49616351 0.57681376 -0.71506581
v -0.48827628 0.57253991 -0.71451958
v -0.48038904 0.56826607 -0.71397336
v -0.47261528 0.56364918 -0.71303297
v -0.46461458 0.55971837 -0.71288091
v -0.45660508 0.55578280 -0.71272824
v -0.44871345 0.55150657 -0.71218171
v -0.44082182 0.54723034 -0.71163517
v -0.43225286 0.54460972 -0.71305185
v -0.42322032 0.54295148 -0.71564248
v -0.41180919 0.54647678 -0.72450075
v -0.39929493 0.55183149 -0.73569475
v -0.69396946 0.64986470 -0.70669316
v -0.66366568 0.63666069 -0.70784640
v -0.65606878 0.63254416 -0.70732028
v -0.64842413 0.62960802 -0.70801032
v -0.59463966 0.60488680 -0.70875688
v -0.58672565 0.60260886 -0.71024125
v -0.57876764 0.60030709 -0.71172256
v -0.57088546 0.59724223 -0.71239615
v -0.56278397 0.59526478 -0.71427402
v -0.55469840 0.59289388 -0.71574651
v -0.54671504 0.58977420 -0.71641309
v -0.53893778 0.58555994 -0.71587448
v -0.53099673 0.58206110 -0.71613750
v -0.52321067 0.57784208 -0.71559828
v -0.51551531 0.57327012 -0.71465886
v -0.50782875 0.56870292 -0.71372004
v -0.50015098 0.56414049 -0.71278183
v -0.49237812 0.55992862 -0.71224353
v -0.48471355 0.55537335 -0.71130623
v -0.47705778 0.55082284 -0.71036955
v -0.46917663 0.54695437 -0.71023023
v -0.46140817 0.54274488 -0.70969223
v -0.45338794 0.53920313 -0.70994977
v -0.44574096 0.53465739 -0.70901370
v -0.43783342 0.53077462 -0.70887255
v -0.42922166 0.52852068 -0.71071508
v -0.41983971 0.52785981 -0.71453672
v -0.40903004 0.53004407 -0.72191788
v -0.39591251 0.53660693 -0.73483005
v -0.70278006 0.64804203 -0.71251565
v -0.69516592 0.64111867 -0.70911165
v -0.67263298 0.63290518 -0.71166070
v -0.66505912 0.63039971 -0.71278000
v -0.65752521 0.62511839 -0.71102538
v -0.64994203 0.62180859 -0.71132212
v -0.64245845 0.61615490 -0.70916002
v -0.59678042 0.59500016 -0.70969522
v -0.58859283 0.59535925 -0.71405965
v -0.58090161 0.59159126 -0.71393796
v -0.57284686 0.59002413 -0.71625682
v -0.56498462 0.58696275 -0.71694519
v -0.55716390 0.58352422 -0.71722548
v -0.54939790 0.57971571 -0.71709861
v -0.54169982 0.57554436 -0.71656548
v -0.53408286 0.57101732 -0.71562702
v -0.52656021 0.56614175 -0.71428413
v -0.51896524 0.56162663 -0.71334719
v -0.51156770 0.55641921 -0.71160201
v -0.50390041 0.55226454 -0.71107102
v -0.49623312 0.54810988 -0.71054002
v -0.48856584 0.54395521 -0.71000903
v -0.48089855 0.53980055 -0.70947804
v -0.47323127 0.53564588 -0.70894704
v -0.46544327 0.53182545 -0.70881864
v -0.45764648 0.52800025 -0.70868964
v -0.44189261 0.52066264 -0.70883148
v -0.43392672 0.51714545 -0.70910172
v -0.42537244 0.51490800 -0.71097503
v -0.41588277 0.51456153 -0.71524929
v -0.40522703 0.51638070 -0.72231949
v -0.39222157 0.52252161 -0.73498033
v -0.65918499 0.60911329 -0.70551594
v -0.65160062 0.60976994 -0.70997575
v -0.59961692 0.57921840 -0.70388312
v -0.59143524 0.58074297 -0.70954783
v -0.58360706 0.57888431 -0.71149823
v -0.57578444 0.57663147 -0.71303358
v -0.56791782 0.57435479 -0.71456590
v -0.56027578 0.57061100 -0.71445207
v -0.55298262 0.56507027 -0.71228530
v -0.54542091 0.56097281 -0.71176162
v -0.53810020 0.55581435 -0.71000836
v -0.53080588 0.55067019 -0.70825693
v -0.52362710 0.54519144 -0.70609808
v -0.43818172 0.50683520 -0.70848905
v -0.42929874 0.50559658 -0.71161266
v -0.41975131 0.50558670 -0.71635195
v -0.40933591 0.50709249 -0.72310823
v -0.39891728 0.50819933 -0.72944887
v -0.44158348 0.49853373 -0.71014903
v -0.43277351 0.49731268 -0.71331790
v -0.42359329 0.49668052 -0.71730090
v -0.41356661 0.49756347 -0.72332473
v -0.40370784 0.49774788 -0.72852040
v -0.44564159 0.48869963 -0.70959869
v -0.43538270 0.49098692 -0.71737532
v -0.42625066 0.49035399 -0.72141079
v -0.41612692 0.49153757 -0.72792372
v 0.30536992 0.79548061 -0.70886374
v 0.31893073 0.78593415 -0.70953353
v 0.32787545 0.77365750 -0.70750168
v 0.33834449 0.76230485 -0.70637124
v 0.34721731 0.75009793 -0.70434374
v 0.28889843 0.78280641 -0.71561488
v 0.30003615 0.77200641 -0.71494080
v 0.31040010 0.76076176 -0.71380788
v 0.32153063 0.74996873 -0.71313424
v 0.33187301 0.73874500 -0.71200263
v 0.34140565 0.72711148 -0.71041433
v 0.34850192 0.71425556 -0.70745645
v 0.35390682 0.70064980 -0.70358957
v 0.27175866 0.76978614 -0.72160883
v 0.28048267 0.75776003 -0.71953725
v 0.29070557 0.74665824 -0.71840402
v 0.30247051 0.73643892 -0.71820652
v 0.31346442 0.72577837 -0.71754115
v 0.32445834 0.71511781 -0.71687578
v 0.33385271 0.70363056 -0.71527816
v 0.34079740 0.69095206 -0.71228522
v 0.34767019 0.67834328 -0.70929663
v 0.35036434 0.66384206 -0.70398830
v 0.25320502 0.75597827 -0.72634081
v 0.26103963 0.74365006 -0.72377315
v 0.27035323 0.73225329 -0.72216273
v 0.28118896 0.72174613 -0.72150693
v 0.29280733 0.71166285 -0.72132715
v 0.30365025 0.70114871 -0.72067092
v 0.31369616 0.69022463 -0.71953955
v 0.32372769 0.67931450 -0.71840905
v 0.33293343 0.66802231 -0.71680516
v 0.34047324 0.65597997 -0.71425534
v 0.34630397 0.64322930 -0.71076220
v 0.35038249 0.62981214 -0.70632837
v 0.23715720 0.72702815 -0.72473053
v 0.24782037 0.71668831 -0.72408518
v 0.25848354 0.70634848 -0.72343982
v 0.26992658 0.69642912 -0.72327950
v 0.28059693 0.68608232 -0.72263371
v 0.29047304 0.67532899 -0.72150377
v 0.30113620 0.66498915 -0.72085842
v 0.31260800 0.65504191 -0.72069635
v 0.32327836 0.64469510 -0.72005057
v 0.33312570 0.63396966 -0.71892237
v 0.34129825 0.62251482 -0.71683109
v 0.34021627 0.60709015 -0.70944547
v 0.33808839 0.59150298 -0.70159093
v -0.24400093 1.05814228 -0.70853530
v -0.23363919 1.04926534 -0.70844926
v -0.22278075 1.04107740 -0.70887422
v -0.21140405 1.03355751 -0.70980889
v -0.20097760 1.02461783 -0.70971894
v -0.19053676 1.01566420 -0.70962811
v -0.18008155 1.00669663 -0.70953641
v -0.17064848 0.99637899 -0.70842444
v -0.16122980 0.98607529 -0.70731334
v 0.22160637 0.69913197 -0.72310043
v 0.23206102 0.68899433 -0.72246770
v 0.24406990 0.67969082 -0.72282304
v 0.25453893 0.66953924 -0.72218944
v 0.26500796 0.65938766 -0.72155583
v 0.27627567 0.64963223 -0.72141496
v 0.28755777 0.63986285 -0.72127322
v 0.29966731 0.63046173 -0.72162247
v 0.31098536 0.62065749 -0.72147855
v 0.32231778 0.61083931 -0.72133377
v 0.32949141 0.59920075 -0.71873534
v 0.32987289 0.58478344 -0.71221943
v 0.32753476 0.56949145 -0.70424491
v -0.31977805 1.08831563 -0.70878827
v -0.30967792 1.07968629 -0.70872690
v -0.29956341 1.07104300 -0.70866467
v -0.28899092 1.06312015 -0.70912464
v -0.27838967 1.05516941 -0.70958287
v -0.26821763 1.04647035 -0.70951716
v -0.25803122 1.03775734 -0.70945057
v -0.24735807 1.02973687 -0.70990445
v -0.23665615 1.02168852 -0.71035658
v -0.22592547 1.01361228 -0.71080697
v -0.21516603 1.00550815 -0.71125563
v -0.20487895 0.99669753 -0.71118295
v -0.19457750 0.98787297 -0.71110941
v -0.18426166 0.97903446 -0.71103499
v -0.17445413 0.96952433 -0.71044143
v -0.16517649 0.95936348 -0.70933001
v -0.15645031 0.94857284 -0.70770206
v 0.19479255 0.68134581 -0.72108896
v 0.20579865 0.67183796 -0.72097276
v 0.21759349 0.66272983 -0.72135875
v 0.22863554 0.65318713 -0.72124039
v 0.23811451 0.64283106 -0.72011679
v 0.25076280 0.63405988 -0.72100104
v 0.26265111 0.62486111 -0.72138137
v 0.27456818 0.61563445 -0.72175996
v 0.28569652 0.60600808 -0.72163637
v 0.29601455 0.59600292 -0.72101191
v 0.30633259 0.58599775 -0.72038745
v 0.31665062 0.57599259 -0.71976299
v 0.31935235 0.56289203 -0.71465024
v 0.31851087 0.54856914 -0.70755227
v -0.43131656 1.15121434 -0.70955724
v -0.42223029 1.14124516 -0.70844856
v -0.41171142 1.13452057 -0.70948823
v -0.40225622 1.12535207 -0.70891599
v -0.39242489 1.11697729 -0.70887974
v -0.38257918 1.10858857 -0.70884263
v -0.37271909 1.10018590 -0.70880464
v -0.36244692 1.09254209 -0.70930048
v -0.35255088 1.08410457 -0.70926031
v -0.34222838 1.07641195 -0.70975310
v -0.33229639 1.06793956 -0.70971077
v -0.32235001 1.05945323 -0.70966756
v -0.31195561 1.05169089 -0.71015600
v -0.30197328 1.04316969 -0.71011061
v -0.29197658 1.03463455 -0.71006436
v -0.28151027 1.02680249 -0.71054845
v -0.27147762 1.01823249 -0.71050002
v -0.26096098 1.01035163 -0.71098106
v -0.25041558 1.00244287 -0.71146036
v -0.24032540 0.99381709 -0.71140845
v -0.22972967 0.98585953 -0.71188470
v -0.21960354 0.97719889 -0.71183061
v -0.20895748 0.96919253 -0.71230382
v -0.19879539 0.96049702 -0.71224756
v -0.18861893 0.95178758 -0.71219042
v -0.17895521 0.94241689 -0.71160556
v -0.16982581 0.93240587 -0.71049427
v -0.16125229 0.92177544 -0.70885787
v 0.17041602 0.66503681 -0.72007545
v 0.18046083 0.65529659 -0.71946753
v 0.19204882 0.64637686 -0.71988373
v 0.20444435 0.63783252 -0.72080982
v 0.21531107 0.62845374 -0.72071091
v 0.22777851 0.61983967 -0.72163265
v 0.23948873 0.61080141 -0.72204145
v 0.25042017 0.60135988 -0.72193862
v 0.26136599 0.59190440 -0.72183493
v 0.27150427 0.58207354 -0.72122134
v 0.28081343 0.57188822 -0.72009918
v 0.29010821 0.56171684 -0.71897788
v 0.30023211 0.55189992 -0.71836517
v 0.30780395 0.54108236 -0.71623062
v 0.30846965 0.52769401 -0.71004396
v 0.30811209 0.51413944 -0.70336046
v -0.45315550 1.13443713 -0.70773692
v -0.44183399 1.13037303 -0.71045737
v -0.43288877 1.12054670 -0.70934839
v -0.42288097 1.11314707 -0.70987792
v -0.41321059 1.10492228 -0.70986026
v -0.40315246 1.09747384 -0.71038674
v -0.39344613 1.08921418 -0.71036691
v -0.38411316 1.08016421 -0.70980206
v -0.37399032 1.07265303 -0.71032463
v -0.36424084 1.06435153 -0.71030219
v -0.35447699 1.05603610 -0.71027887
v -0.34428224 1.04845519 -0.71079709
v -0.33448244 1.04010489 -0.71077160
v -0.32423736 1.03247518 -0.71128677
v -0.31440160 1.02409002 -0.71125910
v -0.30455146 1.01569091 -0.71123056
v -0.29423449 1.00799148 -0.71174138
v -0.28434840 0.99955751 -0.71171067
v -0.27444793 0.99110960 -0.71167908
v -0.26405904 0.98334044 -0.71218555
v -0.25412262 0.97485767 -0.71215179
v -0.24368341 0.96703971 -0.71265521
v -0.23371104 0.95852207 -0.71261928
v -0.22372428 0.94999050 -0.71258247
v -0.21321317 0.94210281 -0.71308154
v -0.20319046 0.93353637 -0.71304256
v -0.19315337 0.92495599 -0.71300271
v -0.18363346 0.91572474 -0.71242655
v -0.17519103 0.90523360 -0.71078038
v -0.16786923 0.89352441 -0.70806682
v 0.14845195 0.65017430 -0.72014105
v 0.15908583 0.64101522 -0.72006508
v 0.17127175 0.63265586 -0.72103040
v 0.18194877 0.62345495 -0.72095181
v 0.19420659 0.61502588 -0.72191278
v 0.20571716 0.60616905 -0.72235136
v 0.21805407 0.59766328 -0.72330753
v 0.22801978 0.58799975 -0.72270439
v 0.23798549 0.57833623 -0.72210125
v 0.24795120 0.56867270 -0.72149811
v 0.25709056 0.55865812 -0.72037738
v 0.26621554 0.54865749 -0.71925751
v 0.27532613 0.53867079 -0.71813852
v 0.28527027 0.52902818 -0.71753668
v 0.29350419 0.51873924 -0.71590314
v 0.29998473 0.50784580 -0.71324049
v 0.29945179 0.49453434 -0.70646145
v -0.46239815 1.11607851 -0.70988232
v -0.45224098 1.10966813 -0.71099695
v -0.44308777 1.10079247 -0.71044299
v -0.43322211 1.09351849 -0.71099881
v -0.42369110 1.08542275 -0.71099844
v -0.41414572 1.07731307 -0.71099719
v -0.40458595 1.06918945 -0.71099508
v -0.39501180 1.06105188 -0.71099209
v -0.38542327 1.05290036 -0.71098823
v -0.37582036 1.04473490 -0.71098350
v -0.36620308 1.03655550 -0.71097791
v -0.35615766 1.02910722 -0.71152285
v -0.34650442 1.02089295 -0.71151508
v -0.33640867 1.01339587 -0.71205698
v -0.32671948 1.00514674 -0.71204703
v -0.31701591 0.99688367 -0.71203621
v -0.30684825 0.98931686 -0.71257376
v -0.29710873 0.98101893 -0.71256076
v -0.28689075 0.97340331 -0.71309527
v -0.27711527 0.96507052 -0.71308010
v -0.26732542 0.95672378 -0.71306405
v -0.25752118 0.94836310 -0.71304714
v -0.24770256 0.93998848 -0.71302936
v -0.23736954 0.93226130 -0.71355690
v -0.22751497 0.92385182 -0.71353694
v -0.21764602 0.91542839 -0.71351611
v -0.20776269 0.90699101 -0.71349441
v -0.19839377 0.89790618 -0.71292739
v -0.18956084 0.88819482 -0.71181636
v -0.18182862 0.87725827 -0.70961902
v -0.17468992 0.86575096 -0.70688116
v -0.03391396 0.74758393 -0.70758447
v -0.02251287 0.73996735 -0.70862382
v 0.12436534 0.63422336 -0.71818110
v 0.13707896 0.62648031 -0.71971747
v 0.14985010 0.61868148 -0.72125036
v 0.16113225 0.61003398 -0.72172046
v 0.17166270 0.60096910 -0.72165959
v 0.18299517 0.59227278 -0.72212665
v 0.19435641 0.58354858 -0.72259196
v 0.20414236 0.57405936 -0.72199970
v 0.21473753 0.56493173 -0.72193492
v 0.22453067 0.55543554 -0.72134222
v 0.23350022 0.54559171 -0.72022292
v 0.24245540 0.53576181 -0.71910448
v 0.25139619 0.52594586 -0.71798691
v 0.26116776 0.51647059 -0.71739552
v 0.26923463 0.50635580 -0.71575440
v 0.27899182 0.49689447 -0.71516388
v 0.28701554 0.48682152 -0.71352536
v 0.29151481 0.47558108 -0.70979432
v 0.28976000 0.46238124 -0.70240661
v -0.47154693 1.09783584 -0.71172124
v -0.46253752 1.08909962 -0.71117598
v -0.45318185 1.08116781 -0.71119506
v -0.44381179 1.07322205 -0.71121327
v -0.43442735 1.06526235 -0.71123062
v -0.42502853 1.05728870 -0.71124709
v -0.41561533 1.04930111 -0.71126269
v -0.40618775 1.04129958 -0.71127742
v -0.39635637 1.03404667 -0.71185301
v -0.38689284 1.02601028 -0.71186557
v -0.37741492 1.01795994 -0.71187725
v -0.36792263 1.00989565 -0.71188807
v -0.35841596 1.00181742 -0.71189801
v -0.34846953 0.99445296 -0.71246664
v -0.33892691 0.98633987 -0.71247441
v -0.32893016 0.97892660 -0.71303999
v -0.31935158 0.97077864 -0.71304559
v -0.30975862 0.96261675 -0.71305031
v -0.30015128 0.95444091 -0.71305416
v -0.29006106 0.94693700 -0.71361409
v -0.28041777 0.93872630 -0.71361576
v -0.27076010 0.93050165 -0.71361657
v -0.26059797 0.92292802 -0.71417214
v -0.25090435 0.91466851 -0.71417077
v -0.24119635 0.90639506 -0.71416853
v -0.23147397 0.89810766 -0.71416542
v -0.22173720 0.88980632 -0.71416144
v -0.21251209 0.88086094 -0.71360312
v -0.20382020 0.87129243 -0.71249177
v -0.19460228 0.86235402 -0.71193389
v -0.18647955 0.85219724 -0.71027169
v -0.17894039 0.84146615 -0.70805950
v -0.17032040 0.83196736 -0.70695250
v -0.14966539 0.81649937 -0.70804364
v -0.13987829 0.80814923 -0.70803661
v -0.12948607 0.80035248 -0.70857826
v -0.12026096 0.79140710 -0.70801994
v -0.11043072 0.78301512 -0.70801031
v -0.10058611 0.77460919 -0.70799980
v -0.09072711 0.76618932 -0.70798842
v -0.07960035 0.75882049 -0.70907091
v -0.06906432 0.75088430 -0.70960386
v -0.05849954 0.74292022 -0.71013507
v -0.04790599 0.73492826 -0.71066454
v -0.03793914 0.72640380 -0.71064663
v -0.02928320 0.71687015 -0.70953746
v 0.10267462 0.61969844 -0.71735432
v 0.11520463 0.61210908 -0.71893719
v 0.12855547 0.60486396 -0.72105569
v 0.13889621 0.59597696 -0.72101515
v 0.15080672 0.58784814 -0.72205022
v 0.16119060 0.57891930 -0.72200707
v 0.17238094 0.57034864 -0.72250042
v 0.18280078 0.56138493 -0.72245510
v 0.19323500 0.55240729 -0.72240890
v 0.20205631 0.54271328 -0.72128972
v 0.21168408 0.53337745 -0.72070704
v 0.22048383 0.52370435 -0.71958916
v 0.23010441 0.51437549 -0.71900691
v 0.23888258 0.50472332 -0.71789034
v 0.24764638 0.49508509 -0.71677464
v 0.25639579 0.48546080 -0.71565981
v 0.26772274 0.47675766 -0.71614489
v 0.27907846 0.46802664 -0.71662823
v 0.28343611 0.45696006 -0.71285268
v 0.28505084 0.44513268 -0.70748724
v 0.28117975 0.43178373 -0.69894200
v -0.49270841 1.08010768 -0.70804492
v -0.48191836 1.07644935 -0.71095678
v -0.47272362 1.06866752 -0.71099445
v -0.46317100 1.06167273 -0.71160461
v -0.45394032 1.05385604 -0.71164011
v -0.44505315 1.04523835 -0.71110224
v -0.43543581 1.03818082 -0.71170848
v -0.42616199 1.03032229 -0.71174137
v -0.41687378 1.02244982 -0.71177338
v -0.40757120 1.01456340 -0.71180452
v -0.39825423 1.00666304 -0.71183479
v -0.38852185 0.99949395 -0.71243407
v -0.37916893 0.99155873 -0.71246217
v -0.36980163 0.98360956 -0.71248939
v -0.35999735 0.97637075 -0.71308432
v -0.35059410 0.96838672 -0.71310937
v -0.34117647 0.96038875 -0.71313355
v -0.33174446 0.95237683 -0.71315686
v -0.32229807 0.94435097 -0.71317930
v -0.31283730 0.93631116 -0.71320086
v -0.30289640 0.92893988 -0.71378752
v -0.29339968 0.92086521 -0.71380692
v -0.28388857 0.91277660 -0.71382544
v -0.27387577 0.90533559 -0.71440775
v -0.26432872 0.89721212 -0.71442409
v -0.25476728 0.88907470 -0.71443957
v -0.24519147 0.88092334 -0.71445417
v -0.23560127 0.87275804 -0.71446791
v -0.22651996 0.86395210 -0.71391830
v -0.21743866 0.85514616 -0.71336868
v -0.20835735 0.84634022 -0.71281907
v -0.19927604 0.83753428 -0.71226945
v -0.19074676 0.82812954 -0.71115910
v -0.18223187 0.81873875 -0.71004962
v -0.17259853 0.81053161 -0.71006074
v -0.16295081 0.80231052 -0.71007100
v -0.15328871 0.79407549 -0.71008038
v -0.14361223 0.78582652 -0.71008889
v -0.13332620 0.77812057 -0.71065466
v -0.12361377 0.76983674 -0.71066100
v -0.11266785 0.76262500 -0.71178098
v -0.10291228 0.75429933 -0.71178471
v -0.09189446 0.74701787 -0.71290034
v -0.08146463 0.73917248 -0.71345741
v -0.07164434 0.73078406 -0.71345722
v -0.06245518 0.72187354 -0.71290108
v -0.05391871 0.71246183 -0.71179029
v -0.04605651 0.70256984 -0.71012616
v -0.03955722 0.69173126 -0.70735622
v 0.06661062 0.61146452 -0.71281375
v 0.08111643 0.60533720 -0.71609488
v 0.09421618 0.59830511 -0.71827281
v 0.10586675 0.59041010 -0.71935014
v 0.11832819 0.58286288 -0.72097255
v 0.12929729 0.57449457 -0.72149698
v 0.14029516 0.56609836 -0.72201967
v 0.15053248 0.55730556 -0.72199424
v 0.16078418 0.54849880 -0.72196794
v 0.17105026 0.53967811 -0.72194077
v 0.18051985 0.53049567 -0.72136766
v 0.18998943 0.52131323 -0.72079455
v 0.19945901 0.51213079 -0.72022143
v 0.20809614 0.50262146 -0.71910455
v 0.21671889 0.49312609 -0.71798854
v 0.22532726 0.48364465 -0.71687340
v 0.23477528 0.47448313 -0.71630159
v 0.24422329 0.46532161 -0.71572979
v 0.25627650 0.45703615 -0.71678275
v 0.26749727 0.44842380 -0.71729195
v 0.27786401 0.43950549 -0.71725869
v 0.27845544 0.42759110 -0.71128141
v 0.27800590 0.41555201 -0.70477298
v -0.49152108 1.05682914 -0.71098023
v -0.48313284 1.04756726 -0.70986957
v -0.47305523 1.04230724 -0.71167163
v -0.46361599 1.03541022 -0.71230635
v -0.45485824 1.02691803 -0.71177632
v -0.44573817 1.01920251 -0.71182735
v -0.43660372 1.01147304 -0.71187752
v -0.42745489 1.00372963 -0.71192681
v -0.41790779 0.99672803 -0.71255500
v -0.40872301 0.98894976 -0.71260211
v -0.39952385 0.98115755 -0.71264836
v -0.39031031 0.97335139 -0.71269374
v -0.38066974 0.96625914 -0.71331627
v -0.37142024 0.95841812 -0.71335947
v -0.36172934 0.95127707 -0.71397895
v -0.35287812 0.94269425 -0.71344326
v -0.34314407 0.93551137 -0.71406014
v -0.33382986 0.92760759 -0.71409942
v -0.32450128 0.91968988 -0.71413784
v -0.31515831 0.91175822 -0.71417538
v -0.30580096 0.90381261 -0.71421206
v -0.29642924 0.89585306 -0.71424786
v -0.28704313 0.88787957 -0.71428280
v -0.27764264 0.87989213 -0.71431686
v -0.26772884 0.87253495 -0.71492285
v -0.25829240 0.86451265 -0.71495474
v -0.24884158 0.85647640 -0.71498576
v -0.23989688 0.84780294 -0.71444441
v -0.23042449 0.83974578 -0.71447412
v -0.22147261 0.83106534 -0.71393234
v -0.21197865 0.82298726 -0.71396075
v -0.20356885 0.81370446 -0.71284878
v -0.19406050 0.80561244 -0.71287631
v -0.18510143 0.79692503 -0.71233410
v -0.17557152 0.78881209 -0.71236033
v -0.16602722 0.78068520 -0.71238569
v -0.15646855 0.77254438 -0.71241018
v -0.14689550 0.76438961 -0.71243380
v -0.13670846 0.75676747 -0.71302325
v -0.12649266 0.74911745 -0.71361097
v -0.11624810 0.74143954 -0.71419694
v -0.10535361 0.73425941 -0.71534658
v -0.09567271 0.72600005 -0.71536367
v -0.08661297 0.71721503 -0.71481536
v -0.07755323 0.70843001 -0.71426705
v -0.06914343 0.69914721 -0.71315508
v -0.06140513 0.68938755 -0.71148076
v -0.05635284 0.67772044 -0.70755702
v 0.04905794 0.59919405 -0.71384030
v 0.06192099 0.59236106 -0.71607679
v 0.07410535 0.58505817 -0.71775135
v 0.08710501 0.57809271 -0.71997957
v 0.09864663 0.57028507 -0.72109004
v 0.10945922 0.56205635 -0.72164163
v 0.12107992 0.55417203 -0.72274732
v 0.13117068 0.54551525 -0.72273961
v 0.14048207 0.53648620 -0.72217607
v 0.14979347 0.52745715 -0.72161253
v 0.15991299 0.51877249 -0.72160307
v 0.17004688 0.51007388 -0.72159275
v 0.17937266 0.50103089 -0.72102834
v 0.18869843 0.49198789 -0.72046393
v 0.19718733 0.48262840 -0.71934717
v 0.20650592 0.47359237 -0.71878320
v 0.21497324 0.46425379 -0.71766775
v 0.22514309 0.45552033 -0.71765525
v 0.23705860 0.44735014 -0.71874309
v 0.24901725 0.43913811 -0.71982832
v 0.26365911 0.43170825 -0.72256015
v 0.27306398 0.42258856 -0.72199095
v 0.27620803 0.41164382 -0.71757970
v 0.27203869 0.39876669 -0.70878710
v -0.62344084 1.14482917 -0.71195189
v -0.61837961 1.12309267 -0.70246794
v -0.51055331 1.04321809 -0.70940266
v -0.50166609 1.03572227 -0.70947663
v -0.49243369 1.02901366 -0.71014156
v -0.48283454 1.02307133 -0.71139613
v -0.47353743 1.01629996 -0.71205714
v -0.46456393 1.00872047 -0.71212589
v -0.45521649 1.00190030 -0.71278386
v -0.44620704 0.99428595 -0.71285043
v -0.43718320 0.98665766 -0.71291614
v -0.42776386 0.97976777 -0.71356975
v -0.41870407 0.97210461 -0.71363328
v -0.40962991 0.96442752 -0.71369594
v -0.40094407 0.95600505 -0.71317026
v -0.39143844 0.94903149 -0.71381865
v -0.38232113 0.94131256 -0.71387870
v -0.37318944 0.93357968 -0.71393788
v -0.36404338 0.92583286 -0.71399618
v -0.35488293 0.91807210 -0.71405362
v -0.34570810 0.91029739 -0.71411019
v -0.33651889 0.90250874 -0.71416589
v -0.32731530 0.89470614 -0.71422071
v -0.31809733 0.88688960 -0.71427467
v -0.30886498 0.87905911 -0.71432776
v -0.29913645 0.87186941 -0.71496266
v -0.28986815 0.86400406 -0.71501357
v -0.28058547 0.85612477 -0.71506361
v -0.27128840 0.84823153 -0.71511278
v -0.26197696 0.84032435 -0.71516108
v -0.25265114 0.83240322 -0.71520851
v -0.24331093 0.82446815 -0.71525506
v -0.23448847 0.81591322 -0.71472112
v -0.22512670 0.80795723 -0.71476637
v -0.21629705 0.79939532 -0.71423199
v -0.20746740 0.79083341 -0.71369760
v -0.19807687 0.78284953 -0.71374112
v -0.18867195 0.77485171 -0.71378376
v -0.17925265 0.76683995 -0.71382553
v -0.16981897 0.75881424 -0.71386643
v -0.15978126 0.75132473 -0.71448262
v -0.15031163 0.74326416 -0.71452134
v -0.14022359 0.73572584 -0.71513448
v -0.13010679 0.72815964 -0.71574588
v -0.11996123 0.72056555 -0.71635554
v -0.11041251 0.71242829 -0.71638948
v -0.10148220 0.70376876 -0.71584901
v -0.09319186 0.69460790 -0.71473542
v -0.08491591 0.68546098 -0.71362271
v -0.07665434 0.67632801 -0.71251086
v -0.07105336 0.66528729 -0.70911267
v 0.02720945 0.58458896 -0.71111961
v 0.04210087 0.57912441 -0.71511309
v 0.05635950 0.57315154 -0.71853303
v 0.06920875 0.56630150 -0.72081459
v 0.08136768 0.55899892 -0.72252608
v 0.09281473 0.55126472 -0.72366881
v 0.10352832 0.54311982 -0.72424409
v 0.11270311 0.53422324 -0.72368882
v 0.12187789 0.52532667 -0.72313355
v 0.13105267 0.51643009 -0.72257828
v 0.14022745 0.50753351 -0.72202301
v 0.15021478 0.49897094 -0.72203040
v 0.16021649 0.49039442 -0.72203692
v 0.16940565 0.48148390 -0.72148078
v 0.17776069 0.47226029 -0.72036328
v 0.18694266 0.46335674 -0.71980757
v 0.19612463 0.45445319 -0.71925187
v 0.20872936 0.44671833 -0.72093638
v 0.22139161 0.43892769 -0.72261741
v 0.23585153 0.43163773 -0.72541333
v 0.25039772 0.42426411 -0.72820402
v 0.26326130 0.41627825 -0.72987287
v 0.27439912 0.40772199 -0.73042247
v 0.27118441 0.39513241 -0.72205124
v -0.62979257 1.12815921 -0.71412120
v -0.62410846 1.10925752 -0.70632893
v -0.51823300 1.02779321 -0.71171427
v -0.51073260 1.01717276 -0.70939827
v -0.50097907 1.01217829 -0.71129073
v -0.49183848 1.00554652 -0.71197890
v -0.48232670 0.99967065 -0.71326530
v -0.47382062 0.99142249 -0.71275050
v -0.46460093 0.98471403 -0.71343389
v -0.45535248 0.97797768 -0.71411554
v -0.44644646 0.97045753 -0.71419722
v -0.43752605 0.96292344 -0.71427803
v -0.42859126 0.95537541 -0.71435797
v -0.41964209 0.94781343 -0.71443705
v -0.41107848 0.93950949 -0.71391876
v -0.40210774 0.93192659 -0.71399653
v -0.39270830 0.92504382 -0.71466904
v -0.38370161 0.91742606 -0.71474463
v -0.37468053 0.90979436 -0.71481935
v -0.36564508 0.90214872 -0.71489320
v -0.35659525 0.89448913 -0.71496618
v -0.34753104 0.88681559 -0.71503829
v -0.33845244 0.87912811 -0.71510953
v -0.32982412 0.87076142 -0.71458733
v -0.32025211 0.86371132 -0.71524939
v -0.31160941 0.85533069 -0.71472632
v -0.30199426 0.84823875 -0.71538578
v -0.29284376 0.84048155 -0.71545266
v -0.28367889 0.83271040 -0.71551868
v -0.27399183 0.82554874 -0.71617378
v -0.26530599 0.81712627 -0.71564810
v -0.25609797 0.80931329 -0.71571151
v -0.24687557 0.80148637 -0.71577404
v -0.23763879 0.79364550 -0.71583571
v -0.22893138 0.78520212 -0.71530872
v -0.22022396 0.77675874 -0.71478174
v -0.21095842 0.76888998 -0.71484166
v -0.20167850 0.76100727 -0.71490072
v -0.19181169 0.75367131 -0.71554494
v -0.18249582 0.74575375 -0.71560182
v -0.17316556 0.73782224 -0.71565783
v -0.16322685 0.73041655 -0.71629770
v -0.15325938 0.72298297 -0.71693583
v -0.14387160 0.71499568 -0.71698835
v -0.13446945 0.70699445 -0.71704001
v -0.12505291 0.69897928 -0.71709080
v -0.11688205 0.68994036 -0.71597560
v -0.10872558 0.68091538 -0.71486126
v -0.09993907 0.67239530 -0.71432949
v -0.09310736 0.66242326 -0.71205396
v -0.08566001 0.65297008 -0.71036186
v 0.03201292 0.55783438 -0.71379183
v 0.05292194 0.55541262 -0.72245740
v 0.06570705 0.54859433 -0.72478707
v 0.07703077 0.54096146 -0.72596381
v 0.08762379 0.53292130 -0.72656408
v 0.09746456 0.52449476 -0.72658919
v 0.10574327 0.51535125 -0.72546746
v 0.11480300 0.50656623 -0.72491915
v 0.12386274 0.49778121 -0.72437084
v 0.13292248 0.48899619 -0.72382254
v 0.14279919 0.48053479 -0.72384547
v 0.15186612 0.47174279 -0.72329673
v 0.16176440 0.46326048 -0.72331836
v 0.17167707 0.45476422 -0.72333912
v 0.18160411 0.44625401 -0.72335901
v 0.19410433 0.43859616 -0.72508523
v 0.20838230 0.43144610 -0.72794524
v 0.22448117 0.42476201 -0.73193642
v -0.63541472 1.11428146 -0.71788726
v -0.62977657 1.09549738 -0.70999160
v -0.62129753 1.08838519 -0.71010798
v -0.61447707 1.07511310 -0.70591798
v -0.52459178 1.01569689 -0.71621637
v -0.51683692 1.00595769 -0.71448797
v -0.50813498 0.99862935 -0.71459085
v -0.49941866 0.99128708 -0.71469286
v -0.49068796 0.98393085 -0.71479400
v -0.48228973 0.97578728 -0.71428573
v -0.47353745 0.96841014 -0.71438556
v -0.46477080 0.96101906 -0.71448453
v -0.45598977 0.95361403 -0.71458262
v -0.44719436 0.94619506 -0.71467984
v -0.43838457 0.93876214 -0.71477620
v -0.42956039 0.93131528 -0.71487168
v -0.42072184 0.92385447 -0.71496629
v -0.41227327 0.91566209 -0.71445497
v -0.40300159 0.90889103 -0.71515291
v -0.39411989 0.90138839 -0.71524491
v -0.38522382 0.89387181 -0.71533604
v -0.37631336 0.88634128 -0.71542630
v -0.36738852 0.87879680 -0.71551569
v -0.35844930 0.87123839 -0.71560421
v -0.34949570 0.86366603 -0.71569187
v -0.34098962 0.85541787 -0.71517706
v -0.33154537 0.84847947 -0.71586455
v -0.32254863 0.84086527 -0.71594959
v -0.31353751 0.83323714 -0.71603376
v -0.30451200 0.82559505 -0.71611706
v -0.29547212 0.81793902 -0.71619949
v -0.28641786 0.81026905 -0.71628105
v -0.27734922 0.80258513 -0.71636174
v -0.26826619 0.79488727 -0.71644155
v -0.25916879 0.78717546 -0.71652050
v -0.25059080 0.77885758 -0.71600135
v -0.24147183 0.77112486 -0.71607899
v -0.23233847 0.76337819 -0.71615576
v -0.22374610 0.75504636 -0.71563574
v -0.21402862 0.74784302 -0.71630669
v -0.20485212 0.74005452 -0.71638085
v -0.19566125 0.73225208 -0.71645414
v -0.18645599 0.72443569 -0.71652656
v -0.17664503 0.71714171 -0.71719186
v -0.16740382 0.70929045 -0.71726210
v -0.15814823 0.70142526 -0.71733148
v -0.14949115 0.69303068 -0.71680754
v -0.14083407 0.68463611 -0.71628360
v -0.13280426 0.67574004 -0.71516808
v -0.12605774 0.66586887 -0.71287117
v -0.11871272 0.65652709 -0.71116757
v -0.11204530 0.64673262 -0.70887544
v 0.00633632 0.54192830 -0.70737662
v 0.02323794 0.53774633 -0.71327860
v 0.05089146 0.53867486 -0.72734336
v 0.06439069 0.53224340 -0.73030358
v 0.07489192 0.52428008 -0.73092710
v 0.08464363 0.51593380 -0.73096645
v 0.09362428 0.50722548 -0.73042292
v 0.10339757 0.49885828 -0.73046097
v 0.11158557 0.48980882 -0.72933588
v 0.12137324 0.48142768 -0.72937305
v 0.13036107 0.47271238 -0.72882909
v 0.14017031 0.46431032 -0.72886496
v 0.14999393 0.45589432 -0.72889996
v 0.16150351 0.44806297 -0.73009199
v 0.17642813 0.44135908 -0.73359547
v -0.64404374 1.13104467 -0.73760023
v -0.63990281 1.10495623 -0.72458197
v -0.63538393 1.08181227 -0.71345598
v -0.62538344 1.08094425 -0.71795779
v -0.61928388 1.06509675 -0.71184320
v -0.61234004 1.05284521 -0.70823103
v -0.52352219 0.99320822 -0.71817682
v -0.51457959 0.98674409 -0.71891236
v -0.50626764 0.97868418 -0.71840931
v -0.49795569 0.97062427 -0.71790626
v -0.49067600 0.96025436 -0.71555053
v -0.48238562 0.95221537 -0.71504879
v -0.47409525 0.94417638 -0.71454704
v -0.46543921 0.93688647 -0.71466155
v -0.45676879 0.92958261 -0.71477518
v -0.44808399 0.92226481 -0.71488795
v -0.43938482 0.91493307 -0.71499984
v -0.43067126 0.90758738 -0.71511087
v -0.42194332 0.90022775 -0.71522102
v -0.41320100 0.89285418 -0.71533031
v -0.40444430 0.88546665 -0.71543872
v -0.39567322 0.87806519 -0.71554626
v -0.38688776 0.87064978 -0.71565294
v -0.37808792 0.86322042 -0.71575874
v -0.36927369 0.85577713 -0.71586367
v -0.36044509 0.84831988 -0.71596773
v -0.35160211 0.84084869 -0.71607093
v -0.34274474 0.83336356 -0.71617325
v -0.33387300 0.82586448 -0.71627470
v -0.32498687 0.81835146 -0.71637528
v -0.31608637 0.81082450 -0.71647499
v -0.30717148 0.80328359 -0.71657383
v -0.29824222 0.79572873 -0.71667180
v -0.28878911 0.78876957 -0.71737645
v -0.28034054 0.78057719 -0.71686513
v -0.27136813 0.77298050 -0.71696049
v -0.26238134 0.76536987 -0.71705497
v -0.25338018 0.75774529 -0.71714859
v -0.24491004 0.74953199 -0.71663597
v -0.23588730 0.74188650 -0.71672828
v -0.22629038 0.73478789 -0.71742422
v -0.21723169 0.72710754 -0.71751436
v -0.20873280 0.71886635 -0.71700000
v -0.19907117 0.71170499 -0.71769202
v -0.19055789 0.70344986 -0.71717679
v -0.18144887 0.69572070 -0.71726388
v -0.17292840 0.68745860 -0.71674821
v -0.16501806 0.67868446 -0.71563108
v -0.15712210 0.66992428 -0.71451482
v -0.15111405 0.65968379 -0.71159768
v -0.14516352 0.64949908 -0.70868401
v -0.02880564 0.54660235 -0.70738730
v -0.01589819 0.54070821 -0.71043641
v -0.00364401 0.53434388 -0.71288668
v 0.00793533 0.52753027 -0.71473941
v 0.02258792 0.52215121 -0.71895968
v 0.05333913 0.52433840 -0.73561165
v -0.65178616 1.10726533 -0.73420700
v -0.64626488 1.08764311 -0.72545886
v -0.63917782 1.07528312 -0.72179380
v -0.63284150 1.06035840 -0.71623248
v -0.62451898 1.05338581 -0.71637602
v -0.61858870 1.03775725 -0.71019205
v -0.53045928 0.97973930 -0.72103905
v -0.52224800 0.97177700 -0.72054209
v -0.51305587 0.96615631 -0.72192746
v -0.50415475 0.95972022 -0.72268321
v -0.49897945 0.94482375 -0.71654493
v -0.49114544 0.93612972 -0.71542357
v -0.48261440 0.92895493 -0.71555449
v -0.47406898 0.92176619 -0.71568454
v -0.46550917 0.91456351 -0.71581372
v -0.45693499 0.90734689 -0.71594202
v -0.44834643 0.90011632 -0.71606946
v -0.44013514 0.89215402 -0.71557250
v -0.43152501 0.88490253 -0.71569863
v -0.42290050 0.87763710 -0.71582389
v -0.41384837 0.87105460 -0.71657050
v -0.40560833 0.86306441 -0.71607180
v -0.39694067 0.85575714 -0.71619445
v -0.38825863 0.84843594 -0.71631623
v -0.37956222 0.84110078 -0.71643714
v -0.37130060 0.83308968 -0.71593713
v -0.36258261 0.82573361 -0.71605674
v -0.35385024 0.81836359 -0.71617547
v -0.34510349 0.81097964 -0.71629333
v -0.33634236 0.80358173 -0.71641032
v -0.32708172 0.79679703 -0.71714431
v -0.31828464 0.78936426 -0.71725913
v -0.30947318 0.78191756 -0.71737308
v -0.30064734 0.77445690 -0.71748615
v -0.29180712 0.76698230 -0.71759836
v -0.28295251 0.75949376 -0.71770969
v -0.27408353 0.75199127 -0.71782016
v -0.26520017 0.74447484 -0.71792975
v -0.25630242 0.73694447 -0.71803848
v -0.24739030 0.72940015 -0.71814633
v -0.23846379 0.72184188 -0.71825331
v -0.22952291 0.71426967 -0.71835943
v -0.22056764 0.70668352 -0.71846467
v -0.21159799 0.69908342 -0.71856904
v -0.20261397 0.69146938 -0.71867255
v -0.19480153 0.68279627 -0.71755250
v -0.18700347 0.67413710 -0.71643332
v -0.18043453 0.66447465 -0.71409407
v -0.17452328 0.65435238 -0.71114739
v -0.16991305 0.64329655 -0.70698500
v -0.04559460 0.54799177 -0.71434733
v -0.03062996 0.54335899 -0.71926671
v -0.01334710 0.53977098 -0.72598747
v -0.00104920 0.53333382 -0.72847933
v 0.00313680 0.52268935 -0.72434261
v 0.01324590 0.51508192 -0.72502525
v 0.02414211 0.50780881 -0.72630748
v -0.65960904 1.08274038 -0.72977331
v -0.65358982 1.06598889 -0.72284826
v -0.64620009 1.05554881 -0.72043279
v -0.63997111 1.04077688 -0.71480720
v -0.63178078 1.03392637 -0.71496758
v -0.62428976 1.02447954 -0.71320206
v -0.61878824 1.00823006 -0.70630835
v -0.51626885 0.93501480 -0.71584954
v -0.50686149 0.93025861 -0.71790449
v -0.49981690 0.92015319 -0.71550992
v -0.49105072 0.91383578 -0.71629153
v -0.48261591 0.90674822 -0.71643711
v -0.47416672 0.89964671 -0.71658183
v -0.46570316 0.89253126 -0.71672568
v -0.45760691 0.88468052 -0.71623568
v -0.44912178 0.87754415 -0.71637823
v -0.44062226 0.87039384 -0.71651990
v -0.43210836 0.86322958 -0.71666070
v -0.42399055 0.85535792 -0.71616940
v -0.41545508 0.84817275 -0.71630889
v -0.40690523 0.84097363 -0.71644752
v -0.39834100 0.83376057 -0.71658528
v -0.38976238 0.82653356 -0.71672216
v -0.38116939 0.81929261 -0.71685818
v -0.37256202 0.81203771 -0.71699332
v -0.36394027 0.80476887 -0.71712759
v -0.35530413 0.79748609 -0.71726100
v -0.34665362 0.79018936 -0.71739353
v -0.33798872 0.78287868 -0.71752520
v -0.32930945 0.77555406 -0.71765599
v -0.32011904 0.76882529 -0.71841192
v -0.31140381 0.76146581 -0.71854054
v -0.30267421 0.75409239 -0.71866829
v -0.29393022 0.74670502 -0.71879516
v -0.28464634 0.73988561 -0.71954544
v -0.27586640 0.73246338 -0.71967014
v -0.26707208 0.72502720 -0.71979397
v -0.25881046 0.71701610 -0.71929397
v -0.24944030 0.71011302 -0.72003902
v -0.24060284 0.70263501 -0.72016024
v -0.23231965 0.69460299 -0.71965893
v -0.22403646 0.68657097 -0.71915762
v -0.21633631 0.67801282 -0.71803552
v -0.20865054 0.66946863 -0.71691429
v -0.20217397 0.65991401 -0.71455409
v -0.19634516 0.64989603 -0.71157702
v -0.19240925 0.63843911 -0.70674628
v -0.07705489 0.54077181 -0.70829385
v -0.04599458 0.54558065 -0.72740845
v -0.02886708 0.54207025 -0.73424478
v -0.66710572 1.05926454 -0.72557785
v -0.66101070 1.04358581 -0.71922466
v -0.65397725 1.03242407 -0.71613930
v -0.64611829 1.02480341 -0.71566366
v -0.63848728 1.01631840 -0.71453690
v -0.62969494 1.01213424 -0.71666446
v -0.62399539 0.99683898 -0.71033522
v -0.51433042 0.91654873 -0.71965627
v -0.50771401 0.90579138 -0.71659614
v -0.49905402 0.89956476 -0.71740187
v -0.49072263 0.89257140 -0.71756257
v -0.48274144 0.88483222 -0.71707953
v -0.47438849 0.87781794 -0.71723892
v -0.46640010 0.87007178 -0.71675545
v -0.45802558 0.86303658 -0.71691354
v -0.44963667 0.85598745 -0.71707075
v -0.44123339 0.84892436 -0.71722709
v -0.43322343 0.84115729 -0.71674232
v -0.42479858 0.83407329 -0.71689736
v -0.41678143 0.82629924 -0.71641215
v -0.40833500 0.81919432 -0.71656588
v -0.39943773 0.81273762 -0.71735725
v -0.39139901 0.80494265 -0.71687073
v -0.38245859 0.79844412 -0.71765949
v -0.37394746 0.79127645 -0.71780931
v -0.36542194 0.78409484 -0.71795825
v -0.35688204 0.77689928 -0.71810633
v -0.34832776 0.76968978 -0.71825353
v -0.33975910 0.76246634 -0.71839986
v -0.33117606 0.75522895 -0.71854533
v -0.32207746 0.74857702 -0.71932451
v -0.31295009 0.74189721 -0.72010196
v -0.30482509 0.73401857 -0.71961022
v -0.29565459 0.72729693 -0.72038505
v -0.28698526 0.71997587 -0.72052529
v -0.27830156 0.71264087 -0.72066466
v -0.26960347 0.70529192 -0.72080317
v -0.26033950 0.69847964 -0.72157234
v -0.25216416 0.69055220 -0.72107756
v -0.24398883 0.68262476 -0.72058277
v -0.23695966 0.67363795 -0.71882751
v -0.23053953 0.66415632 -0.71644419
v -0.22416253 0.65471652 -0.71406348
v -0.21901799 0.64430102 -0.71042751
v -0.21334351 0.63445703 -0.70742439
v -0.09752813 0.53951974 -0.71105383
v -0.07671485 0.53887461 -0.72176278
v -0.05280393 0.53956734 -0.73494396
v -0.67310591 1.04216056 -0.72561894
v -0.66729751 1.02573524 -0.71852972
v -0.66057888 1.01382381 -0.71475425
v -0.65349615 1.00371794 -0.71230428
v -0.64533061 0.99795861 -0.71315763
v -0.63713632 0.99217139 -0.71400924
v -0.63106938 0.97873330 -0.70892568
v -0.52139452 0.90368387 -0.72182730
v -0.51519358 0.89227444 -0.71808316
v -0.50698001 0.88538922 -0.71825983
v -0.49875205 0.87849006 -0.71843563
v -0.49087152 0.87084849 -0.71795869
v -0.48299098 0.86320691 -0.71748175
v -0.47473427 0.85627987 -0.71765581
v -0.46684654 0.84863132 -0.71717843
v -0.45856825 0.84168335 -0.71735119
v -0.45027559 0.83472144 -0.71752307
v -0.44237348 0.82705895 -0.71704482
v -0.43405924 0.82007612 -0.71721540
v -0.42573062 0.81307935 -0.71738511
v -0.41738762 0.80606864 -0.71755395
v -0.40903024 0.79904398 -0.71772192
v -0.40065848 0.79200537 -0.71788902
v -0.39227234 0.78495282 -0.71805524
v -0.38387181 0.77788633 -0.71822060
v -0.37545691 0.77080589 -0.71838509
v -0.36702762 0.76371151 -0.71854870
v -0.35858396 0.75660318 -0.71871145
v -0.35012592 0.74948091 -0.71887333
v -0.34116226 0.74294766 -0.71967837
v -0.33216985 0.73638653 -0.72048167
v -0.32365428 0.72920848 -0.72064007
v -0.31461153 0.72259854 -0.72144033
v -0.30606001 0.71538563 -0.72159654
v -0.29749411 0.70815877 -0.72175189
v -0.28891383 0.70091797 -0.72190637
v -0.28031917 0.69366323 -0.72205998
v -0.27171013 0.68639454 -0.72221272
v -0.26419859 0.67803147 -0.72108434
v -0.25670144 0.66968234 -0.71995683
v -0.25035930 0.66029460 -0.71755168
v -0.24406031 0.65094870 -0.71514915
v -0.23780446 0.64164463 -0.71274923
v -0.23218364 0.63187704 -0.70971397
v -0.17582404 0.57830570 -0.70697678
v -0.16396073 0.57327795 -0.71030141
v -0.15398096 0.56683870 -0.71171872
v -0.14462184 0.55992198 -0.71249983
v -0.13456297 0.55340603 -0.71391236
v -0.11903556 0.55022179 -0.72038408
v -0.10403533 0.54646944 -0.72621394
v -0.08750618 0.54339315 -0.73329880
v -0.67728028 1.03312768 -0.73142768
v -0.67249169 1.01238605 -0.72089863
v -0.66604639 0.99969688 -0.71641285
v -0.65968737 0.98709139 -0.71193230
v -0.65252492 0.97799969 -0.71013359
v -0.64332467 0.97659093 -0.71435509
v -0.63875993 0.95821279 -0.70520481
v -0.52872263 0.89014790 -0.72311937
v -0.52158895 0.88108409 -0.72132239
v -0.51448402 0.87204817 -0.71952716
v -0.50670415 0.86450421 -0.71905631
v -0.49928333 0.85623518 -0.71792457
v -0.49114441 0.84941628 -0.71811461
v -0.48336455 0.84187232 -0.71764376
v -0.47520406 0.83503250 -0.71783249
v -0.46741700 0.82748156 -0.71736121
v -0.45923495 0.82062082 -0.71754863
v -0.45144070 0.81306292 -0.71707691
v -0.44323707 0.80618126 -0.71726304
v -0.43501907 0.79928566 -0.71744829
v -0.42678668 0.79237612 -0.71763266
v -0.41853992 0.78545264 -0.71781617
v -0.41027877 0.77851520 -0.71799881
v -0.40200324 0.77156383 -0.71818058
v -0.39371334 0.76459851 -0.71836148
v -0.38540905 0.75761924 -0.71854151
v -0.37662348 0.75124651 -0.71937502
v -0.36828324 0.74423239 -0.71955288
v -0.35992862 0.73720432 -0.71972986
v -0.35107115 0.73076186 -0.72055902
v -0.34218492 0.72429152 -0.72138645
v -0.33377278 0.71720767 -0.72155995
v -0.32483622 0.71068852 -0.72238433
v -0.31638813 0.70356981 -0.72255565
v -0.30740123 0.69700186 -0.72337698
v -0.29891719 0.68984829 -0.72354613
v -0.29041876 0.68268077 -0.72371441
v -0.28245195 0.67495553 -0.72323225
v -0.27559149 0.66615667 -0.72145181
v -0.26875980 0.65738569 -0.71967311
v -0.26365954 0.64707401 -0.71595136
v -0.25805644 0.63734795 -0.71288179
v -0.25076504 0.62920442 -0.71175788
v -0.24407715 0.62057289 -0.70998789
v -0.23801435 0.61147428 -0.70757311
v -0.23199468 0.60241750 -0.70516094
v -0.18016226 0.57362110 -0.71567629
v -0.16832991 0.56858683 -0.71905587
v -0.15510358 0.56434729 -0.72371632
v -0.14110117 0.56042842 -0.72901242
v -0.12496466 0.55765981 -0.73622721
v -0.68218513 1.02060767 -0.73440862
v -0.67683274 1.00261203 -0.72578713
v -0.67124235 0.98651986 -0.71853416
v -0.66494586 0.97401152 -0.71400431
v -0.65807665 0.96414922 -0.71151419
v -0.64988944 0.95941165 -0.71309308
v -0.64282932 0.95043136 -0.71128286
v -0.52859851 0.86847681 -0.72303894
v -0.52191625 0.85879578 -0.72056013
v -0.51492804 0.84988521 -0.71875426
v -0.50725602 0.84244583 -0.71828994
v -0.49958401 0.83500645 -0.71782562
v -0.49154133 0.82827477 -0.71803033
v -0.48386212 0.82082842 -0.71756557
v -0.47579788 0.81407583 -0.71776897
v -0.46811148 0.80662251 -0.71730378
v -0.46002566 0.79984900 -0.71750588
v -0.45192546 0.79306155 -0.71770711
v -0.44381088 0.78626015 -0.71790746
v -0.43568192 0.77944481 -0.71810695
v -0.42753858 0.77261552 -0.71830556
v -0.41938086 0.76577230 -0.71850331
v -0.41120875 0.75891512 -0.71870018
v -0.40302227 0.75204400 -0.71889619
v -0.39482141 0.74515894 -0.71909132
v -0.38614203 0.73887700 -0.71994896
v -0.37790521 0.73195707 -0.72014192
v -0.36917550 0.72562633 -0.72099651
v -0.36041703 0.71926769 -0.72184936
v -0.35212269 0.71229199 -0.72203883
v -0.34331389 0.70588455 -0.72288864
v -0.33498360 0.69887398 -0.72307594
v -0.32612446 0.69241774 -0.72392269
v -0.31723656 0.68593360 -0.72476771
v -0.30884875 0.67886726 -0.72495153
v -0.29991052 0.67233432 -0.72579350
v -0.29257322 0.66415237 -0.72465797
v -0.28635113 0.65491757 -0.72220702
v -0.28072980 0.64519817 -0.71910095
v -0.27573079 0.63501510 -0.71534109
v -0.26965970 0.62592671 -0.71289927
v -0.26073585 0.61940771 -0.71374211
v -0.25236961 0.61236229 -0.71392724
v -0.24458255 0.60481135 -0.71345595
v -0.23559399 0.59822960 -0.71429488
v -0.22900843 0.58970948 -0.71251338
v -0.22368190 0.58027594 -0.70942516
v -0.22276914 0.56765244 -0.70176383
v -0.21760798 0.55837927 -0.69868562
v -0.19276657 0.56310360 -0.71585167
v -0.17011246 0.56568039 -0.73038426
v -0.68133047 0.99201413 -0.72986095
v -0.67576999 0.97601184 -0.72252133
v -0.66993388 0.96186436 -0.71656564
v -0.66312829 0.95208201 -0.71405283
v -0.65614175 0.94318523 -0.71222937
v -0.64941525 0.93347958 -0.70972135
v -0.53720156 0.85225558 -0.72113805
v -0.52995497 0.84416768 -0.71999917
v -0.52306909 0.83536851 -0.71818180
v -0.51515141 0.82875195 -0.71840292
v -0.50758006 0.82141019 -0.71794469
v -0.49964080 0.81477271 -0.71816451
v -0.49206226 0.80742397 -0.71770584
v -0.48410144 0.80076558 -0.71792435
v -0.47651571 0.79340987 -0.71746525
v -0.46853331 0.78673056 -0.71768245
v -0.46094039 0.77936788 -0.71722292
v -0.45252538 0.77333012 -0.71811425
v -0.44449985 0.76660898 -0.71832884
v -0.43645993 0.75987389 -0.71854256
v -0.42840563 0.75312487 -0.71875541
v -0.42033695 0.74636189 -0.71896740
v -0.41225390 0.73958498 -0.71917851
v -0.40370227 0.73341474 -0.72006157
v -0.39558326 0.72660296 -0.72027050
v -0.38698131 0.72038393 -0.72115052
v -0.37835059 0.71413700 -0.72202879
v -0.37017406 0.70726944 -0.72223425
v -0.36149301 0.70097371 -0.72310948
v -0.35328053 0.69407129 -0.72331275
v -0.34454915 0.68772675 -0.72418494
v -0.33578901 0.68135432 -0.72505538
v -0.32700011 0.67495401 -0.72592408
v -0.31818244 0.66852580 -0.72679104
v -0.30933602 0.66206971 -0.72765626
v -0.30262271 0.65343787 -0.72584934
v -0.29922410 0.64165399 -0.72004118
v -0.29427599 0.63155072 -0.71624016
v -0.28715164 0.62358135 -0.71510868
v -0.27890320 0.61664407 -0.71530978
v -0.26948755 0.61069705 -0.71684086
v -0.25944515 0.60520332 -0.71903431
v -0.24993602 0.59916566 -0.72055974
v -0.23918777 0.59404853 -0.72341078
v -0.23018316 0.58743905 -0.72426643
v -0.22114979 0.58080168 -0.72512034
v -0.21766370 0.56999401 -0.72000719
v -0.22054579 0.55475099 -0.70827635
v -0.20592199 0.55224208 -0.71509470
v -0.68597660 0.98060256 -0.73309305
v -0.68045322 0.96469712 -0.72566720
v -0.67465973 0.95063968 -0.71964332
v -0.66812472 0.94008301 -0.71641119
v -0.66142589 0.93042244 -0.71387829
v -0.65488446 0.92038703 -0.71100035
v -0.54373560 0.84056477 -0.72306609
v -0.53757448 0.83037065 -0.71985659
v -0.53078374 0.82167592 -0.71802729
v -0.52296948 0.81515356 -0.71826352
v -0.51549879 0.80790940 -0.71781138
v -0.50766297 0.80136613 -0.71804630
v -0.49981276 0.79480892 -0.71828035
v -0.49232769 0.78755082 -0.71782734
v -0.48445591 0.78097268 -0.71806009
v -0.47696365 0.77370761 -0.71760664
v -0.46907030 0.76710856 -0.71783808
v -0.46116257 0.76049557 -0.71806865
v -0.45324046 0.75386863 -0.71829835
v -0.44488131 0.74787285 -0.71921075
v -0.43735310 0.74057292 -0.71875513
v -0.42938784 0.73390415 -0.71898222
v -0.42096398 0.72784562 -0.71989071
v -0.41296277 0.72114199 -0.72011562
v -0.40448857 0.71503466 -0.72102106
v -0.39645142 0.70829616 -0.72124380
v -0.38792689 0.70214003 -0.72214619
v -0.37985378 0.69536667 -0.72236675
v -0.37127892 0.68916173 -0.72326610
v -0.36267530 0.68292890 -0.72416371
v -0.35404291 0.67666818 -0.72505958
v -0.34538177 0.67037957 -0.72595370
v -0.33617573 0.66461754 -0.72752401
v -0.32744987 0.65826618 -0.72841422
v -0.31869525 0.65188694 -0.72930269
v -0.31367582 0.64174493 -0.72545312
v -0.31036298 0.63009291 -0.71957938
v -0.30495683 0.62063088 -0.71641556
v -0.29625254 0.61430044 -0.71730708
v -0.28695303 0.60844777 -0.71887173
v -0.27646306 0.60355065 -0.72178264
v -0.26590118 0.59858381 -0.72468920
v -0.25409132 0.59451674 -0.72893854
v -0.24277603 0.58987428 -0.73250866
v -0.23257930 0.58420656 -0.73472817
v -0.22049621 0.57987454 -0.73896097
v -0.21324686 0.57179005 -0.73781307
v -0.21724370 0.55562157 -0.72458100
v -0.20636546 0.55034795 -0.72746841
v -0.68469274 0.95515947 -0.73006299
v -0.67882540 0.94160354 -0.72432286
v -0.67243177 0.93068388 -0.72070490
v -0.66610285 0.91982697 -0.71709085
v -0.66006440 0.90820286 -0.71277638
v -0.55216746 0.82455496 -0.72060635
v -0.54444944 0.81811984 -0.72085725
v -0.53773946 0.80951559 -0.71901514
v -0.53036225 0.80236207 -0.71856866
v -0.52334022 0.79450410 -0.71742568
v -0.51560782 0.78805503 -0.71767570
v -0.50823060 0.78090152 -0.71722922
v -0.50047663 0.77443153 -0.71747794
v -0.49309223 0.76727104 -0.71703103
v -0.48531668 0.76078014 -0.71727844
v -0.47752676 0.75427529 -0.71752499
v -0.46931693 0.74841214 -0.71846412
v -0.46149105 0.74187243 -0.71870849
v -0.45365080 0.73531877 -0.71895199
v -0.44579616 0.72875118 -0.71919462
v -0.43749286 0.72279739 -0.72012810
v -0.42960227 0.71619493 -0.72036855
v -0.42169730 0.70957852 -0.72060813
v -0.41332210 0.70355501 -0.72153726
v -0.40491813 0.69750361 -0.72246464
v -0.39695564 0.69083143 -0.72270075
v -0.38850135 0.68473123 -0.72362508
v -0.38050290 0.67802418 -0.72385901
v -0.37199828 0.67187517 -0.72478030
v -0.36346489 0.66569827 -0.72569986
v -0.35490274 0.65949348 -0.72661767
v -0.34579845 0.65381186 -0.72822067
v -0.33769216 0.64700023 -0.72844807
v -0.33168250 0.63802621 -0.72593035
v -0.32785577 0.62697344 -0.72067273
v -0.32196115 0.61811097 -0.71816197
v -0.31391238 0.61135512 -0.71839285
v -0.30362316 0.60662223 -0.72136014
v -0.29326203 0.60181962 -0.72432309
v -0.28168722 0.59793784 -0.72864858
v -0.27001173 0.59395846 -0.73296798
v -0.68285446 0.93303546 -0.72924256
v -0.67670016 0.92133250 -0.72487241
v -0.67062496 0.90970622 -0.72050706
v -0.66496336 0.89691684 -0.71507646
v -0.55953444 0.81084788 -0.71996192
v -0.55142356 0.80558989 -0.72128816
v -0.54429087 0.79815209 -0.72049305
v -0.53768322 0.78965924 -0.71863945
v -0.53075191 0.78189532 -0.71749311
v -0.52329555 0.77518645 -0.71740526
v -0.51583200 0.76847060 -0.71731698
v -0.50854826 0.76140772 -0.71687616
v -0.50088333 0.75501799 -0.71713912
v -0.49320402 0.74861432 -0.71740120
v -0.48551033 0.74219670 -0.71766242
v -0.47760088 0.73609125 -0.71827400
v -0.46966986 0.72996489 -0.71888428
v -0.46171726 0.72381761 -0.71949325
v -0.45395527 0.71733375 -0.71975033
v -0.44596313 0.71114813 -0.72035691
v -0.43816877 0.70463290 -0.72061203
v -0.42991414 0.69871412 -0.72156615
v -0.42208383 0.69216403 -0.72181910
v -0.41377886 0.68619645 -0.72277017
v -0.40591261 0.67961150 -0.72302094
v -0.39755731 0.67359511 -0.72396896
v -0.38917324 0.66755083 -0.72491525
v -0.38124947 0.66091010 -0.72516254
v -0.37231884 0.65537861 -0.72680259
v -0.36384850 0.64925067 -0.72774365
v -0.35586000 0.64254719 -0.72798703
v -0.34837494 0.63528909 -0.72753402
v -0.34298984 0.62589617 -0.72430071
v -0.33819446 0.61603229 -0.72037623
v -0.32969535 0.60987646 -0.72131556
v -0.32062092 0.60420553 -0.72294691
v -0.30928833 0.60051603 -0.72734899
v -0.29785507 0.59672891 -0.73174498
v -0.68072404 0.91286592 -0.72963698
v -0.67499638 0.90005509 -0.72414045
v -0.66991998 0.88528405 -0.71684411
v -0.57131679 0.78707903 -0.70903725
v -0.56210176 0.78488192 -0.71326157
v -0.55363146 0.78081523 -0.71569172
v -0.54664479 0.77352207 -0.71490103
v -0.53949048 0.76658469 -0.71446804
v -0.53180087 0.76068330 -0.71510620
v -0.52445375 0.75407730 -0.71502939
v -0.51672820 0.74814104 -0.71566537
v -0.50860265 0.74285361 -0.71701284
v -0.50082676 0.73686855 -0.71764578
v -0.49322571 0.73053467 -0.71792145
v -0.48521028 0.72483567 -0.71890773
v -0.47757328 0.71846694 -0.71918123
v -0.46992189 0.71208426 -0.71945385
v -0.46204535 0.70600158 -0.72008070
v -0.45414723 0.69989799 -0.72070623
v -0.44622754 0.69377349 -0.72133047
v -0.43828628 0.68762806 -0.72195339
v -0.43032344 0.68146172 -0.72257502
v -0.42256780 0.67497794 -0.72284133
v -0.41433307 0.66906629 -0.72381434
v -0.40606958 0.66312675 -0.72478562
v -0.39801687 0.65687326 -0.72540180
v -0.39018573 0.65031627 -0.72566355
v -0.38209347 0.64402443 -0.72627733
v -0.37422997 0.63743607 -0.72653712
v -0.36584424 0.63137800 -0.72750100
v -0.35948993 0.62314298 -0.72564503
v -0.35211990 0.61599643 -0.72519899
v -0.34527930 0.60832656 -0.72404929
v -0.33577001 0.60325239 -0.72641655
v -0.32511560 0.59914119 -0.73018591
v -0.67869550 0.89293518 -0.72983409
v -0.67340775 0.87904762 -0.72318545
v -0.57248476 0.76469520 -0.70516475
v -0.56303064 0.76325729 -0.71017664
v -0.55516725 0.75820885 -0.71156210
v -0.54796171 0.75173711 -0.71149828
v -0.54021784 0.74628926 -0.71251869
v -0.53280650 0.74013325 -0.71281469
v -0.52538078 0.73396330 -0.71310982
v -0.51643801 0.73044472 -0.71629130
v -0.50838048 0.72520803 -0.71766501
v -0.50067704 0.71928409 -0.71831560
v -0.49275342 0.71366194 -0.71932514
v -0.48520546 0.70737346 -0.71961287
v -0.47743731 0.70138677 -0.72025954
v -0.46985699 0.69506691 -0.72054531
v -0.46204930 0.68904187 -0.72118959
v -0.45422004 0.68299592 -0.72183257
v -0.44658939 0.67662726 -0.72211529
v -0.43872058 0.67054295 -0.72275588
v -0.43083020 0.66443774 -0.72339515
v -0.42291824 0.65831160 -0.72403312
v -0.41475015 0.65245239 -0.72502787
v -0.40679146 0.64628094 -0.72566301
v -0.39905296 0.63980769 -0.72593921
v -0.39130008 0.63332050 -0.72621453
v -0.38328387 0.62709327 -0.72684620
v -0.37575117 0.62030429 -0.72676258
v -0.36897972 0.61270756 -0.72560821
v -0.36066422 0.60670542 -0.72659404
v -0.35258330 0.60041544 -0.72722178
v -0.34127769 0.59718218 -0.73212162
v -0.68226601 0.88625760 -0.73581701
v -0.67730563 0.87120245 -0.72798290
v -0.57773809 0.75570049 -0.70801921
v -0.56951638 0.75182615 -0.71053518
v -0.56241648 0.74545380 -0.71048218
v -0.55496525 0.73976529 -0.71116130
v -0.54766812 0.73371394 -0.71147306
v -0.54035661 0.72764865 -0.71178395
v -0.53284786 0.72190436 -0.71245959
v -0.52419882 0.71812791 -0.71532639
v -0.51605521 0.71330478 -0.71709370
v -0.50806210 0.70811534 -0.71849342
v -0.50023028 0.70257004 -0.71952621
v -0.49277137 0.69636182 -0.71982817
v -0.48488922 0.69076771 -0.72085791
v -0.47739435 0.68452462 -0.72115770
v -0.46967349 0.67857465 -0.72182051
v -0.46214627 0.67230019 -0.72211834
v -0.45460467 0.66601178 -0.72241530
v -0.44660388 0.66030263 -0.72343786
v -0.43880032 0.65427248 -0.72409566
v -0.43074560 0.64851104 -0.72511496
v -0.42312851 0.64214942 -0.72540735
v -0.41526024 0.63605652 -0.72606124
v -0.40761078 0.62966353 -0.72635167
v -0.40019092 0.62298092 -0.72627930
v -0.39276387 0.61629133 -0.72620650
v -0.38507846 0.60986348 -0.72649476
v -0.37763344 0.60315647 -0.72642087
v -0.36759766 0.59905985 -0.72995713
v -0.59801196 0.75678532 -0.70821113
v -0.59057394 0.75160969 -0.70928544
v -0.58278734 0.74711450 -0.71110090
v -0.57512110 0.74222679 -0.71254252
v -0.56875569 0.73452675 -0.71101392
v -0.56189977 0.72787872 -0.71059899
v -0.55486956 0.72157090 -0.71055463
v -0.54747640 0.71592956 -0.71125054
v -0.53969872 0.71093379 -0.71268541
v -0.53151493 0.70656267 -0.71485794
v -0.52328082 0.70214274 -0.71702743
v -0.51538090 0.69702844 -0.71845491
v -0.50764089 0.69155998 -0.71951094
v -0.49987211 0.68606364 -0.72056524
v -0.49227762 0.68022708 -0.72124896
v -0.48486821 0.67406076 -0.72156277
v -0.47702393 0.66849121 -0.72261250
v -0.46957857 0.66229003 -0.72292413
v -0.46168396 0.65667167 -0.72397081
v -0.45398162 0.65073053 -0.72464801
v -0.44603309 0.64505988 -0.72569142
v -0.43828401 0.63907341 -0.72636579
v -0.43097698 0.63249716 -0.72630468
v -0.42319195 0.62647584 -0.72697687
v -0.41586334 0.61987868 -0.72691445
v -0.40828496 0.61354851 -0.72721803
v -0.40044600 0.60747490 -0.72788696
v -0.39258547 0.60138037 -0.72855459
v -0.38495675 0.59500140 -0.72885512
v -0.60304947 0.74780352 -0.71072963
v -0.59660407 0.74054122 -0.70956846
v -0.58922191 0.73540758 -0.71066385
v -0.58164886 0.73059502 -0.71213322
v -0.57486843 0.72402020 -0.71172286
v -0.56808801 0.71744538 -0.71131250
v -0.56096178 0.71154757 -0.71165229
v -0.55399766 0.70530080 -0.71161636
v -0.54630597 0.70037320 -0.71307855
v -0.53857833 0.69541073 -0.71453857
v -0.53062745 0.69073797 -0.71637062
v -0.52244255 0.68634445 -0.71857405
v -0.51479075 0.68094936 -0.71965312
v -0.50691211 0.67584048 -0.72110400
v -0.49919919 0.67038612 -0.72217937
v -0.49166277 0.66459673 -0.72287988
v -0.48410478 0.65878643 -0.72357908
v -0.47631276 0.65325538 -0.72464967
v -0.46849199 0.64769643 -0.72571851
v -0.46086210 0.64181641 -0.72641336
v -0.45298739 0.63620518 -0.72747894
v -0.44531076 0.63027984 -0.72817096
v -0.43784299 0.62405085 -0.72849009
v -0.43059486 0.61752867 -0.72843696
v -0.42286431 0.61155104 -0.72912572
v -0.41487096 0.60582476 -0.73018412
v -0.60939240 0.73565680 -0.70967590
v -0.60288057 0.72883930 -0.70889183
v -0.59574735 0.72343176 -0.70963001
v -0.58843182 0.71835057 -0.71074712
v -0.58190921 0.71152261 -0.70996240
v -0.57505792 0.70538220 -0.70993771
v -0.56785640 0.69990843 -0.71067176
v -0.56028306 0.69508037 -0.71216324
v -0.55303120 0.68955779 -0.71289424
v -0.54539315 0.68466698 -0.71438180
v -0.53753324 0.68006417 -0.71624590
v -0.52963019 0.67541953 -0.71810738
v -0.52207020 0.67010128 -0.71920970
v -0.51408805 0.66537994 -0.72106640
v -0.50646334 0.65999894 -0.72216480
v -0.49901375 0.65428462 -0.72288383
v -0.49133511 0.64885133 -0.72397897
v -0.48341664 0.64368860 -0.72544956
v -0.47546222 0.63849102 -0.72691797
v -0.46790837 0.63267560 -0.72763070
v -0.46011110 0.62712727 -0.72871865
v -0.45228506 0.62155105 -0.72980487
v -0.44511740 0.61510386 -0.72976104
v -0.60204800 0.71189023 -0.70875579
v -0.59514300 0.70619477 -0.70912666
v -0.58854952 0.69980123 -0.70872762
v -0.58145640 0.69442344 -0.70948149
v -0.57417156 0.68935983 -0.71061816
v -0.56703169 0.68393672 -0.71136921
v -0.55916092 0.67980519 -0.71365358
v -0.55160168 0.67497558 -0.71516802
v -0.54400648 0.67011111 -0.71668029
v -0.53618721 0.66552944 -0.71857339
v -0.52851652 0.66059176 -0.72008109
v -0.52080987 0.65561922 -0.72158661
v -0.51346509 0.64999740 -0.72232526
v -0.50569373 0.64496211 -0.72382687
v -0.49809252 0.63959172 -0.72494439
v -0.49025285 0.63449019 -0.72644186
v -0.48259052 0.62906054 -0.72755568
v -0.47511631 0.62331322 -0.72828649
v -0.46740005 0.61783127 -0.72939705
v -0.46010318 0.61175582 -0.72974421
v -0.69616085 0.80055551 -0.72494812
v -0.69601183 0.77058861 -0.70101040
v -0.59447451 0.68952656 -0.70882362
v -0.58762620 0.68387999 -0.70920677
v -0.58076350 0.67821946 -0.70958905
v -0.57336934 0.67353472 -0.71113561
v -0.56576328 0.66914153 -0.71306815
v -0.55757543 0.66567531 -0.71616191
v -0.55023859 0.66054910 -0.71731312
v -0.54231276 0.65634289 -0.71962512
v -0.53471728 0.65146292 -0.72115949
v -0.52727977 0.64623910 -0.72230461
v -0.51981351 0.64098739 -0.72344799
v -0.51231848 0.63570780 -0.72458963
v -0.50520412 0.62980325 -0.72495668
v -0.49765877 0.62447484 -0.72609527
v -0.49029655 0.61882699 -0.72684613
v -0.48334377 0.61258207 -0.72682415
v -0.47572651 0.60718395 -0.72795839
v -0.46763510 0.60232013 -0.72986156
v -0.41771874 0.55888776 -0.73082866
v -0.35332138 0.50191054 -0.73131817
v -0.34845572 0.49371314 -0.72823201
v -0.34134116 0.48731135 -0.72820024
v -0.69828761 0.79899944 -0.73481993
v -0.69708498 0.77263946 -0.71418215
v -0.59324388 0.67441707 -0.70991371
v -0.58695441 0.66782432 -0.70912983
v -0.58015918 0.66222313 -0.70952504
v -0.57282586 0.65758215 -0.71109739
v -0.56438756 0.65483369 -0.71502228
v -0.55659723 0.65073756 -0.71737345
v -0.54912729 0.64596411 -0.71893753
v -0.54181035 0.64084502 -0.72010764
v -0.53465721 0.63539076 -0.72088442
v -0.52728634 0.63021939 -0.72205127
v -0.51988671 0.62502012 -0.72321637
v -0.51286500 0.61919931 -0.72359788
v -0.50582890 0.61336456 -0.72397851
v -0.49877842 0.60751586 -0.72435828
v -0.49128532 0.60222596 -0.72551773
v -0.48376346 0.59690817 -0.72667543
v -0.47599153 0.59184188 -0.72822124
v -0.46818364 0.58674073 -0.72976487
v -0.44042118 0.56179608 -0.72969759
v -0.43443412 0.55450857 -0.72812553
v -0.42772919 0.54800696 -0.72771974
v -0.42027405 0.54225987 -0.72847825
v -0.41152900 0.53773196 -0.73117487
v -0.40041107 0.53534909 -0.73735699
v -0.37972626 0.51578550 -0.73650835
v -0.37672008 0.50595452 -0.73068112
v -0.37216313 0.49758378 -0.72717945
v -0.36459654 0.49172862 -0.72793121
v -0.35700838 0.48585254 -0.72868167
v -0.70164091 0.79271693 -0.73990946
v -0.69892823 0.77192126 -0.72466192
v -0.69843425 0.74443986 -0.70221080
v -0.58671040 0.65132330 -0.70808652
v -0.57981665 0.64611144 -0.70889228
v -0.57201738 0.64247628 -0.71168152
v -0.56398020 0.63910139 -0.71486403
v -0.55679821 0.63410099 -0.71606000
v -0.54958746 0.62907269 -0.71725423
v -0.54253912 0.62371093 -0.71805062
v -0.53566397 0.61802616 -0.71844985
v -0.52857608 0.61262605 -0.71924385
v -0.52126466 0.60750015 -0.72043199
v -0.51413003 0.60205472 -0.72122317
v -0.50676469 0.59687652 -0.72240804
v -0.49958333 0.59138577 -0.72319639
v -0.49151505 0.58699881 -0.72556169
v -0.48361637 0.58228536 -0.72752961
v -0.47634513 0.57670746 -0.72831251
v -0.46859808 0.57165008 -0.72988194
v -0.46173793 0.56548891 -0.72987442
v -0.45463629 0.55958451 -0.73025993
v -0.44870980 0.55236486 -0.72867828
v -0.44280487 0.54516613 -0.72709793
v -0.43667643 0.53824161 -0.72591171
v -0.43056236 0.53133103 -0.72472636
v -0.42421038 0.52468071 -0.72393427
v -0.41735384 0.51852303 -0.72392696
v -0.40997115 0.51283706 -0.72470312
v -0.40335610 0.50642260 -0.72430277
v -0.39674105 0.50000813 -0.72390242
v -0.38877470 0.49473810 -0.72545857
v -0.37912924 0.49078560 -0.72935906
v -0.70109856 0.77001997 -0.73397831
v -0.70083917 0.74146972 -0.71006186
v -0.58570477 0.63665722 -0.70886290
v -0.57904090 0.63117123 -0.70928376
v -0.57146763 0.62724296 -0.71170999
v -0.56439182 0.62233335 -0.71293008
v -0.55728726 0.61739585 -0.71414843
v -0.55053351 0.61182271 -0.71456384
v -0.54376538 0.60623562 -0.71497839
v -0.53658891 0.60122840 -0.71619239
v -0.52958425 0.59589987 -0.71700470
v -0.52255803 0.59055042 -0.71781571
v -0.51530246 0.58546650 -0.71902492
v -0.50801814 0.58035469 -0.72023239
v -0.50049010 0.57549447 -0.72183719
v -0.49336321 0.57004741 -0.72264210
v -0.48665904 0.56403444 -0.72264844
v -0.47972194 0.55828350 -0.72305276
v -0.47322913 0.55198757 -0.72265980
v -0.46696925 0.54542960 -0.72186887
v -0.46118961 0.53836148 -0.72028283
v -0.45519142 0.53156936 -0.71909564
v -0.44945132 0.52453959 -0.71751200
v -0.44348549 0.51777884 -0.71632677
v -0.43703223 0.51152126 -0.71593621
v -0.43006996 0.50574592 -0.71633901
v -0.42206092 0.50090719 -0.71832678
v -0.41296198 0.49696325 -0.72189692
v -0.40193413 0.49456424 -0.72823489
v -0.70450268 0.76347841 -0.73839785
v -0.70282120 0.74002898 -0.71955335
v -0.69971425 0.72295514 -0.70728666
v -0.61728254 0.64981109 -0.70812884
v -0.61074007 0.64443673 -0.70856589
v -0.60418321 0.63904843 -0.70900207
v -0.59761198 0.63364619 -0.70943738
v -0.59085594 0.62854960 -0.71027801
v -0.58407832 0.62343209 -0.71111734
v -0.57710151 0.61860630 -0.71236111
v -0.57009594 0.61375262 -0.71360315
v -0.56343124 0.60825973 -0.71403280
v -0.55637533 0.60335724 -0.71527179
v -0.54948267 0.59812818 -0.71610415
v -0.54276404 0.59258301 -0.71653054
v -0.53603103 0.58702389 -0.71695605
v -0.52928363 0.58145082 -0.71738070
v -0.52231548 0.57614855 -0.71820850
v -0.51511577 0.57110662 -0.71943878
v -0.50810087 0.56575903 -0.72026374
v -0.50171592 0.55956768 -0.71987732
v -0.49555172 0.55310554 -0.71908774
v -0.48961908 0.54638306 -0.71789568
v -0.48392877 0.53941070 -0.71630178
v -0.47779694 0.53297993 -0.71551417
v -0.47237773 0.52578558 -0.71352017
v -0.46627105 0.51937921 -0.71273408
v -0.45968690 0.51347958 -0.71275210
v -0.45260370 0.50806575 -0.71357293
v -0.44499988 0.50311682 -0.71519526
v -0.43584138 0.49956955 -0.71922253
v -0.42634707 0.49618151 -0.72364599
v -0.41468399 0.49456939 -0.73127023
v -0.71110577 0.74467532 -0.72946167
v -0.70679674 0.73134234 -0.72120323
v -0.70219259 0.71965047 -0.71461065
v -0.69780782 0.70768951 -0.70761042
v -0.63492077 0.65249122 -0.70885555
v -0.62816159 0.64786429 -0.71013018
v -0.62183767 0.64221394 -0.71016838
v -0.61550656 0.63655663 -0.71020614
v -0.60900640 0.63121721 -0.71065460
v -0.60249185 0.62586385 -0.71110219
v -0.59596293 0.62049654 -0.71154890
v -0.58890168 0.61605852 -0.71322619
v -0.58162824 0.61189656 -0.71531156
v -0.57467134 0.60707789 -0.71657423
v -0.56768567 0.60223133 -0.71783516
v -0.56067124 0.59735688 -0.71909436
v -0.55400929 0.59186059 -0.71953302
v -0.54752719 0.58605686 -0.71956164
v -0.54123570 0.57995615 -0.71918087
v -0.53433999 0.57471500 -0.72002632
v -0.52762772 0.56916990 -0.72046194
v -0.52069246 0.56389040 -0.72130500
v -0.51437222 0.55776180 -0.72092248
v -0.50805197 0.55163320 -0.72053997
v -0.50238988 0.54469733 -0.71893451
v -0.49674936 0.53778238 -0.71733035
v -0.49090383 0.53115046 -0.71613471
v -0.48507269 0.52453249 -0.71493995
v -0.47832086 0.51894904 -0.71537317
v -0.47107994 0.51385497 -0.71661866
v -0.46405121 0.50848484 -0.71745605
v -0.45553361 0.50456191 -0.72072891
v -0.44645501 0.50105863 -0.72480968
v -0.43603862 0.49866723 -0.73091412
v -0.71630392 0.73098359 -0.72560731
v -0.71103974 0.72157002 -0.72146054
v -0.70541404 0.71372103 -0.71899331
v -0.70004460 0.70516295 -0.71569088
v -0.69552170 0.69407431 -0.70946221
v -0.66572363 0.66326468 -0.70595738
v -0.65845518 0.66052563 -0.70934565
v -0.65209440 0.65531528 -0.70981139
v -0.64571923 0.65009097 -0.71027626
v -0.63903748 0.64552694 -0.71157328
v -0.63232697 0.64093502 -0.71286856
v -0.62589428 0.63565495 -0.71332995
v -0.61913344 0.63101422 -0.71462218
v -0.61298576 0.62505296 -0.71425011
v -0.60716623 0.61845234 -0.71304720
v -0.60069040 0.61313043 -0.71350598
v -0.59334385 0.60935809 -0.71603882
v -0.58612184 0.60522773 -0.71815384
v -0.57867823 0.60136127 -0.72068081
v -0.57154838 0.59684152 -0.72237606
v -0.56401130 0.59288442 -0.72489737
v -0.55831630 0.58592577 -0.72327664
v -0.55225720 0.57957162 -0.72248459
v -0.54600886 0.57351275 -0.72210643
v -0.54056063 0.56631461 -0.72007528
v -0.53432666 0.56026968 -0.71969799
v -0.52871436 0.55339121 -0.71808227
v -0.52122630 0.54900288 -0.72018120
v -0.51455274 0.54348924 -0.72062801
v -0.50808280 0.53769426 -0.72066179
v -0.50160567 0.53189231 -0.72069513
v -0.49602212 0.52504173 -0.71908115
v -0.48954499 0.51923978 -0.71911450
v -0.48236352 0.51419118 -0.72038127
v -0.47491730 0.50936465 -0.72205738
v -0.46719556 0.50474972 -0.72414216
v -0.45845800 0.50106488 -0.72786687
v -0.44866149 0.49826831 -0.73322890
v -0.71936712 0.72538250 -0.73040131
v -0.71502988 0.71261356 -0.72240286
v -0.70945480 0.70482886 -0.71991657
v -0.70619983 0.68930350 -0.70854541
v -0.69919906 0.68679662 -0.71198969
v -0.67409771 0.66626228 -0.71390873
v -0.66882914 0.65829906 -0.71101121
v -0.65985353 0.66006177 -0.71992305
v -0.65567082 0.64934561 -0.71365305
v -0.64918964 0.64448816 -0.71455013
v -0.64239746 0.64028060 -0.71628793
v -0.63601426 0.63504243 -0.71676116
v -0.63037624 0.62814817 -0.71513062
v -0.62273822 0.62549909 -0.71896611
v -0.61614200 0.62053009 -0.71985622
v -0.60952421 0.61554017 -0.72074503
v -0.60521292 0.60612654 -0.71575657
v -0.59843244 0.60145459 -0.71706531
v -0.59040882 0.59890734 -0.72130724
v -0.58478518 0.59202702 -0.71967756
v -0.57249827 0.59628764 -0.73354630
v -0.56109280 0.58237361 -0.73027737
v -0.55618825 0.57428764 -0.72697211
v -0.55211424 0.56510409 -0.72199802
v -0.54672880 0.55797901 -0.71995298
v -0.54359678 0.54780595 -0.71331680
v -0.53625003 0.54353638 -0.71545081
v -0.52781297 0.54058823 -0.71966772
v -0.52036196 0.53621756 -0.72179542
v -0.51351768 0.53100801 -0.72267052
v -0.50665182 0.52577755 -0.72354432
v -0.50021202 0.52000875 -0.72358435
v -0.49399244 0.51397777 -0.72320793
v -0.48800386 0.50769504 -0.72241572
v -0.48014569 0.50340529 -0.72494856
v -0.47199898 0.49931149 -0.72789371
v -0.46355297 0.49540319 -0.73125052
f 1 2 8
f 2 3 9
f 3 4 10
f 4 5 11
f 5 6 12
f 6 7 13
f 9 10 16
f 10 11 17
f 11 12 18
f 12 13 19
f 13 14 20
f 18 19 22
f 23 24 39
f 26 27 42
f 27 28 43
f 32 33 48
f 33 34 49
f 34 35 50
f 35 36 51
f 37 38 59
f 38 39 60
f 39 40 61
f 40 41 62
f 41 42 63
f 42 43 64
f 43 44 65
f 44 45 66
f 45 46 67
f 46 47 68
f 47 48 69
f 48 49 70
f 49 50 71
f 50 51 72
f 51 52 73
f 52 53 74
f 56 57 81
f 57 58 82
f 58 59 83
f 59 60 84
f 60 61 85
f 61 62 86
f 62 63 87
f 63 64 88
f 64 65 89
f 65 66 90
f 66 67 91
f 67 68 92
f 68 69 93
f 69 70 94
f 70 71 95
f 71 72 96
f 72 73 97
f 73 74 98
f 74 75 99
f 77 78 106
f 78 79 107
f 79 80 108
f 80 81 109
f 81 82 110
f 82 83 111
f 83 84 112
f 84 85 113
f 85 86 114
f 86 87 115
f 87 88 116
f 88 89 117
f 89 90 118
f 90 91 119
f 91 92 120
f 92 93 121
f 93 94 122
f 94 95 123
f 95 96 124
f 96 97 125
f 97 98 126
f 98 99 127
f 101 102 133
f 102 103 134
f 103 104 135
f 104 105 136
f 105 106 137
f 106 107 138
f 107 108 139
f 108 109 140
f 109 110 141
f 110 111 142
f 111 112 143
f 112 113 144
f 113 114 145
f 114 115 146
f 115 116 147
f 116 117 148
f 117 118 149
f 118 119 150
f 119 120 151
f 120 121 152
f 121 122 153
f 122 123 154
f 123 124 155
f 124 125 156
f 125 126 157
f 126 127 158
f 127 128 159
f 130 131 167
f 131 132 168
f 132 133 169
f 133 134 170
f 134 135 171
f 135 136 172
f 136 137 173
f 137 138 174
f 138 139 175
f 139 140 176
f 140 141 177
f 141 142 178
f 142 143 179
f 143 144 180
f 144 145 181
f 145 146 182
f 146 147 183
f 147 148 184
f 148 149 185
f 149 150 186
f 150 151 187
f 151 152 188
f 152 153 189
f 153 154 190
f 154 155 191
f 155 156 192
f 156 157 193
f 157 158 194
f 158 159 195
f 159 160 196
f 160 161 197
f 163 164 203
f 164 165 204
f 165 166 205
f 166 167 206
f 167 168 207
f 168 169 208
f 169 170 209
f 170 171 210
f 171 172 211
f 172 173 212
f 173 174 213
f 174 175 214
f 175 176 215
f 176 177 216
f 177 178 217
f 178 179 218
f 179 180 219
f 180 181 220
f 181 182 221
f 182 183 222
f 183 184 223
f 184 185 224
f 185 186 225
f 186 187 226
f 187 188 227
f 188 189 228
f 189 190 229
f 190 191 230
f 191 192 231
f 192 193 232
f 193 194 233
f 194 195 234
f 195 196 235
f 196 197 236
f 197 198 237
f 198 199 238
f 200 201 243
f 201 202 244
f 202 203 245
f 203 204 246
f 204 205 247
f 205 206 248
f 206 207 249
f 207 208 250
f 208 209 251
f 209 210 252
f 210 211 253
f 211 212 254
f 212 213 255
f 213 214 256
f 214 215 257
f 215 216 258
f 216 217 259
f 217 218 260
f 218 219 261
f 219 220 262
f 220 221 263
f 221 222 264
f 222 223 265
f 223 224 266
f 224 225 267
f 225 226 268
f 226 227 269
f 227 228 270
f 228 229 271
f 229 230 272
f 230 231 273
f 231 232 274
f 232 233 275
f 233 234 276
f 234 235 277
f 235 236 278
f 237 238 280
f 238 239 281
f 239 240 282
f 241 242 284
f 242 243 285
f 243 244 286
f 244 245 287
f 245 246 288
f 246 247 289
f 247 248 290
f 248 249 291
f 249 250 292
f 250 251 293
f 251 252 294
f 252 253 295
f 253 254 296
f 254 255 297
f 255 256 298
f 256 257 299
f 257 258 300
f 258 259 301
f 259 260 302
f 260 261 303
f 261 262 304
f 262 263 305
f 263 264 306
f 264 265 307
f 265 266 308
f 266 267 309
f 267 268 310
f 268 269 311
f 269 270 312
f 270 271 313
f 271 272 314
f 272 273 315
f 273 274 316
f 274 275 317
f 275 276 318
f 276 277 319
f 281 282 320
f 282 283 321
f 284 285 323
f 285 286 324
f 286 287 325
f 287 288 326
f 288 289 327
f 289 290 328
f 290 291 329
f 291 292 330
f 292 293 331
f 293 294 332
f 294 295 333
f 295 296 334
f 296 297 335
f 297 298 336
f 298 299 337
f 299 300 338
f 300 301 339
f 301 302 340
f 302 303 341
f 303 304 342
f 304 305 343
f 305 306 344
f 306 307 345
f 307 308 346
f 308 309 347
f 309 310 348
f 310 311 349
f 311 312 350
f 312 313 351
f 313 314 352
f 314 315 353
f 315 316 354
f 316 317 355
f 317 318 356
f 318 319 357
f 323 324 358
f 324 325 359
f 325 326 360
f 326 327 361
f 327 328 362
f 328 329 363
f 329 330 364
f 330 331 365
f 331 332 366
f 332 333 367
f 333 334 368
f 334 335 369
f 335 336 370
f 336 337 371
f 337 338 372
f 338 339 373
f 339 340 374
f 340 341 375
f 341 342 376
f 342 343 377
f 343 344 378
f 344 345 379
f 345 346 380
f 346 347 381
f 347 348 382
f 348 349 383
f 349 350 384
f 350 351 385
f 351 352 386
f 352 353 387
f 353 354 388
f 354 355 389
f 355 356 390
f 356 357 391
f 358 359 393
f 359 360 394
f 360 361 395
f 361 362 396
f 362 363 397
f 363 364 398
f 364 365 399
f 365 366 400
f 366 367 401
f 367 368 402
f 368 369 403
f 369 370 404
f 370 371 405
f 371 372 406
f 372 373 407
f 373 374 408
f 374 375 409
f 375 376 410
f 376 377 411
f 377 378 412
f 378 379 413
f 379 380 414
f 380 381 415
f 381 382 416
f 382 383 417
f 383 384 418
f 384 385 419
f 385 386 420
f 386 387 421
f 387 388 422
f 388 389 423
f 389 390 424
f 390 391 425
f 391 392 426
f 393 394 428
f 394 395 429
f 395 396 430
f 396 397 431
f 397 398 432
f 398 399 433
f 399 400 434
f 400 401 435
f 401 402 436
f 402 403 437
f 403 404 438
f 404 405 439
f 405 406 440
f 406 407 441
f 407 408 442
f 408 409 443
f 409 410 444
f 410 411 445
f 411 412 446
f 412 413 447
f 413 414 448
f 414 415 449
f 415 416 450
f 416 417 451
f 417 418 452
f 418 419 453
f 419 420 454
f 420 421 455
f 421 422 456
f 422 423 457
f 423 424 458
f 424 425 459
f 425 426 460
f 426 427 461
f 428 429 463
f 429 430 464
f 430 431 465
f 431 432 466
f 432 433 467
f 433 434 468
f 434 435 469
f 435 436 470
f 436 437 471
f 437 438 472
f 438 439 473
f 439 440 474
f 440 441 475
f 441 442 476
f 442 443 477
f 443 444 478
f 444 445 479
f 445 446 480
f 446 447 481
f 447 448 482
f 448 449 483
f 449 450 484
f 450 451 485
f 451 452 486
f 452 453 487
f 453 454 488
f 454 455 489
f 455 456 490
f 456 457 491
f 457 458 492
f 458 459 493
f 459 460 494
f 460 461 495
f 461 462 496
f 463 464 498
f 464 465 499
f 465 466 500
f 466 467 501
f 467 468 502
f 468 469 503
f 469 470 504
f 470 471 505
f 471 472 506
f 472 473 507
f 473 474 508
f 474 475 509
f 475 476 510
f 476 477 511
f 477 478 512
f 478 479 513
f 479 480 514
f 480 481 515
f 481 482 516
f 482 483 517
f 483 484 518
f 484 485 519
f 485 486 520
f 486 487 521
f 487 488 522
f 488 489 523
f 489 490 524
f 490 491 525
f 491 492 526
f 492 493 527
f 493 494 528
f 494 495 529
f 495 496 530
f 496 497 531
f 498 499 533
f 499 500 534
f 500 501 535
f 501 502 536
f 502 503 537
f 503 504 538
f 504 505 539
f 505 506 540
f 506 507 541
f 507 508 542
f 508 509 543
f 509 510 544
f 510 511 545
f 511 512 546
f 512 513 547
f 513 514 548
f 514 515 549
f 515 516 550
f 516 517 551
f 517 518 552
f 518 519 553
f 519 520 554
f 520 521 555
f 521 522 556
f 522 523 557
f 523 524 558
f 524 525 559
f 525 526 560
f 526 527 561
f 527 528 562
f 528 529 563
f 529 530 564
f 530 531 565
f 531 532 566
f 533 534 571
f 534 535 572
f 535 536 573
f 536 537 574
f 537 538 575
f 538 539 576
f 539 540 577
f 540 541 578
f 541 542 579
f 542 543 580
f 543 544 581
f 544 545 582
f 545 546 583
f 546 547 584
f 547 548 585
f 548 549 586
f 549 550 587
f 550 551 588
f 551 552 589
f 552 553 590
f 553 554 591
f 554 555 592
f 555 556 593
f 556 557 594
f 557 558 595
f 558 559 596
f 559 560 597
f 560 561 598
f 561 562 599
f 562 563 600
f 563 564 601
f 564 565 602
f 565 566 603
f 566 567 604
f 567 568 605
f 569 570 608
f 571 572 612
f 572 573 613
f 573 574 614
f 574 575 615
f 575 576 616
f 576 577 617
f 577 578 618
f 578 579 619
f 579 580 620
f 580 581 621
f 581 582 622
f 582 583 623
f 583 584 624
f 584 585 625
f 585 586 626
f 586 587 627
f 587 588 628
f 588 589 629
f 589 590 630
f 590 591 631
f 591 592 632
f 592 593 633
f 593 594 634
f 594 595 635
f 595 596 636
f 596 597 637
f 597 598 638
f 598 599 639
f 599 600 640
f 600 601 641
f 601 602 642
f 602 603 643
f 603 604 644
f 604 605 645
f 605 606 646
f 607 608 651
f 608 609 652
f 612 613 662
f 613 614 663
f 614 615 664
f 615 616 665
f 616 617 666
f 617 618 667
f 618 619 668
f 619 620 669
f 620 621 670
f 621 622 671
f 622 623 672
f 623 624 673
f 624 625 674
f 625 626 675
f 626 627 676
f 627 628 677
f 628 629 678
f 629 630 679
f 630 631 680
f 631 632 681
f 632 633 682
f 633 634 683
f 634 635 684
f 635 636 685
f 636 637 686
f 637 638 687
f 638 639 688
f 639 640 689
f 640 641 690
f 641 642 691
f 642 643 692
f 643 644 693
f 644 645 694
f 645 646 695
f 646 647 696
f 647 648 697
f 649 650 700
f 650 651 701
f 651 652 702
f 652 653 703
f 654 655 706
f 655 656 707
f 656 657 708
f 657 658 709
f 658 659 710
f 659 660 711
f 660 661 712
f 662 663 718
f 663 664 719
f 664 665 720
f 665 666 721
f 666 667 722
f 667 668 723
f 668 669 724
f 669 670 725
f 670 671 726
f 671 672 727
f 672 673 728
f 673 674 729
f 674 675 730
f 675 676 731
f 676 677 732
f 677 678 733
f 678 679 734
f 679 680 735
f 680 681 736
f 681 682 737
f 682 683 738
f 683 684 739
f 684 685 740
f 685 686 741
f 686 687 742
f 687 688 743
f 688 689 744
f 689 690 745
f 690 691 746
f 691 692 747
f 692 693 748
f 693 694 749
f 694 695 750
f 695 696 751
f 696 697 752
f 697 698 753
f 698 699 754
f 699 700 755
f 700 701 756
f 701 702 757
f 702 703 758
f 703 704 759
f 705 706 761
f 706 707 762
f 707 708 763
f 708 709 764
f 709 710 765
f 710 711 766
f 711 712 767
f 712 713 768
f 713 714 769
f 714 715 770
f 715 716 771
f 716 717 772
f 718 719 778
f 719 720 779
f 720 721 780
f 721 722 781
f 722 723 782
f 723 724 783
f 724 725 784
f 725 726 785
f 726 727 786
f 727 728 787
f 728 729 788
f 729 730 789
f 730 731 790
f 731 732 791
f 732 733 792
f 733 734 793
f 734 735 794
f 735 736 795
f 736 737 796
f 737 738 797
f 738 739 798
f 739 740 799
f 740 741 800
f 741 742 801
f 742 743 802
f 743 744 803
f 744 745 804
f 745 746 805
f 746 747 806
f 747 748 807
f 748 749 808
f 749 750 809
f 750 751 810
f 751 752 811
f 752 753 812
f 753 754 813
f 754 755 814
f 755 756 815
f 756 757 816
f 757 758 817
f 758 759 818
f 759 760 819
f 763 764 820
f 764 765 821
f 765 766 822
f 766 767 823
f 767 768 824
f 768 769 825
f 769 770 826
f 770 771 827
f 771 772 828
f 772 773 829
f 773 774 830
f 774 775 831
f 775 776 832
f 776 777 833
f 778 779 838
f 779 780 839
f 780 781 840
f 781 782 841
f 782 783 842
f 783 784 843
f 784 785 844
f 785 786 845
f 786 787 846
f 787 788 847
f 788 789 848
f 789 790 849
f 790 791 850
f 791 792 851
f 792 793 852
f 793 794 853
f 794 795 854
f 795 796 855
f 796 797 856
f 797 798 857
f 798 799 858
f 799 800 859
f 800 801 860
f 801 802 861
f 802 803 862
f 803 804 863
f 804 805 864
f 805 806 865
f 806 807 866
f 807 808 867
f 808 809 868
f 809 810 869
f 810 811 870
f 811 812 871
f 812 813 872
f 813 814 873
f 814 815 874
f 815 816 875
f 816 817 876
f 817 818 877
f 818 819 878
f 820 821 879
f 821 822 880
f 822 823 881
f 823 824 882
f 824 825 883
f 825 826 884
f 826 827 885
f 827 828 886
f 828 829 887
f 829 830 888
f 830 831 889
f 831 832 890
f 832 833 891
f 833 834 892
f 834 835 893
f 835 836 894
f 836 837 895
f 838 839 900
f 839 840 901
f 840 841 902
f 841 842 903
f 842 843 904
f 843 844 905
f 844 845 906
f 845 846 907
f 846 847 908
f 847 848 909
f 848 849 910
f 849 850 911
f 850 851 912
f 851 852 913
f 852 853 914
f 853 854 915
f 854 855 916
f 855 856 917
f 856 857 918
f 857 858 919
f 858 859 920
f 859 860 921
f 860 861 922
f 861 862 923
f 862 863 924
f 863 864 925
f 864 865 926
f 865 866 927
f 866 867 928
f 867 868 929
f 868 869 930
f 869 870 931
f 870 871 932
f 871 872 933
f 872 873 934
f 873 874 935
f 874 875 936
f 875 876 937
f 876 877 938
f 877 878 939
f 879 880 943
f 880 881 944
f 881 882 945
f 882 883 946
f 883 884 947
f 884 885 948
f 885 886 949
f 886 887 950
f 887 888 951
f 888 889 952
f 889 890 953
f 890 891 954
f 891 892 955
f 892 893 956
f 893 894 957
f 894 895 958
f 895 896 959
f 896 897 960
f 897 898 961
f 898 899 962
f 900 901 967
f 901 902 968
f 902 903 969
f 903 904 970
f 904 905 971
f 905 906 972
f 906 907 973
f 907 908 974
f 908 909 975
f 909 910 976
f 910 911 977
f 911 912 978
f 912 913 979
f 913 914 980
f 914 915 981
f 915 916 982
f 916 917 983
f 917 918 984
f 918 919 985
f 919 920 986
f 920 921 987
f 921 922 988
f 922 923 989
f 923 924 990
f 924 925 991
f 925 926 992
f 926 927 993
f 927 928 994
f 928 929 995
f 929 930 996
f 930 931 997
f 931 932 998
f 932 933 999
f 933 934 1000
f 934 935 1001
f 935 936 1002
f 936 937 1003
f 937 938 1004
f 938 939 1005
f 939 940 1006
f 942 943 1017
f 943 944 1018
f 944 945 1019
f 945 946 1020
f 946 947 1021
f 947 948 1022
f 948 949 1023
f 949 950 1024
f 950 951 1025
f 951 952 1026
f 952 953 1027
f 953 954 1028
f 954 955 1029
f 955 956 1030
f 956 957 1031
f 957 958 1032
f 958 959 1033
f 959 960 1034
f 960 961 1035
f 961 962 1036
f 962 963 1037
f 963 964 1038
f 964 965 1039
f 965 966 1040
f 967 968 1045
f 968 969 1046
f 969 970 1047
f 970 971 1048
f 971 972 1049
f 972 973 1050
f 973 974 1051
f 974 975 1052
f 975 976 1053
f 976 977 1054
f 977 978 1055
f 978 979 1056
f 979 980 1057
f 980 981 1058
f 981 982 1059
f 982 983 1060
f 983 984 1061
f 984 985 1062
f 985 986 1063
f 986 987 1064
f 987 988 1065
f 988 989 1066
f 989 990 1067
f 990 991 1068
f 991 992 1069
f 992 993 1070
f 993 994 1071
f 994 995 1072
f 995 996 1073
f 996 997 1074
f 997 998 1075
f 998 999 1076
f 999 1000 1077
f 1000 1001 1078
f 1001 1002 1079
f 1002 1003 1080
f 1003 1004 1081
f 1004 1005 1082
f 1005 1006 1083
f 1006 1007 1084
f 1008 1009 1087
f 1009 1010 1088
f 1010 1011 1089
f 1011 1012 1090
f 1012 1013 1091
f 1013 1014 1092
f 1014 1015 1093
f 1015 1016 1094
f 1016 1017 1095
f 1017 1018 1096
f 1018 1019 1097
f 1019 1020 1098
f 1020 1021 1099
f 1021 1022 1100
f 1022 1023 1101
f 1023 1024 1102
f 1024 1025 1103
f 1025 1026 1104
f 1026 1027 1105
f 1027 1028 1106
f 1028 1029 1107
f 1029 1030 1108
f 1030 1031 1109
f 1031 1032 1110
f 1032 1033 1111
f 1033 1034 1112
f 1034 1035 1113
f 1035 1036 1114
f 1036 1037 1115
f 1037 1038 1116
f 1038 1039 1117
f 1039 1040 1118
f 1040 1041 1119
f 1041 1042 1120
f 1042 1043 1121
f 1043 1044 1122
f 1045 1046 1125
f 1046 1047 1126
f 1047 1048 1127
f 1048 1049 1128
f 1049 1050 1129
f 1050 1051 1130
f 1051 1052 1131
f 1052 1053 1132
f 1053 1054 1133
f 1054 1055 1134
f 1055 1056 1135
f 1056 1057 1136
f 1057 1058 1137
f 1058 1059 1138
f 1059 1060 1139
f 1060 1061 1140
f 1061 1062 1141
f 1062 1063 1142
f 1063 1064 1143
f 1064 1065 1144
f 1065 1066 1145
f 1066 1067 1146
f 1067 1068 1147
f 1068 1069 1148
f 1069 1070 1149
f 1070 1071 1150
f 1071 1072 1151
f 1072 1073 1152
f 1073 1074 1153
f 1074 1075 1154
f 1075 1076 1155
f 1076 1077 1156
f 1077 1078 1157
f 1078 1079 1158
f 1079 1080 1159
f 1080 1081 1160
f 1081 1082 1161
f 1082 1083 1162
f 1083 1084 1163
f 1084 1085 1164
f 1086 1087 1166
f 1087 1088 1167
f 1088 1089 1168
f 1089 1090 1169
f 1090 1091 1170
f 1091 1092 1171
f 1092 1093 1172
f 1093 1094 1173
f 1094 1095 1174
f 1095 1096 1175
f 1096 1097 1176
f 1097 1098 1177
f 1098 1099 1178
f 1099 1100 1179
f 1100 1101 1180
f 1101 1102 1181
f 1102 1103 1182
f 1103 1104 1183
f 1104 1105 1184
f 1105 1106 1185
f 1106 1107 1186
f 1107 1108 1187
f 1108 1109 1188
f 1109 1110 1189
f 1110 1111 1190
f 1111 1112 1191
f 1112 1113 1192
f 1113 1114 1193
f 1114 1115 1194
f 1115 1116 1195
f 1116 1117 1196
f 1117 1118 1197
f 1118 1119 1198
f 1119 1120 1199
f 1120 1121 1200
f 1121 1122 1201
f 1122 1123 1202
f 1123 1124 1203
f 1125 1126 1207
f 1126 1127 1208
f 1127 1128 1209
f 1128 1129 1210
f 1129 1130 1211
f 1130 1131 1212
f 1131 1132 1213
f 1132 1133 1214
f 1133 1134 1215
f 1134 1135 1216
f 1135 1136 1217
f 1136 1137 1218
f 1137 1138 1219
f 1138 1139 1220
f 1139 1140 1221
f 1140 1141 1222
f 1141 1142 1223
f 1142 1143 1224
f 1143 1144 1225
f 1144 1145 1226
f 1145 1146 1227
f 1146 1147 1228
f 1147 1148 1229
f 1148 1149 1230
f 1149 1150 1231
f 1150 1151 1232
f 1151 1152 1233
f 1152 1153 1234
f 1153 1154 1235
f 1154 1155 1236
f 1155 1156 1237
f 1156 1157 1238
f 1157 1158 1239
f 1158 1159 1240
f 1159 1160 1241
f 1160 1161 1242
f 1161 1162 1243
f 1162 1163 1244
f 1163 1164 1245
f 1165 1166 1247
f 1166 1167 1248
f 1167 1168 1249
f 1168 1169 1250
f 1169 1170 1251
f 1170 1171 1252
f 1171 1172 1253
f 1172 1173 1254
f 1173 1174 1255
f 1174 1175 1256
f 1175 1176 1257
f 1176 1177 1258
f 1177 1178 1259
f 1178 1179 1260
f 1179 1180 1261
f 1180 1181 1262
f 1181 1182 1263
f 1182 1183 1264
f 1183 1184 1265
f 1184 1185 1266
f 1185 1186 1267
f 1186 1187 1268
f 1187 1188 1269
f 1188 1189 1270
f 1189 1190 1271
f 1190 1191 1272
f 1191 1192 1273
f 1192 1193 1274
f 1193 1194 1275
f 1194 1195 1276
f 1195 1196 1277
f 1196 1197 1278
f 1197 1198 1279
f 1198 1199 1280
f 1199 1200 1281
f 1200 1201 1282
f 1201 1202 1283
f 1202 1203 1284
f 1203 1204 1285
f 1204 1205 1286
f 1205 1206 1287
f 1207 1208 1289
f 1208 1209 1290
f 1209 1210 1291
f 1210 1211 1292
f 1211 1212 1293
f 1212 1213 1294
f 1213 1214 1295
f 1214 1215 1296
f 1215 1216 1297
f 1216 1217 1298
f 1217 1218 1299
f 1218 1219 1300
f 1219 1220 1301
f 1220 1221 1302
f 1221 1222 1303
f 1222 1223 1304
f 1223 1224 1305
f 1224 1225 1306
f 1225 1226 1307
f 1226 1227 1308
f 1227 1228 1309
f 1228 1229 1310
f 1229 1230 1311
f 1230 1231 1312
f 1231 1232 1313
f 1232 1233 1314
f 1233 1234 1315
f 1234 1235 1316
f 1235 1236 1317
f 1236 1237 1318
f 1237 1238 1319
f 1238 1239 1320
f 1239 1240 1321
f 1240 1241 1322
f 1241 1242 1323
f 1242 1243 1324
f 1243 1244 1325
f 1244 1245 1326
f 1245 1246 1327
f 1247 1248 1330
f 1248 1249 1331
f 1249 1250 1332
f 1250 1251 1333
f 1251 1252 1334
f 1252 1253 1335
f 1253 1254 1336
f 1254 1255 1337
f 1255 1256 1338
f 1256 1257 1339
f 1257 1258 1340
f 1258 1259 1341
f 1259 1260 1342
f 1260 1261 1343
f 1261 1262 1344
f 1262 1263 1345
f 1263 1264 1346
f 1264 1265 1347
f 1265 1266 1348
f 1266 1267 1349
f 1267 1268 1350
f 1268 1269 1351
f 1269 1270 1352
f 1270 1271 1353
f 1271 1272 1354
f 1272 1273 1355
f 1273 1274 1356
f 1274 1275 1357
f 1275 1276 1358
f 1276 1277 1359
f 1277 1278 1360
f 1278 1279 1361
f 1279 1280 1362
f 1280 1281 1363
f 1281 1282 1364
f 1282 1283 1365
f 1283 1284 1366
f 1284 1285 1367
f 1285 1286 1368
f 1286 1287 1369
f 1287 1288 1370
f 1289 1290 1372
f 1290 1291 1373
f 1291 1292 1374
f 1292 1293 1375
f 1293 1294 1376
f 1294 1295 1377
f 1295 1296 1378
f 1296 1297 1379
f 1297 1298 1380
f 1298 1299 1381
f 1299 1300 1382
f 1300 1301 1383
f 1301 1302 1384
f 1302 1303 1385
f 1303 1304 1386
f 1304 1305 1387
f 1305 1306 1388
f 1306 1307 1389
f 1307 1308 1390
f 1308 1309 1391
f 1309 1310 1392
f 1310 1311 1393
f 1311 1312 1394
f 1312 1313 1395
f 1313 1314 1396
f 1314 1315 1397
f 1315 1316 1398
f 1316 1317 1399
f 1317 1318 1400
f 1318 1319 1401
f 1319 1320 1402
f 1320 1321 1403
f 1321 1322 1404
f 1322 1323 1405
f 1323 1324 1406
f 1324 1325 1407
f 1325 1326 1408
f 1326 1327 1409
f 1327 1328 1410
f 1328 1329 1411
f 1330 1331 1413
f 1331 1332 1414
f 1332 1333 1415
f 1333 1334 1416
f 1334 1335 1417
f 1335 1336 1418
f 1336 1337 1419
f 1337 1338 1420
f 1338 1339 1421
f 1339 1340 1422
f 1340 1341 1423
f 1341 1342 1424
f 1342 1343 1425
f 1343 1344 1426
f 1344 1345 1427
f 1345 1346 1428
f 1346 1347 1429
f 1347 1348 1430
f 1348 1349 1431
f 1349 1350 1432
f 1350 1351 1433
f 1351 1352 1434
f 1352 1353 1435
f 1353 1354 1436
f 1354 1355 1437
f 1355 1356 1438
f 1356 1357 1439
f 1357 1358 1440
f 1358 1359 1441
f 1359 1360 1442
f 1360 1361 1443
f 1361 1362 1444
f 1362 1363 1445
f 1363 1364 1446
f 1364 1365 1447
f 1365 1366 1448
f 1366 1367 1449
f 1367 1368 1450
f 1368 1369 1451
f 1369 1370 1452
f 1370 1371 1453
f 1372 1373 1456
f 1373 1374 1457
f 1374 1375 1458
f 1375 1376 1459
f 1376 1377 1460
f 1377 1378 1461
f 1378 1379 1462
f 1379 1380 1463
f 1380 1381 1464
f 1381 1382 1465
f 1382 1383 1466
f 1383 1384 1467
f 1384 1385 1468
f 1385 1386 1469
f 1386 1387 1470
f 1387 1388 1471
f 1388 1389 1472
f 1389 1390 1473
f 1390 1391 1474
f 1391 1392 1475
f 1392 1393 1476
f 1393 1394 1477
f 1394 1395 1478
f 1395 1396 1479
f 1396 1397 1480
f 1397 1398 1481
f 1398 1399 1482
f 1399 1400 1483
f 1400 1401 1484
f 1401 1402 1485
f 1402 1403 1486
f 1403 1404 1487
f 1404 1405 1488
f 1405 1406 1489
f 1406 1407 1490
f 1407 1408 1491
f 1408 1409 1492
f 1409 1410 1493
f 1410 1411 1494
f 1411 1412 1495
f 1413 1414 1496
f 1414 1415 1497
f 1415 1416 1498
f 1416 1417 1499
f 1417 1418 1500
f 1418 1419 1501
f 1419 1420 1502
f 1420 1421 1503
f 1421 1422 1504
f 1422 1423 1505
f 1423 1424 1506
f 1424 1425 1507
f 1425 1426 1508
f 1426 1427 1509
f 1427 1428 1510
f 1428 1429 1511
f 1429 1430 1512
f 1430 1431 1513
f 1431 1432 1514
f 1432 1433 1515
f 1433 1434 1516
f 1434 1435 1517
f 1435 1436 1518
f 1436 1437 1519
f 1437 1438 1520
f 1438 1439 1521
f 1439 1440 1522
f 1440 1441 1523
f 1441 1442 1524
f 1442 1443 1525
f 1443 1444 1526
f 1444 1445 1527
f 1445 1446 1528
f 1446 1447 1529
f 1447 1448 1530
f 1448 1449 1531
f 1449 1450 1532
f 1450 1451 1533
f 1451 1452 1534
f 1452 1453 1535
f 1453 1454 1536
f 1454 1455 1537
f 1459 1460 1539
f 1460 1461 1540
f 1461 1462 1541
f 1462 1463 1542
f 1463 1464 1543
f 1464 1465 1544
f 1465 1466 1545
f 1466 1467 1546
f 1467 1468 1547
f 1468 1469 1548
f 1469 1470 1549
f 1470 1471 1550
f 1471 1472 1551
f 1472 1473 1552
f 1473 1474 1553
f 1474 1475 1554
f 1475 1476 1555
f 1476 1477 1556
f 1477 1478 1557
f 1478 1479 1558
f 1479 1480 1559
f 1480 1481 1560
f 1481 1482 1561
f 1482 1483 1562
f 1483 1484 1563
f 1484 1485 1564
f 1485 1486 1565
f 1486 1487 1566
f 1487 1488 1567
f 1488 1489 1568
f 1489 1490 1569
f 1496 1497 1571
f 1497 1498 1572
f 1498 1499 1573
f 1499 1500 1574
f 1500 1501 1575
f 1501 1502 1576
f 1502 1503 1577
f 1503 1504 1578
f 1504 1505 1579
f 1505 1506 1580
f 1506 1507 1581
f 1507 1508 1582
f 1508 1509 1583
f 1509 1510 1584
f 1510 1511 1585
f 1511 1512 1586
f 1512 1513 1587
f 1513 1514 1588
f 1514 1515 1589
f 1515 1516 1590
f 1516 1517 1591
f 1517 1518 1592
f 1518 1519 1593
f 1519 1520 1594
f 1520 1521 1595
f 1521 1522 1596
f 1522 1523 1597
f 1523 1524 1598
f 1524 1525 1599
f 1525 1526 1600
f 1526 1527 1601
f 1527 1528 1602
f 1528 1529 1603
f 1529 1530 1604
f 1530 1531 1605
f 1531 1532 1606
f 1532 1533 1607
f 1533 1534 1608
f 1534 1535 1609
f 1535 1536 1610
f 1536 1537 1611
f 1537 1538 1612
f 1541 1542 1614
f 1545 1546 1616
f 1546 1547 1617
f 1547 1548 1618
f 1548 1549 1619
f 1549 1550 1620
f 1550 1551 1621
f 1551 1552 1622
f 1552 1553 1623
f 1553 1554 1624
f 1554 1555 1625
f 1555 1556 1626
f 1556 1557 1627
f 1557 1558 1628
f 1558 1559 1629
f 1559 1560 1630
f 1560 1561 1631
f 1561 1562 1632
f 1562 1563 1633
f 1563 1564 1634
f 1564 1565 1635
f 1565 1566 1636
f 1566 1567 1637
f 1567 1568 1638
f 1570 1571 1639
f 1571 1572 1640
f 1575 1576 1642
f 1584 1585 1643
f 1585 1586 1644
f 1586 1587 1645
f 1587 1588 1646
f 1588 1589 1647
f 1589 1590 1648
f 1590 1591 1649
f 1591 1592 1650
f 1592 1593 1651
f 1593 1594 1652
f 1594 1595 1653
f 1595 1596 1654
f 1596 1597 1655
f 1597 1598 1656
f 1598 1599 1657
f 1599 1600 1658
f 1600 1601 1659
f 1601 1602 1660
f 1602 1603 1661
f 1603 1604 1662
f 1604 1605 1663
f 1605 1606 1664
f 1606 1607 1665
f 1607 1608 1666
f 1608 1609 1667
f 1609 1610 1668
f 1610 1611 1669
f 1611 1612 1670
f 1612 1613 1671
f 1615 1616 1674
f 1616 1617 1675
f 1617 1618 1676
f 1618 1619 1677
f 1619 1620 1678
f 1620 1621 1679
f 1621 1622 1680
f 1622 1623 1681
f 1623 1624 1682
f 1624 1625 1683
f 1625 1626 1684
f 1626 1627 1685
f 1627 1628 1686
f 1628 1629 1687
f 1629 1630 1688
f 1630 1631 1689
f 1631 1632 1690
f 1632 1633 1691
f 1633 1634 1692
f 1634 1635 1693
f 1635 1636 1694
f 1639 1640 1696
f 1640 1641 1697
f 1650 1651 1699
f 1651 1652 1700
f 1652 1653 1701
f 1653 1654 1702
f 1654 1655 1703
f 1655 1656 1704
f 1656 1657 1705
f 1667 1668 1706
f 1668 1669 1707
f 1669 1670 1708
f 1670 1671 1709
f 1671 1672 1710
f 1674 1675 1713
f 1675 1676 1714
f 1676 1677 1715
f 1677 1678 1716
f 1678 1679 1717
f 1679 1680 1718
f 1680 1681 1719
f 1681 1682 1720
f 1682 1683 1721
f 1683 1684 1722
f 1684 1685 1723
f 1685 1686 1724
f 1686 1687 1725
f 1687 1688 1726
f 1688 1689 1727
f 1689 1690 1728
f 1690 1691 1729
f 1691 1692 1730
f 1696 1697 1732
f 1697 1698 1733
f 1707 1708 1735
f 1708 1709 1736
f 1709 1710 1737
f 1710 1711 1738
f 1713 1714 1740
f 1714 1715 1741
f 1715 1716 1742
f 1716 1717 1743
f 1717 1718 1744
f 1718 1719 1745
f 1719 1720 1746
f 1720 1721 1747
f 1721 1722 1748
f 1722 1723 1749
f 1723 1724 1750
f 1724 1725 1751
f 1725 1726 1752
f 1726 1727 1753
f 1727 1728 1754
f 1728 1729 1755
f 1729 1730 1756
f 1732 1733 1759
f 1733 1734 1760
f 1736 1737 1762
f 1737 1738 1763
f 1738 1739 1764
f 1741 1742 1766
f 1742 1743 1767
f 1743 1744 1768
f 1744 1745 1769
f 1745 1746 1770
f 1746 1747 1771
f 1747 1748 1772
f 1748 1749 1773
f 1749 1750 1774
f 1750 1751 1775
f 1751 1752 1776
f 1752 1753 1777
f 1753 1754 1778
f 1754 1755 1779
f 1755 1756 1780
f 1756 1757 1781
f 1758 1759 1782
f 1759 1760 1783
f 1760 1761 1784
f 1763 1764 1785
f 1764 1765 1786
f 1769 1770 1788
f 1770 1771 1789
f 1771 1772 1790
f 1772 1773 1791
f 1773 1774 1792
f 1774 1775 1793
f 1775 1776 1794
f 1776 1777 1795
f 1777 1778 1796
f 1778 1779 1797
f 1779 1780 1798
f 1780 1781 1799
f 1782 1783 1803
f 1783 1784 1804
f 1785 1786 1806
f 1786 1787 1807
f 1791 1792 1809
f 1792 1793 1810
f 1793 1794 1811
f 1794 1795 1812
f 1795 1796 1813
f 1796 1797 1814
f 1797 1798 1815
f 1798 1799 1816
f 1799 1800 1817
f 1800 1801 1818
f 1801 1802 1819
f 1803 1804 1822
f 1804 1805 1823
f 1807 1808 1824
f 2 9 8
f 3 10 9
f 4 11 10
f 5 12 11
f 6 13 12
f 7 14 13
f 9 16 15
f 10 17 16
f 11 18 17
f 12 19 18
f 13 20 19
f 14 21 20
f 23 39 38
f 24 40 39
f 25 41 40
f 26 42 41
f 27 43 42
f 28 44 43
f 29 45 44
f 30 46 45
f 31 47 46
f 32 48 47
f 33 49 48
f 34 50 49
f 35 51 50
f 36 52 51
f 37 59 58
f 38 60 59
f 39 61 60
f 40 62 61
f 41 63 62
f 42 64 63
f 43 65 64
f 44 66 65
f 45 67 66
f 46 68 67
f 47 69 68
f 48 70 69
f 49 71 70
f 50 72 71
f 51 73 72
f 52 74 73
f 53 75 74
f 54 79 78
f 55 80 79
f 56 81 80
f 57 82 81
f 58 83 82
f 59 84 83
f 60 85 84
f 61 86 85
f 62 87 86
f 63 88 87
f 64 89 88
f 65 90 89
f 66 91 90
f 67 92 91
f 68 93 92
f 69 94 93
f 70 95 94
f 71 96 95
f 72 97 96
f 73 98 97
f 74 99 98
f 76 105 104
f 77 106 105
f 78 107 106
f 79 108 107
f 80 109 108
f 81 110 109
f 82 111 110
f 83 112 111
f 84 113 112
f 85 114 113
f 86 115 114
f 87 116 115
f 88 117 116
f 89 118 117
f 90 119 118
f 91 120 119
f 92 121 120
f 93 122 121
f 94 123 122
f 95 124 123
f 96 125 124
f 97 126 125
f 98 127 126
f 99 128 127
f 100 132 131
f 101 133 132
f 102 134 133
f 103 135 134
f 104 136 135
f 105 137 136
f 106 138 137
f 107 139 138
f 108 140 139
f 109 141 140
f 110 142 141
f 111 143 142
f 112 144 143
f 113 145 144
f 114 146 145
f 115 147 146
f 116 148 147
f 117 149 148
f 118 150 149
f 119 151 150
f 120 152 151
f 121 153 152
f 122 154 153
f 123 155 154
f 124 156 155
f 125 157 156
f 126 158 157
f 127 159 158
f 128 160 159
f 129 166 165
f 130 167 166
f 131 168 167
f 132 169 168
f 133 170 169
f 134 171 170
f 135 172 171
f 136 173 172
f 137 174 173
f 138 175 174
f 139 176 175
f 140 177 176
f 141 178 177
f 142 179 178
f 143 180 179
f 144 181 180
f 145 182 181
f 146 183 182
f 147 184 183
f 148 185 184
f 149 186 185
f 150 187 186
f 151 188 187
f 152 189 188
f 153 190 189
f 154 191 190
f 155 192 191
f 156 193 192
f 157 194 193
f 158 195 194
f 159 196 195
f 160 197 196
f 161 198 197
f 162 202 201
f 163 203 202
f 164 204 203
f 165 205 204
f 166 206 205
f 167 207 206
f 168 208 207
f 169 209 208
f 170 210 209
f 171 211 210
f 172 212 211
f 173 213 212
f 174 214 213
f 175 215 214
f 176 216 215
f 177 217 216
f 178 218 217
f 179 219 218
f 180 220 219
f 181 221 220
f 182 222 221
f 183 223 222
f 184 224 223
f 185 225 224
f 186 226 225
f 187 227 226
f 188 228 227
f 189 229 228
f 190 230 229
f 191 231 230
f 192 232 231
f 193 233 232
f 194 234 233
f 195 235 234
f 196 236 235
f 197 237 236
f 198 238 237
f 199 239 238
f 200 243 242
f 201 244 243
f 202 245 244
f 203 246 245
f 204 247 246
f 205 248 247
f 206 249 248
f 207 250 249
f 208 251 250
f 209 252 251
f 210 253 252
f 211 254 253
f 212 255 254
f 213 256 255
f 214 257 256
f 215 258 257
f 216 259 258
f 217 260 259
f 218 261 260
f 219 262 261
f 220 263 262
f 221 264 263
f 222 265 264
f 223 266 265
f 224 267 266
f 225 268 267
f 226 269 268
f 227 270 269
f 228 271 270
f 229 272 271
f 230 273 272
f 231 274 273
f 232 275 274
f 233 276 275
f 234 277 276
f 235 278 277
f 236 279 278
f 238 281 280
f 239 282 281
f 240 283 282
f 242 285 284
f 243 286 285
f 244 287 286
f 245 288 287
f 246 289 288
f 247 290 289
f 248 291 290
f 249 292 291
f 250 293 292
f 251 294 293
f 252 295 294
f 253 296 295
f 254 297 296
f 255 298 297
f 256 299 298
f 257 300 299
f 258 301 300
f 259 302 301
f 260 303 302
f 261 304 303
f 262 305 304
f 263 306 305
f 264 307 306
f 265 308 307
f 266 309 308
f 267 310 309
f 268 311 310
f 269 312 311
f 270 313 312
f 271 314 313
f 272 315 314
f 273 316 315
f 274 317 316
f 275 318 317
f 276 319 318
f 282 321 320
f 283 322 321
f 285 324 323
f 286 325 324
f 287 326 325
f 288 327 326
f 289 328 327
f 290 329 328
f 291 330 329
f 292 331 330
f 293 332 331
f 294 333 332
f 295 334 333
f 296 335 334
f 297 336 335
f 298 337 336
f 299 338 337
f 300 339 338
f 301 340 339
f 302 341 340
f 303 342 341
f 304 343 342
f 305 344 343
f 306 345 344
f 307 346 345
f 308 347 346
f 309 348 347
f 310 349 348
f 311 350 349
f 312 351 350
f 313 352 351
f 314 353 352
f 315 354 353
f 316 355 354
f 317 356 355
f 318 357 356
f 324 359 358
f 325 360 359
f 326 361 360
f 327 362 361
f 328 363 362
f 329 364 363
f 330 365 364
f 331 366 365
f 332 367 366
f 333 368 367
f 334 369 368
f 335 370 369
f 336 371 370
f 337 372 371
f 338 373 372
f 339 374 373
f 340 375 374
f 341 376 375
f 342 377 376
f 343 378 377
f 344 379 378
f 345 380 379
f 346 381 380
f 347 382 381
f 348 383 382
f 349 384 383
f 350 385 384
f 351 386 385
f 352 387 386
f 353 388 387
f 354 389 388
f 355 390 389
f 356 391 390
f 357 392 391
f 359 394 393
f 360 395 394
f 361 396 395
f 362 397 396
f 363 398 397
f 364 399 398
f 365 400 399
f 366 401 400
f 367 402 401
f 368 403 402
f 369 404 403
f 370 405 404
f 371 406 405
f 372 407 406
f 373 408 407
f 374 409 408
f 375 410 409
f 376 411 410
f 377 412 411
f 378 413 412
f 379 414 413
f 380 415 414
f 381 416 415
f 382 417 416
f 383 418 417
f 384 419 418
f 385 420 419
f 386 421 420
f 387 422 421
f 388 423 422
f 389 424 423
f 390 425 424
f 391 426 425
f 392 427 426
f 394 429 428
f 395 430 429
f 396 431 430
f 397 432 431
f 398 433 432
f 399 434 433
f 400 435 434
f 401 436 435
f 402 437 436
f 403 438 437
f 404 439 438
f 405 440 439
f 406 441 440
f 407 442 441
f 408 443 442
f 409 444 443
f 410 445 444
f 411 446 445
f 412 447 446
f 413 448 447
f 414 449 448
f 415 450 449
f 416 451 450
f 417 452 451
f 418 453 452
f 419 454 453
f 420 455 454
f 421 456 455
f 422 457 456
f 423 458 457
f 424 459 458
f 425 460 459
f 426 461 460
f 427 462 461
f 429 464 463
f 430 465 464
f 431 466 465
f 432 467 466
f 433 468 467
f 434 469 468
f 435 470 469
f 436 471 470
f 437 472 471
f 438 473 472
f 439 474 473
f 440 475 474
f 441 476 475
f 442 477 476
f 443 478 477
f 444 479 478
f 445 480 479
f 446 481 480
f 447 482 481
f 448 483 482
f 449 484 483
f 450 485 484
f 451 486 485
f 452 487 486
f 453 488 487
f 454 489 488
f 455 490 489
f 456 491 490
f 457 492 491
f 458 493 492
f 459 494 493
f 460 495 494
f 461 496 495
f 462 497 496
f 464 499 498
f 465 500 499
f 466 501 500
f 467 502 501
f 468 503 502
f 469 504 503
f 470 505 504
f 471 506 505
f 472 507 506
f 473 508 507
f 474 509 508
f 475 510 509
f 476 511 510
f 477 512 511
f 478 513 512
f 479 514 513
f 480 515 514
f 481 516 515
f 482 517 516
f 483 518 517
f 484 519 518
f 485 520 519
f 486 521 520
f 487 522 521
f 488 523 522
f 489 524 523
f 490 525 524
f 491 526 525
f 492 527 526
f 493 528 527
f 494 529 528
f 495 530 529
f 496 531 530
f 497 532 531
f 499 534 533
f 500 535 534
f 501 536 535
f 502 537 536
f 503 538 537
f 504 539 538
f 505 540 539
f 506 541 540
f 507 542 541
f 508 543 542
f 509 544 543
f 510 545 544
f 511 546 545
f 512 547 546
f 513 548 547
f 514 549 548
f 515 550 549
f 516 551 550
f 517 552 551
f 518 553 552
f 519 554 553
f 520 555 554
f 521 556 555
f 522 557 556
f 523 558 557
f 524 559 558
f 525 560 559
f 526 561 560
f 527 562 561
f 528 563 562
f 529 564 563
f 530 565 564
f 531 566 565
f 532 567 566
f 534 572 571
f 535 573 572
f 536 574 573
f 537 575 574
f 538 576 575
f 539 577 576
f 540 578 577
f 541 579 578
f 542 580 579
f 543 581 580
f 544 582 581
f 545 583 582
f 546 584 583
f 547 585 584
f 548 586 585
f 549 587 586
f 550 588 587
f 551 589 588
f 552 590 589
f 553 591 590
f 554 592 591
f 555 593 592
f 556 594 593
f 557 595 594
f 558 596 595
f 559 597 596
f 560 598 597
f 561 599 598
f 562 600 599
f 563 601 600
f 564 602 601
f 565 603 602
f 566 604 603
f 567 605 604
f 569 608 607
f 570 609 608
f 572 613 612
f 573 614 613
f 574 615 614
f 575 616 615
f 576 617 616
f 577 618 617
f 578 619 618
f 579 620 619
f 580 621 620
f 581 622 621
f 582 623 622
f 583 624 623
f 584 625 624
f 585 626 625
f 586 627 626
f 587 628 627
f 588 629 628
f 589 630 629
f 590 631 630
f 591 632 631
f 592 633 632
f 593 634 633
f 594 635 634
f 595 636 635
f 596 637 636
f 597 638 637
f 598 639 638
f 599 640 639
f 600 641 640
f 601 642 641
f 602 643 642
f 603 644 643
f 604 645 644
f 605 646 645
f 606 647 646
f 607 651 650
f 608 652 651
f 609 653 652
f 610 656 655
f 611 657 656
f 613 663 662
f 614 664 663
f 615 665 664
f 616 666 665
f 617 667 666
f 618 668 667
f 619 669 668
f 620 670 669
f 621 671 670
f 622 672 671
f 623 673 672
f 624 674 673
f 625 675 674
f 626 676 675
f 627 677 676
f 628 678 677
f 629 679 678
f 630 680 679
f 631 681 680
f 632 682 681
f 633 683 682
f 634 684 683
f 635 685 684
f 636 686 685
f 637 687 686
f 638 688 687
f 639 689 688
f 640 690 689
f 641 691 690
f 642 692 691
f 643 693 692
f 644 694 693
f 645 695 694
f 646 696 695
f 647 697 696
f 648 698 697
f 649 700 699
f 650 701 700
f 651 702 701
f 652 703 702
f 653 704 703
f 654 706 705
f 655 707 706
f 656 708 707
f 657 709 708
f 658 710 709
f 659 711 710
f 660 712 711
f 661 713 712
f 663 719 718
f 664 720 719
f 665 721 720
f 666 722 721
f 667 723 722
f 668 724 723
f 669 725 724
f 670 726 725
f 671 727 726
f 672 728 727
f 673 729 728
f 674 730 729
f 675 731 730
f 676 732 731
f 677 733 732
f 678 734 733
f 679 735 734
f 680 736 735
f 681 737 736
f 682 738 737
f 683 739 738
f 684 740 739
f 685 741 740
f 686 742 741
f 687 743 742
f 688 744 743
f 689 745 744
f 690 746 745
f 691 747 746
f 692 748 747
f 693 749 748
f 694 750 749
f 695 751 750
f 696 752 751
f 697 753 752
f 698 754 753
f 699 755 754
f 700 756 755
f 701 757 756
f 702 758 757
f 703 759 758
f 704 760 759
f 706 762 761
f 707 763 762
f 708 764 763
f 709 765 764
f 710 766 765
f 711 767 766
f 712 768 767
f 713 769 768
f 714 770 769
f 715 771 770
f 716 772 771
f 717 773 772
f 719 779 778
f 720 780 779
f 721 781 780
f 722 782 781
f 723 783 782
f 724 784 783
f 725 785 784
f 726 786 785
f 727 787 786
f 728 788 787
f 729 789 788
f 730 790 789
f 731 791 790
f 732 792 791
f 733 793 792
f 734 794 793
f 735 795 794
f 736 796 795
f 737 797 796
f 738 798 797
f 739 799 798
f 740 800 799
f 741 801 800
f 742 802 801
f 743 803 802
f 744 804 803
f 745 805 804
f 746 806 805
f 747 807 806
f 748 808 807
f 749 809 808
f 750 810 809
f 751 811 810
f 752 812 811
f 753 813 812
f 754 814 813
f 755 815 814
f 756 816 815
f 757 817 816
f 758 818 817
f 759 819 818
f 764 821 820
f 765 822 821
f 766 823 822
f 767 824 823
f 768 825 824
f 769 826 825
f 770 827 826
f 771 828 827
f 772 829 828
f 773 830 829
f 774 831 830
f 775 832 831
f 776 833 832
f 777 834 833
f 779 839 838
f 780 840 839
f 781 841 840
f 782 842 841
f 783 843 842
f 784 844 843
f 785 845 844
f 786 846 845
f 787 847 846
f 788 848 847
f 789 849 848
f 790 850 849
f 791 851 850
f 792 852 851
f 793 853 852
f 794 854 853
f 795 855 854
f 796 856 855
f 797 857 856
f 798 858 857
f 799 859 858
f 800 860 859
f 801 861 860
f 802 862 861
f 803 863 862
f 804 864 863
f 805 865 864
f 806 866 865
f 807 867 866
f 808 868 867
f 809 869 868
f 810 870 869
f 811 871 870
f 812 872 871
f 813 873 872
f 814 874 873
f 815 875 874
f 816 876 875
f 817 877 876
f 818 878 877
f 821 880 879
f 822 881 880
f 823 882 881
f 824 883 882
f 825 884 883
f 826 885 884
f 827 886 885
f 828 887 886
f 829 888 887
f 830 889 888
f 831 890 889
f 832 891 890
f 833 892 891
f 834 893 892
f 835 894 893
f 836 895 894
f 837 896 895
f 839 901 900
f 840 902 901
f 841 903 902
f 842 904 903
f 843 905 904
f 844 906 905
f 845 907 906
f 846 908 907
f 847 909 908
f 848 910 909
f 849 911 910
f 850 912 911
f 851 913 912
f 852 914 913
f 853 915 914
f 854 916 915
f 855 917 916
f 856 918 917
f 857 919 918
f 858 920 919
f 859 921 920
f 860 922 921
f 861 923 922
f 862 924 923
f 863 925 924
f 864 926 925
f 865 927 926
f 866 928 927
f 867 929 928
f 868 930 929
f 869 931 930
f 870 932 931
f 871 933 932
f 872 934 933
f 873 935 934
f 874 936 935
f 875 937 936
f 876 938 937
f 877 939 938
f 878 940 939
f 880 944 943
f 881 945 944
f 882 946 945
f 883 947 946
f 884 948 947
f 885 949 948
f 886 950 949
f 887 951 950
f 888 952 951
f 889 953 952
f 890 954 953
f 891 955 954
f 892 956 955
f 893 957 956
f 894 958 957
f 895 959 958
f 896 960 959
f 897 961 960
f 898 962 961
f 899 963 962
f 901 968 967
f 902 969 968
f 903 970 969
f 904 971 970
f 905 972 971
f 906 973 972
f 907 974 973
f 908 975 974
f 909 976 975
f 910 977 976
f 911 978 977
f 912 979 978
f 913 980 979
f 914 981 980
f 915 982 981
f 916 983 982
f 917 984 983
f 918 985 984
f 919 986 985
f 920 987 986
f 921 988 987
f 922 989 988
f 923 990 989
f 924 991 990
f 925 992 991
f 926 993 992
f 927 994 993
f 928 995 994
f 929 996 995
f 930 997 996
f 931 998 997
f 932 999 998
f 933 1000 999
f 934 1001 1000
f 935 1002 1001
f 936 1003 1002
f 937 1004 1003
f 938 1005 1004
f 939 1006 1005
f 940 1007 1006
f 941 1016 1015
f 942 1017 1016
f 943 1018 1017
f 944 1019 1018
f 945 1020 1019
f 946 1021 1020
f 947 1022 1021
f 948 1023 1022
f 949 1024 1023
f 950 1025 1024
f 951 1026 1025
f 952 1027 1026
f 953 1028 1027
f 954 1029 1028
f 955 1030 1029
f 956 1031 1030
f 957 1032 1031
f 958 1033 1032
f 959 1034 1033
f 960 1035 1034
f 961 1036 1035
f 962 1037 1036
f 963 1038 1037
f 964 1039 1038
f 965 1040 1039
f 966 1041 1040
f 968 1046 1045
f 969 1047 1046
f 970 1048 1047
f 971 1049 1048
f 972 1050 1049
f 973 1051 1050
f 974 1052 1051
f 975 1053 1052
f 976 1054 1053
f 977 1055 1054
f 978 1056 1055
f 979 1057 1056
f 980 1058 1057
f 981 1059 1058
f 982 1060 1059
f 983 1061 1060
f 984 1062 1061
f 985 1063 1062
f 986 1064 1063
f 987 1065 1064
f 988 1066 1065
f 989 1067 1066
f 990 1068 1067
f 991 1069 1068
f 992 1070 1069
f 993 1071 1070
f 994 1072 1071
f 995 1073 1072
f 996 1074 1073
f 997 1075 1074
f 998 1076 1075
f 999 1077 1076
f 1000 1078 1077
f 1001 1079 1078
f 1002 1080 1079
f 1003 1081 1080
f 1004 1082 1081
f 1005 1083 1082
f 1006 1084 1083
f 1007 1085 1084
f 1008 1087 1086
f 1009 1088 1087
f 1010 1089 1088
f 1011 1090 1089
f 1012 1091 1090
f 1013 1092 1091
f 1014 1093 1092
f 1015 1094 1093
f 1016 1095 1094
f 1017 1096 1095
f 1018 1097 1096
f 1019 1098 1097
f 1020 1099 1098
f 1021 1100 1099
f 1022 1101 1100
f 1023 1102 1101
f 1024 1103 1102
f 1025 1104 1103
f 1026 1105 1104
f 1027 1106 1105
f 1028 1107 1106
f 1029 1108 1107
f 1030 1109 1108
f 1031 1110 1109
f 1032 1111 1110
f 1033 1112 1111
f 1034 1113 1112
f 1035 1114 1113
f 1036 1115 1114
f 1037 1116 1115
f 1038 1117 1116
f 1039 1118 1117
f 1040 1119 1118
f 1041 1120 1119
f 1042 1121 1120
f 1043 1122 1121
f 1044 1123 1122
f 1046 1126 1125
f 1047 1127 1126
f 1048 1128 1127
f 1049 1129 1128
f 1050 1130 1129
f 1051 1131 1130
f 1052 1132 1131
f 1053 1133 1132
f 1054 1134 1133
f 1055 1135 1134
f 1056 1136 1135
f 1057 1137 1136
f 1058 1138 1137
f 1059 1139 1138
f 1060 1140 1139
f 1061 1141 1140
f 1062 1142 1141
f 1063 1143 1142
f 1064 1144 1143
f 1065 1145 1144
f 1066 1146 1145
f 1067 1147 1146
f 1068 1148 1147
f 1069 1149 1148
f 1070 1150 1149
f 1071 1151 1150
f 1072 1152 1151
f 1073 1153 1152
f 1074 1154 1153
f 1075 1155 1154
f 1076 1156 1155
f 1077 1157 1156
f 1078 1158 1157
f 1079 1159 1158
f 1080 1160 1159
f 1081 1161 1160
f 1082 1162 1161
f 1083 1163 1162
f 1084 1164 1163
f 1086 1166 1165
f 1087 1167 1166
f 1088 1168 1167
f 1089 1169 1168
f 1090 1170 1169
f 1091 1171 1170
f 1092 1172 1171
f 1093 1173 1172
f 1094 1174 1173
f 1095 1175 1174
f 1096 1176 1175
f 1097 1177 1176
f 1098 1178 1177
f 1099 1179 1178
f 1100 1180 1179
f 1101 1181 1180
f 1102 1182 1181
f 1103 1183 1182
f 1104 1184 1183
f 1105 1185 1184
f 1106 1186 1185
f 1107 1187 1186
f 1108 1188 1187
f 1109 1189 1188
f 1110 1190 1189
f 1111 1191 1190
f 1112 1192 1191
f 1113 1193 1192
f 1114 1194 1193
f 1115 1195 1194
f 1116 1196 1195
f 1117 1197 1196
f 1118 1198 1197
f 1119 1199 1198
f 1120 1200 1199
f 1121 1201 1200
f 1122 1202 1201
f 1123 1203 1202
f 1124 1204 1203
f 1126 1208 1207
f 1127 1209 1208
f 1128 1210 1209
f 1129 1211 1210
f 1130 1212 1211
f 1131 1213 1212
f 1132 1214 1213
f 1133 1215 1214
f 1134 1216 1215
f 1135 1217 1216
f 1136 1218 1217
f 1137 1219 1218
f 1138 1220 1219
f 1139 1221 1220
f 1140 1222 1221
f 1141 1223 1222
f 1142 1224 1223
f 1143 1225 1224
f 1144 1226 1225
f 1145 1227 1226
f 1146 1228 1227
f 1147 1229 1228
f 1148 1230 1229
f 1149 1231 1230
f 1150 1232 1231
f 1151 1233 1232
f 1152 1234 1233
f 1153 1235 1234
f 1154 1236 1235
f 1155 1237 1236
f 1156 1238 1237
f 1157 1239 1238
f 1158 1240 1239
f 1159 1241 1240
f 1160 1242 1241
f 1161 1243 1242
f 1162 1244 1243
f 1163 1245 1244
f 1164 1246 1245
f 1166 1248 1247
f 1167 1249 1248
f 1168 1250 1249
f 1169 1251 1250
f 1170 1252 1251
f 1171 1253 1252
f 1172 1254 1253
f 1173 1255 1254
f 1174 1256 1255
f 1175 1257 1256
f 1176 1258 1257
f 1177 1259 1258
f 1178 1260 1259
f 1179 1261 1260
f 1180 1262 1261
f 1181 1263 1262
f 1182 1264 1263
f 1183 1265 1264
f 1184 1266 1265
f 1185 1267 1266
f 1186 1268 1267
f 1187 1269 1268
f 1188 1270 1269
f 1189 1271 1270
f 1190 1272 1271
f 1191 1273 1272
f 1192 1274 1273
f 1193 1275 1274
f 1194 1276 1275
f 1195 1277 1276
f 1196 1278 1277
f 1197 1279 1278
f 1198 1280 1279
f 1199 1281 1280
f 1200 1282 1281
f 1201 1283 1282
f 1202 1284 1283
f 1203 1285 1284
f 1204 1286 1285
f 1205 1287 1286
f 1206 1288 1287
f 1208 1290 1289
f 1209 1291 1290
f 1210 1292 1291
f 1211 1293 1292
f 1212 1294 1293
f 1213 1295 1294
f 1214 1296 1295
f 1215 1297 1296
f 1216 1298 1297
f 1217 1299 1298
f 1218 1300 1299
f 1219 1301 1300
f 1220 1302 1301
f 1221 1303 1302
f 1222 1304 1303
f 1223 1305 1304
f 1224 1306 1305
f 1225 1307 1306
f 1226 1308 1307
f 1227 1309 1308
f 1228 1310 1309
f 1229 1311 1310
f 1230 1312 1311
f 1231 1313 1312
f 1232 1314 1313
f 1233 1315 1314
f 1234 1316 1315
f 1235 1317 1316
f 1236 1318 1317
f 1237 1319 1318
f 1238 1320 1319
f 1239 1321 1320
f 1240 1322 1321
f 1241 1323 1322
f 1242 1324 1323
f 1243 1325 1324
f 1244 1326 1325
f 1245 1327 1326
f 1246 1328 1327
f 1248 1331 1330
f 1249 1332 1331
f 1250 1333 1332
f 1251 1334 1333
f 1252 1335 1334
f 1253 1336 1335
f 1254 1337 1336
f 1255 1338 1337
f 1256 1339 1338
f 1257 1340 1339
f 1258 1341 1340
f 1259 1342 1341
f 1260 1343 1342
f 1261 1344 1343
f 1262 1345 1344
f 1263 1346 1345
f 1264 1347 1346
f 1265 1348 1347
f 1266 1349 1348
f 1267 1350 1349
f 1268 1351 1350
f 1269 1352 1351
f 1270 1353 1352
f 1271 1354 1353
f 1272 1355 1354
f 1273 1356 1355
f 1274 1357 1356
f 1275 1358 1357
f 1276 1359 1358
f 1277 1360 1359
f 1278 1361 1360
f 1279 1362 1361
f 1280 1363 1362
f 1281 1364 1363
f 1282 1365 1364
f 1283 1366 1365
f 1284 1367 1366
f 1285 1368 1367
f 1286 1369 1368
f 1287 1370 1369
f 1288 1371 1370
f 1290 1373 1372
f 1291 1374 1373
f 1292 1375 1374
f 1293 1376 1375
f 1294 1377 1376
f 1295 1378 1377
f 1296 1379 1378
f 1297 1380 1379
f 1298 1381 1380
f 1299 1382 1381
f 1300 1383 1382
f 1301 1384 1383
f 1302 1385 1384
f 1303 1386 1385
f 1304 1387 1386
f 1305 1388 1387
f 1306 1389 1388
f 1307 1390 1389
f 1308 1391 1390
f 1309 1392 1391
f 1310 1393 1392
f 1311 1394 1393
f 1312 1395 1394
f 1313 1396 1395
f 1314 1397 1396
f 1315 1398 1397
f 1316 1399 1398
f 1317 1400 1399
f 1318 1401 1400
f 1319 1402 1401
f 1320 1403 1402
f 1321 1404 1403
f 1322 1405 1404
f 1323 1406 1405
f 1324 1407 1406
f 1325 1408 1407
f 1326 1409 1408
f 1327 1410 1409
f 1328 1411 1410
f 1329 1412 1411
f 1331 1414 1413
f 1332 1415 1414
f 1333 1416 1415
f 1334 1417 1416
f 1335 1418 1417
f 1336 1419 1418
f 1337 1420 1419
f 1338 1421 1420
f 1339 1422 1421
f 1340 1423 1422
f 1341 1424 1423
f 1342 1425 1424
f 1343 1426 1425
f 1344 1427 1426
f 1345 1428 1427
f 1346 1429 1428
f 1347 1430 1429
f 1348 1431 1430
f 1349 1432 1431
f 1350 1433 1432
f 1351 1434 1433
f 1352 1435 1434
f 1353 1436 1435
f 1354 1437 1436
f 1355 1438 1437
f 1356 1439 1438
f 1357 1440 1439
f 1358 1441 1440
f 1359 1442 1441
f 1360 1443 1442
f 1361 1444 1443
f 1362 1445 1444
f 1363 1446 1445
f 1364 1447 1446
f 1365 1448 1447
f 1366 1449 1448
f 1367 1450 1449
f 1368 1451 1450
f 1369 1452 1451
f 1370 1453 1452
f 1371 1454 1453
f 1374 1458 1457
f 1375 1459 1458
f 1376 1460 1459
f 1377 1461 1460
f 1378 1462 1461
f 1379 1463 1462
f 1380 1464 1463
f 1381 1465 1464
f 1382 1466 1465
f 1383 1467 1466
f 1384 1468 1467
f 1385 1469 1468
f 1386 1470 1469
f 1387 1471 1470
f 1388 1472 1471
f 1389 1473 1472
f 1390 1474 1473
f 1391 1475 1474
f 1392 1476 1475
f 1393 1477 1476
f 1394 1478 1477
f 1395 1479 1478
f 1396 1480 1479
f 1397 1481 1480
f 1398 1482 1481
f 1399 1483 1482
f 1400 1484 1483
f 1401 1485 1484
f 1402 1486 1485
f 1403 1487 1486
f 1404 1488 1487
f 1405 1489 1488
f 1406 1490 1489
f 1407 1491 1490
f 1408 1492 1491
f 1409 1493 1492
f 1410 1494 1493
f 1411 1495 1494
f 1414 1497 1496
f 1415 1498 1497
f 1416 1499 1498
f 1417 1500 1499
f 1418 1501 1500
f 1419 1502 1501
f 1420 1503 1502
f 1421 1504 1503
f 1422 1505 1504
f 1423 1506 1505
f 1424 1507 1506
f 1425 1508 1507
f 1426 1509 1508
f 1427 1510 1509
f 1428 1511 1510
f 1429 1512 1511
f 1430 1513 1512
f 1431 1514 1513
f 1432 1515 1514
f 1433 1516 1515
f 1434 1517 1516
f 1435 1518 1517
f 1436 1519 1518
f 1437 1520 1519
f 1438 1521 1520
f 1439 1522 1521
f 1440 1523 1522
f 1441 1524 1523
f 1442 1525 1524
f 1443 1526 1525
f 1444 1527 1526
f 1445 1528 1527
f 1446 1529 1528
f 1447 1530 1529
f 1448 1531 1530
f 1449 1532 1531
f 1450 1533 1532
f 1451 1534 1533
f 1452 1535 1534
f 1453 1536 1535
f 1454 1537 1536
f 1455 1538 1537
f 1460 1540 1539
f 1461 1541 1540
f 1462 1542 1541
f 1463 1543 1542
f 1464 1544 1543
f 1465 1545 1544
f 1466 1546 1545
f 1467 1547 1546
f 1468 1548 1547
f 1469 1549 1548
f 1470 1550 1549
f 1471 1551 1550
f 1472 1552 1551
f 1473 1553 1552
f 1474 1554 1553
f 1475 1555 1554
f 1476 1556 1555
f 1477 1557 1556
f 1478 1558 1557
f 1479 1559 1558
f 1480 1560 1559
f 1481 1561 1560
f 1482 1562 1561
f 1483 1563 1562
f 1484 1564 1563
f 1485 1565 1564
f 1486 1566 1565
f 1487 1567 1566
f 1488 1568 1567
f 1489 1569 1568
f 1496 1571 1570
f 1497 1572 1571
f 1498 1573 1572
f 1499 1574 1573
f 1500 1575 1574
f 1501 1576 1575
f 1502 1577 1576
f 1503 1578 1577
f 1504 1579 1578
f 1505 1580 1579
f 1506 1581 1580
f 1507 1582 1581
f 1508 1583 1582
f 1509 1584 1583
f 1510 1585 1584
f 1511 1586 1585
f 1512 1587 1586
f 1513 1588 1587
f 1514 1589 1588
f 1515 1590 1589
f 1516 1591 1590
f 1517 1592 1591
f 1518 1593 1592
f 1519 1594 1593
f 1520 1595 1594
f 1521 1596 1595
f 1522 1597 1596
f 1523 1598 1597
f 1524 1599 1598
f 1525 1600 1599
f 1526 1601 1600
f 1527 1602 1601
f 1528 1603 1602
f 1529 1604 1603
f 1530 1605 1604
f 1531 1606 1605
f 1532 1607 1606
f 1533 1608 1607
f 1534 1609 1608
f 1535 1610 1609
f 1536 1611 1610
f 1537 1612 1611
f 1538 1613 1612
f 1545 1616 1615
f 1546 1617 1616
f 1547 1618 1617
f 1548 1619 1618
f 1549 1620 1619
f 1550 1621 1620
f 1551 1622 1621
f 1552 1623 1622
f 1553 1624 1623
f 1554 1625 1624
f 1555 1626 1625
f 1556 1627 1626
f 1557 1628 1627
f 1558 1629 1628
f 1559 1630 1629
f 1560 1631 1630
f 1561 1632 1631
f 1562 1633 1632
f 1563 1634 1633
f 1564 1635 1634
f 1565 1636 1635
f 1566 1637 1636
f 1571 1640 1639
f 1572 1641 1640
f 1586 1645 1644
f 1587 1646 1645
f 1588 1647 1646
f 1589 1648 1647
f 1590 1649 1648
f 1591 1650 1649
f 1592 1651 1650
f 1593 1652 1651
f 1594 1653 1652
f 1595 1654 1653
f 1596 1655 1654
f 1597 1656 1655
f 1598 1657 1656
f 1599 1658 1657
f 1600 1659 1658
f 1601 1660 1659
f 1602 1661 1660
f 1603 1662 1661
f 1606 1665 1664
f 1607 1666 1665
f 1608 1667 1666
f 1609 1668 1667
f 1610 1669 1668
f 1611 1670 1669
f 1612 1671 1670
f 1613 1672 1671
f 1615 1674 1673
f 1616 1675 1674
f 1617 1676 1675
f 1618 1677 1676
f 1619 1678 1677
f 1620 1679 1678
f 1621 1680 1679
f 1622 1681 1680
f 1623 1682 1681
f 1624 1683 1682
f 1625 1684 1683
f 1626 1685 1684
f 1627 1686 1685
f 1628 1687 1686
f 1629 1688 1687
f 1630 1689 1688
f 1631 1690 1689
f 1632 1691 1690
f 1633 1692 1691
f 1634 1693 1692
f 1635 1694 1693
f 1639 1696 1695
f 1640 1697 1696
f 1641 1698 1697
f 1668 1707 1706
f 1669 1708 1707
f 1670 1709 1708
f 1671 1710 1709
f 1672 1711 1710
f 1674 1713 1712
f 1675 1714 1713
f 1676 1715 1714
f 1677 1716 1715
f 1678 1717 1716
f 1679 1718 1717
f 1680 1719 1718
f 1681 1720 1719
f 1682 1721 1720
f 1683 1722 1721
f 1684 1723 1722
f 1685 1724 1723
f 1686 1725 1724
f 1687 1726 1725
f 1688 1727 1726
f 1689 1728 1727
f 1690 1729 1728
f 1691 1730 1729
f 1696 1732 1731
f 1697 1733 1732
f 1698 1734 1733
f 1708 1736 1735
f 1709 1737 1736
f 1710 1738 1737
f 1711 1739 1738
f 1714 1741 1740
f 1715 1742 1741
f 1716 1743 1742
f 1717 1744 1743
f 1718 1745 1744
f 1719 1746 1745
f 1720 1747 1746
f 1721 1748 1747
f 1722 1749 1748
f 1723 1750 1749
f 1724 1751 1750
f 1725 1752 1751
f 1726 1753 1752
f 1727 1754 1753
f 1728 1755 1754
f 1729 1756 1755
f 1732 1759 1758
f 1733 1760 1759
f 1734 1761 1760
f 1737 1763 1762
f 1738 1764 1763
f 1739 1765 1764
f 1743 1768 1767
f 1744 1769 1768
f 1745 1770 1769
f 1746 1771 1770
f 1747 1772 1771
f 1748 1773 1772
f 1749 1774 1773
f 1750 1775 1774
f 1751 1776 1775
f 1752 1777 1776
f 1753 1778 1777
f 1754 1779 1778
f 1755 1780 1779
f 1756 1781 1780
f 1759 1783 1782
f 1760 1784 1783
f 1764 1786 1785
f 1765 1787 1786
f 1771 1790 1789
f 1772 1791 1790
f 1773 1792 1791
f 1774 1793 1792
f 1775 1794 1793
f 1776 1795 1794
f 1777 1796 1795
f 1778 1797 1796
f 1779 1798 1797
f 1780 1799 1798
f 1781 1800 1799
f 1783 1804 1803
f 1786 1807 1806
f 1787 1808 1807
f 1792 1810 1809
f 1793 1811 1810
f 1794 1812 1811
f 1795 1813 1812
f 1796 1814 1813
f 1797 1815 1814
f 1798 1816 1815
f 1799 1817 1816
f 1800 1818 1817
f 1801 1819 1818
f 1802 1820 1819
f 1803 1822 1821
f 1804 1823 1822
f 1808 1825 1824
f 1826 1827 1832
f 1827 1828 1833
f 1828 1829 1834
f 1829 1830 1835
f 1831 1832 1845
f 1832 1833 1846
f 1833 1834 1847
f 1834 1835 1848
f 1835 1836 1849
f 1836 1837 1850
f 1837 1838 1851
f 1838 1839 1852
f 1839 1840 1853
f 1842 1843 1862
f 1844 1845 1867
f 1845 1846 1868
f 1846 1847 1869
f 1847 1848 1870
f 1848 1849 1871
f 1849 1850 1872
f 1850 1851 1873
f 1851 1852 1874
f 1852 1853 1875
f 1853 1854 1876
f 1854 1855 1877
f 1855 1856 1878
f 1856 1857 1879
f 1857 1858 1880
f 1858 1859 1881
f 1859 1860 1882
f 1860 1861 1883
f 1861 1862 1884
f 1862 1863 1885
f 1865 1866 1890
f 1866 1867 1891
f 1867 1868 1892
f 1868 1869 1893
f 1869 1870 1894
f 1870 1871 1895
f 1871 1872 1896
f 1872 1873 1897
f 1873 1874 1898
f 1874 1875 1899
f 1875 1876 1900
f 1876 1877 1901
f 1877 1878 1902
f 1878 1879 1903
f 1879 1880 1904
f 1880 1881 1905
f 1881 1882 1906
f 1882 1883 1907
f 1883 1884 1908
f 1884 1885 1909
f 1885 1886 1910
f 1886 1887 1911
f 1888 1889 1914
f 1889 1890 1915
f 1890 1891 1916
f 1891 1892 1917
f 1892 1893 1918
f 1893 1894 1919
f 1894 1895 1920
f 1895 1896 1921
f 1896 1897 1922
f 1897 1898 1923
f 1898 1899 1924
f 1899 1900 1925
f 1900 1901 1926
f 1901 1902 1927
f 1902 1903 1928
f 1903 1904 1929
f 1904 1905 1930
f 1905 1906 1931
f 1906 1907 1932
f 1907 1908 1933
f 1908 1909 1934
f 1909 1910 1935
f 1910 1911 1936
f 1911 1912 1937
f 1913 1914 1939
f 1914 1915 1940
f 1915 1916 1941
f 1916 1917 1942
f 1917 1918 1943
f 1918 1919 1944
f 1919 1920 1945
f 1920 1921 1946
f 1921 1922 1947
f 1922 1923 1948
f 1923 1924 1949
f 1924 1925 1950
f 1925 1926 1951
f 1926 1927 1952
f 1927 1928 1953
f 1928 1929 1954
f 1929 1930 1955
f 1930 1931 1956
f 1931 1932 1957
f 1932 1933 1958
f 1933 1934 1959
f 1934 1935 1960
f 1935 1936 1961
f 1936 1937 1962
f 1938 1939 1966
f 1939 1940 1967
f 1940 1941 1968
f 1941 1942 1969
f 1942 1943 1970
f 1943 1944 1971
f 1944 1945 1972
f 1945 1946 1973
f 1946 1947 1974
f 1947 1948 1975
f 1948 1949 1976
f 1949 1950 1977
f 1950 1951 1978
f 1951 1952 1979
f 1952 1953 1980
f 1953 1954 1981
f 1954 1955 1982
f 1955 1956 1983
f 1956 1957 1984
f 1957 1958 1985
f 1958 1959 1986
f 1959 1960 1987
f 1960 1961 1988
f 1961 1962 1989
f 1962 1963 1990
f 1964 1965 1993
f 1965 1966 1994
f 1966 1967 1995
f 1967 1968 1996
f 1968 1969 1997
f 1969 1970 1998
f 1970 1971 1999
f 1971 1972 2000
f 1972 1973 2001
f 1973 1974 2002
f 1974 1975 2003
f 1975 1976 2004
f 1976 1977 2005
f 1977 1978 2006
f 1978 1979 2007
f 1979 1980 2008
f 1980 1981 2009
f 1981 1982 2010
f 1982 1983 2011
f 1983 1984 2012
f 1984 1985 2013
f 1985 1986 2014
f 1986 1987 2015
f 1987 1988 2016
f 1988 1989 2017
f 1989 1990 2018
f 1990 1991 2019
f 1992 1993 2023
f 1993 1994 2024
f 1994 1995 2025
f 1995 1996 2026
f 1996 1997 2027
f 1997 1998 2028
f 1998 1999 2029
f 1999 2000 2030
f 2000 2001 2031
f 2001 2002 2032
f 2002 2003 2033
f 2003 2004 2034
f 2004 2005 2035
f 2005 2006 2036
f 2006 2007 2037
f 2007 2008 2038
f 2008 2009 2039
f 2009 2010 2040
f 2010 2011 2041
f 2011 2012 2042
f 2012 2013 2043
f 2013 2014 2044
f 2014 2015 2045
f 2015 2016 2046
f 2016 2017 2047
f 2017 2018 2048
f 2018 2019 2049
f 2021 2022 2054
f 2022 2023 2055
f 2023 2024 2056
f 2024 2025 2057
f 2025 2026 2058
f 2026 2027 2059
f 2027 2028 2060
f 2028 2029 2061
f 2029 2030 2062
f 2030 2031 2063
f 2031 2032 2064
f 2032 2033 2065
f 2033 2034 2066
f 2034 2035 2067
f 2035 2036 2068
f 2036 2037 2069
f 2037 2038 2070
f 2038 2039 2071
f 2039 2040 2072
f 2040 2041 2073
f 2041 2042 2074
f 2042 2043 2075
f 2043 2044 2076
f 2044 2045 2077
f 2045 2046 2078
f 2046 2047 2079
f 2047 2048 2080
f 2048 2049 2081
f 2049 2050 2082
f 2051 2052 2085
f 2052 2053 2086
f 2053 2054 2087
f 2054 2055 2088
f 2055 2056 2089
f 2056 2057 2090
f 2057 2058 2091
f 2058 2059 2092
f 2059 2060 2093
f 2060 2061 2094
f 2061 2062 2095
f 2062 2063 2096
f 2063 2064 2097
f 2064 2065 2098
f 2065 2066 2099
f 2066 2067 2100
f 2067 2068 2101
f 2068 2069 2102
f 2069 2070 2103
f 2070 2071 2104
f 2071 2072 2105
f 2072 2073 2106
f 2073 2074 2107
f 2074 2075 2108
f 2075 2076 2109
f 2076 2077 2110
f 2077 2078 2111
f 2078 2079 2112
f 2079 2080 2113
f 2080 2081 2114
f 2081 2082 2115
f 2082 2083 2116
f 2084 2085 2119
f 2085 2086 2120
f 2086 2087 2121
f 2087 2088 2122
f 2088 2089 2123
f 2089 2090 2124
f 2090 2091 2125
f 2091 2092 2126
f 2092 2093 2127
f 2093 2094 2128
f 2094 2095 2129
f 2095 2096 2130
f 2096 2097 2131
f 2097 2098 2132
f 2098 2099 2133
f 2099 2100 2134
f 2100 2101 2135
f 2101 2102 2136
f 2102 2103 2137
f 2103 2104 2138
f 2104 2105 2139
f 2105 2106 2140
f 2106 2107 2141
f 2107 2108 2142
f 2108 2109 2143
f 2109 2110 2144
f 2110 2111 2145
f 2111 2112 2146
f 2112 2113 2147
f 2113 2114 2148
f 2114 2115 2149
f 2115 2116 2150
f 2116 2117 2151
f 2118 2119 2156
f 2119 2120 2157
f 2120 2121 2158
f 2121 2122 2159
f 2122 2123 2160
f 2123 2124 2161
f 2124 2125 2162
f 2125 2126 2163
f 2126 2127 2164
f 2127 2128 2165
f 2128 2129 2166
f 2129 2130 2167
f 2130 2131 2168
f 2131 2132 2169
f 2132 2133 2170
f 2133 2134 2171
f 2134 2135 2172
f 2135 2136 2173
f 2136 2137 2174
f 2137 2138 2175
f 2138 2139 2176
f 2139 2140 2177
f 2140 2141 2178
f 2141 2142 2179
f 2142 2143 2180
f 2143 2144 2181
f 2144 2145 2182
f 2145 2146 2183
f 2146 2147 2184
f 2147 2148 2185
f 2148 2149 2186
f 2149 2150 2187
f 2150 2151 2188
f 2151 2152 2189
f 2153 2154 2192
f 2154 2155 2193
f 2155 2156 2194
f 2156 2157 2195
f 2157 2158 2196
f 2158 2159 2197
f 2159 2160 2198
f 2160 2161 2199
f 2161 2162 2200
f 2162 2163 2201
f 2163 2164 2202
f 2164 2165 2203
f 2165 2166 2204
f 2166 2167 2205
f 2167 2168 2206
f 2168 2169 2207
f 2169 2170 2208
f 2170 2171 2209
f 2171 2172 2210
f 2172 2173 2211
f 2173 2174 2212
f 2174 2175 2213
f 2175 2176 2214
f 2176 2177 2215
f 2177 2178 2216
f 2178 2179 2217
f 2179 2180 2218
f 2180 2181 2219
f 2181 2182 2220
f 2182 2183 2221
f 2183 2184 2222
f 2184 2185 2223
f 2185 2186 2224
f 2186 2187 2225
f 2187 2188 2226
f 2188 2189 2227
f 2189 2190 2228
f 2191 2192 2236
f 2192 2193 2237
f 2193 2194 2238
f 2194 2195 2239
f 2195 2196 2240
f 2196 2197 2241
f 2197 2198 2242
f 2198 2199 2243
f 2199 2200 2244
f 2200 2201 2245
f 2201 2202 2246
f 2202 2203 2247
f 2203 2204 2248
f 2204 2205 2249
f 2205 2206 2250
f 2206 2207 2251
f 2207 2208 2252
f 2208 2209 2253
f 2209 2210 2254
f 2210 2211 2255
f 2211 2212 2256
f 2212 2213 2257
f 2213 2214 2258
f 2214 2215 2259
f 2215 2216 2260
f 2216 2217 2261
f 2217 2218 2262
f 2218 2219 2263
f 2219 2220 2264
f 2220 2221 2265
f 2221 2222 2266
f 2222 2223 2267
f 2223 2224 2268
f 2224 2225 2269
f 2225 2226 2270
f 2226 2227 2271
f 2227 2228 2272
f 2228 2229 2273
f 2230 2231 2276
f 2231 2232 2277
f 2235 2236 2288
f 2236 2237 2289
f 2237 2238 2290
f 2238 2239 2291
f 2239 2240 2292
f 2240 2241 2293
f 2241 2242 2294
f 2242 2243 2295
f 2243 2244 2296
f 2244 2245 2297
f 2245 2246 2298
f 2246 2247 2299
f 2247 2248 2300
f 2248 2249 2301
f 2249 2250 2302
f 2250 2251 2303
f 2251 2252 2304
f 2252 2253 2305
f 2253 2254 2306
f 2254 2255 2307
f 2255 2256 2308
f 2256 2257 2309
f 2257 2258 2310
f 2258 2259 2311
f 2259 2260 2312
f 2260 2261 2313
f 2261 2262 2314
f 2262 2263 2315
f 2263 2264 2316
f 2264 2265 2317
f 2265 2266 2318
f 2266 2267 2319
f 2267 2268 2320
f 2268 2269 2321
f 2269 2270 2322
f 2270 2271 2323
f 2271 2272 2324
f 2272 2273 2325
f 2273 2274 2326
f 2275 2276 2334
f 2276 2277 2335
f 2277 2278 2336
f 2278 2279 2337
f 2279 2280 2338
f 2280 2281 2339
f 2281 2282 2340
f 2282 2283 2341
f 2283 2284 2342
f 2284 2285 2343
f 2285 2286 2344
f 2286 2287 2345
f 2288 2289 2353
f 2289 2290 2354
f 2290 2291 2355
f 2291 2292 2356
f 2292 2293 2357
f 2293 2294 2358
f 2294 2295 2359
f 2295 2296 2360
f 2296 2297 2361
f 2297 2298 2362
f 2298 2299 2363
f 2299 2300 2364
f 2300 2301 2365
f 2301 2302 2366
f 2302 2303 2367
f 2303 2304 2368
f 2304 2305 2369
f 2305 2306 2370
f 2306 2307 2371
f 2307 2308 2372
f 2308 2309 2373
f 2309 2310 2374
f 2310 2311 2375
f 2311 2312 2376
f 2312 2313 2377
f 2313 2314 2378
f 2314 2315 2379
f 2315 2316 2380
f 2316 2317 2381
f 2317 2318 2382
f 2318 2319 2383
f 2319 2320 2384
f 2320 2321 2385
f 2321 2322 2386
f 2322 2323 2387
f 2323 2324 2388
f 2324 2325 2389
f 2325 2326 2390
f 2326 2327 2391
f 2328 2329 2394
f 2329 2330 2395
f 2330 2331 2396
f 2331 2332 2397
f 2334 2335 2402
f 2335 2336 2403
f 2336 2337 2404
f 2337 2338 2405
f 2338 2339 2406
f 2339 2340 2407
f 2340 2341 2408
f 2341 2342 2409
f 2342 2343 2410
f 2343 2344 2411
f 2344 2345 2412
f 2345 2346 2413
f 2346 2347 2414
f 2347 2348 2415
f 2348 2349 2416
f 2349 2350 2417
f 2350 2351 2418
f 2351 2352 2419
f 2353 2354 2427
f 2354 2355 2428
f 2355 2356 2429
f 2356 2357 2430
f 2357 2358 2431
f 2358 2359 2432
f 2359 2360 2433
f 2360 2361 2434
f 2361 2362 2435
f 2362 2363 2436
f 2363 2364 2437
f 2364 2365 2438
f 2365 2366 2439
f 2366 2367 2440
f 2367 2368 2441
f 2368 2369 2442
f 2369 2370 2443
f 2370 2371 2444
f 2371 2372 2445
f 2372 2373 2446
f 2373 2374 2447
f 2374 2375 2448
f 2375 2376 2449
f 2376 2377 2450
f 2377 2378 2451
f 2378 2379 2452
f 2379 2380 2453
f 2380 2381 2454
f 2381 2382 2455
f 2382 2383 2456
f 2383 2384 2457
f 2384 2385 2458
f 2385 2386 2459
f 2386 2387 2460
f 2387 2388 2461
f 2388 2389 2462
f 2389 2390 2463
f 2390 2391 2464
f 2391 2392 2465
f 2393 2394 2469
f 2394 2395 2470
f 2395 2396 2471
f 2396 2397 2472
f 2397 2398 2473
f 2398 2399 2474
f 2399 2400 2475
f 2402 2403 2478
f 2403 2404 2479
f 2404 2405 2480
f 2405 2406 2481
f 2406 2407 2482
f 2407 2408 2483
f 2408 2409 2484
f 2409 2410 2485
f 2410 2411 2486
f 2411 2412 2487
f 2412 2413 2488
f 2413 2414 2489
f 2414 2415 2490
f 2415 2416 2491
f 2416 2417 2492
f 2417 2418 2493
f 2418 2419 2494
f 2419 2420 2495
f 2420 2421 2496
f 2421 2422 2497
f 2422 2423 2498
f 2423 2424 2499
f 2424 2425 2500
f 2425 2426 2501
f 2427 2428 2505
f 2428 2429 2506
f 2429 2430 2507
f 2430 2431 2508
f 2431 2432 2509
f 2432 2433 2510
f 2433 2434 2511
f 2434 2435 2512
f 2435 2436 2513
f 2436 2437 2514
f 2437 2438 2515
f 2438 2439 2516
f 2439 2440 2517
f 2440 2441 2518
f 2441 2442 2519
f 2442 2443 2520
f 2443 2444 2521
f 2444 2445 2522
f 2445 2446 2523
f 2446 2447 2524
f 2447 2448 2525
f 2448 2449 2526
f 2449 2450 2527
f 2450 2451 2528
f 2451 2452 2529
f 2452 2453 2530
f 2453 2454 2531
f 2454 2455 2532
f 2455 2456 2533
f 2456 2457 2534
f 2457 2458 2535
f 2458 2459 2536
f 2459 2460 2537
f 2460 2461 2538
f 2461 2462 2539
f 2462 2463 2540
f 2463 2464 2541
f 2464 2465 2542
f 2465 2466 2543
f 2466 2467 2544
f 2467 2468 2545
f 2468 2469 2546
f 2469 2470 2547
f 2470 2471 2548
f 2471 2472 2549
f 2472 2473 2550
f 2473 2474 2551
f 2474 2475 2552
f 2475 2476 2553
f 2476 2477 2554
f 2478 2479 2561
f 2479 2480 2562
f 2480 2481 2563
f 2481 2482 2564
f 2482 2483 2565
f 2483 2484 2566
f 2484 2485 2567
f 2485 2486 2568
f 2486 2487 2569
f 2487 2488 2570
f 2488 2489 2571
f 2489 2490 2572
f 2490 2491 2573
f 2491 2492 2574
f 2492 2493 2575
f 2493 2494 2576
f 2494 2495 2577
f 2495 2496 2578
f 2496 2497 2579
f 2497 2498 2580
f 2498 2499 2581
f 2499 2500 2582
f 2500 2501 2583
f 2501 2502 2584
f 2502 2503 2585
f 2504 2505 2587
f 2505 2506 2588
f 2506 2507 2589
f 2507 2508 2590
f 2508 2509 2591
f 2509 2510 2592
f 2510 2511 2593
f 2511 2512 2594
f 2512 2513 2595
f 2513 2514 2596
f 2514 2515 2597
f 2515 2516 2598
f 2516 2517 2599
f 2517 2518 2600
f 2518 2519 2601
f 2519 2520 2602
f 2520 2521 2603
f 2521 2522 2604
f 2522 2523 2605
f 2523 2524 2606
f 2524 2525 2607
f 2525 2526 2608
f 2526 2527 2609
f 2527 2528 2610
f 2528 2529 2611
f 2529 2530 2612
f 2530 2531 2613
f 2531 2532 2614
f 2532 2533 2615
f 2533 2534 2616
f 2534 2535 2617
f 2535 2536 2618
f 2536 2537 2619
f 2537 2538 2620
f 2538 2539 2621
f 2539 2540 2622
f 2540 2541 2623
f 2541 2542 2624
f 2542 2543 2625
f 2543 2544 2626
f 2544 2545 2627
f 2545 2546 2628
f 2546 2547 2629
f 2547 2548 2630
f 2548 2549 2631
f 2549 2550 2632
f 2550 2551 2633
f 2551 2552 2634
f 2552 2553 2635
f 2553 2554 2636
f 2554 2555 2637
f 2560 2561 2644
f 2561 2562 2645
f 2562 2563 2646
f 2563 2564 2647
f 2564 2565 2648
f 2565 2566 2649
f 2566 2567 2650
f 2567 2568 2651
f 2568 2569 2652
f 2569 2570 2653
f 2570 2571 2654
f 2571 2572 2655
f 2572 2573 2656
f 2573 2574 2657
f 2574 2575 2658
f 2575 2576 2659
f 2576 2577 2660
f 2577 2578 2661
f 2578 2579 2662
f 2579 2580 2663
f 2580 2581 2664
f 2581 2582 2665
f 2582 2583 2666
f 2583 2584 2667
f 2584 2585 2668
f 2585 2586 2669
f 2588 2589 2671
f 2589 2590 2672
f 2590 2591 2673
f 2591 2592 2674
f 2592 2593 2675
f 2593 2594 2676
f 2594 2595 2677
f 2595 2596 2678
f 2596 2597 2679
f 2597 2598 2680
f 2598 2599 2681
f 2599 2600 2682
f 2600 2601 2683
f 2601 2602 2684
f 2602 2603 2685
f 2603 2604 2686
f 2604 2605 2687
f 2605 2606 2688
f 2606 2607 2689
f 2607 2608 2690
f 2608 2609 2691
f 2609 2610 2692
f 2610 2611 2693
f 2611 2612 2694
f 2612 2613 2695
f 2613 2614 2696
f 2614 2615 2697
f 2615 2616 2698
f 2616 2617 2699
f 2617 2618 2700
f 2618 2619 2701
f 2619 2620 2702
f 2620 2621 2703
f 2621 2622 2704
f 2622 2623 2705
f 2623 2624 2706
f 2624 2625 2707
f 2625 2626 2708
f 2626 2627 2709
f 2627 2628 2710
f 2628 2629 2711
f 2629 2630 2712
f 2630 2631 2713
f 2631 2632 2714
f 2632 2633 2715
f 2633 2634 2716
f 2634 2635 2717
f 2635 2636 2718
f 2636 2637 2719
f 2637 2638 2720
f 2639 2640 2722
f 2640 2641 2723
f 2641 2642 2724
f 2642 2643 2725
f 2643 2644 2726
f 2644 2645 2727
f 2645 2646 2728
f 2646 2647 2729
f 2647 2648 2730
f 2648 2649 2731
f 2649 2650 2732
f 2650 2651 2733
f 2651 2652 2734
f 2652 2653 2735
f 2653 2654 2736
f 2654 2655 2737
f 2655 2656 2738
f 2656 2657 2739
f 2657 2658 2740
f 2658 2659 2741
f 2659 2660 2742
f 2660 2661 2743
f 2661 2662 2744
f 2662 2663 2745
f 2663 2664 2746
f 2664 2665 2747
f 2665 2666 2748
f 2666 2667 2749
f 2667 2668 2750
f 2668 2669 2751
f 2669 2670 2752
f 2673 2674 2755
f 2674 2675 2756
f 2675 2676 2757
f 2676 2677 2758
f 2677 2678 2759
f 2678 2679 2760
f 2679 2680 2761
f 2680 2681 2762
f 2681 2682 2763
f 2682 2683 2764
f 2683 2684 2765
f 2684 2685 2766
f 2685 2686 2767
f 2686 2687 2768
f 2687 2688 2769
f 2688 2689 2770
f 2689 2690 2771
f 2690 2691 2772
f 2691 2692 2773
f 2692 2693 2774
f 2693 2694 2775
f 2694 2695 2776
f 2695 2696 2777
f 2696 2697 2778
f 2697 2698 2779
f 2698 2699 2780
f 2699 2700 2781
f 2700 2701 2782
f 2701 2702 2783
f 2702 2703 2784
f 2703 2704 2785
f 2704 2705 2786
f 2705 2706 2787
f 2706 2707 2788
f 2707 2708 2789
f 2708 2709 2790
f 2709 2710 2791
f 2710 2711 2792
f 2711 2712 2793
f 2712 2713 2794
f 2713 2714 2795
f 2714 2715 2796
f 2715 2716 2797
f 2716 2717 2798
f 2717 2718 2799
f 2718 2719 2800
f 2719 2720 2801
f 2720 2721 2802
f 2722 2723 2804
f 2723 2724 2805
f 2724 2725 2806
f 2725 2726 2807
f 2726 2727 2808
f 2727 2728 2809
f 2728 2729 2810
f 2729 2730 2811
f 2730 2731 2812
f 2731 2732 2813
f 2732 2733 2814
f 2733 2734 2815
f 2734 2735 2816
f 2735 2736 2817
f 2736 2737 2818
f 2737 2738 2819
f 2738 2739 2820
f 2739 2740 2821
f 2740 2741 2822
f 2741 2742 2823
f 2742 2743 2824
f 2743 2744 2825
f 2744 2745 2826
f 2745 2746 2827
f 2746 2747 2828
f 2747 2748 2829
f 2748 2749 2830
f 2749 2750 2831
f 2750 2751 2832
f 2751 2752 2833
f 2752 2753 2834
f 2753 2754 2835
f 2757 2758 2837
f 2758 2759 2838
f 2759 2760 2839
f 2760 2761 2840
f 2761 2762 2841
f 2762 2763 2842
f 2763 2764 2843
f 2764 2765 2844
f 2765 2766 2845
f 2766 2767 2846
f 2767 2768 2847
f 2768 2769 2848
f 2769 2770 2849
f 2770 2771 2850
f 2771 2772 2851
f 2772 2773 2852
f 2773 2774 2853
f 2774 2775 2854
f 2775 2776 2855
f 2776 2777 2856
f 2777 2778 2857
f 2778 2779 2858
f 2779 2780 2859
f 2780 2781 2860
f 2781 2782 2861
f 2782 2783 2862
f 2783 2784 2863
f 2784 2785 2864
f 2785 2786 2865
f 2786 2787 2866
f 2787 2788 2867
f 2788 2789 2868
f 2789 2790 2869
f 2790 2791 2870
f 2791 2792 2871
f 2792 2793 2872
f 2793 2794 2873
f 2794 2795 2874
f 2795 2796 2875
f 2796 2797 2876
f 2797 2798 2877
f 2798 2799 2878
f 2799 2800 2879
f 2800 2801 2880
f 2801 2802 2881
f 2802 2803 2882
f 2805 2806 2885
f 2806 2807 2886
f 2807 2808 2887
f 2808 2809 2888
f 2809 2810 2889
f 2810 2811 2890
f 2811 2812 2891
f 2812 2813 2892
f 2813 2814 2893
f 2814 2815 2894
f 2815 2816 2895
f 2816 2817 2896
f 2817 2818 2897
f 2818 2819 2898
f 2819 2820 2899
f 2820 2821 2900
f 2821 2822 2901
f 2822 2823 2902
f 2823 2824 2903
f 2824 2825 2904
f 2825 2826 2905
f 2826 2827 2906
f 2827 2828 2907
f 2828 2829 2908
f 2829 2830 2909
f 2830 2831 2910
f 2831 2832 2911
f 2832 2833 2912
f 2833 2834 2913
f 2834 2835 2914
f 2835 2836 2915
f 2840 2841 2917
f 2841 2842 2918
f 2842 2843 2919
f 2843 2844 2920
f 2844 2845 2921
f 2845 2846 2922
f 2846 2847 2923
f 2847 2848 2924
f 2848 2849 2925
f 2849 2850 2926
f 2850 2851 2927
f 2851 2852 2928
f 2852 2853 2929
f 2853 2854 2930
f 2854 2855 2931
f 2855 2856 2932
f 2856 2857 2933
f 2857 2858 2934
f 2858 2859 2935
f 2859 2860 2936
f 2860 2861 2937
f 2861 2862 2938
f 2862 2863 2939
f 2863 2864 2940
f 2864 2865 2941
f 2865 2866 2942
f 2866 2867 2943
f 2867 2868 2944
f 2868 2869 2945
f 2869 2870 2946
f 2870 2871 2947
f 2871 2872 2948
f 2872 2873 2949
f 2873 2874 2950
f 2874 2875 2951
f 2875 2876 2952
f 2876 2877 2953
f 2877 2878 2954
f 2878 2879 2955
f 2879 2880 2956
f 2880 2881 2957
f 2881 2882 2958
f 2882 2883 2959
f 2885 2886 2963
f 2886 2887 2964
f 2887 2888 2965
f 2888 2889 2966
f 2889 2890 2967
f 2890 2891 2968
f 2891 2892 2969
f 2892 2893 2970
f 2893 2894 2971
f 2894 2895 2972
f 2895 2896 2973
f 2896 2897 2974
f 2897 2898 2975
f 2898 2899 2976
f 2899 2900 2977
f 2900 2901 2978
f 2901 2902 2979
f 2902 2903 2980
f 2903 2904 2981
f 2904 2905 2982
f 2905 2906 2983
f 2906 2907 2984
f 2907 2908 2985
f 2908 2909 2986
f 2909 2910 2987
f 2910 2911 2988
f 2911 2912 2989
f 2912 2913 2990
f 2913 2914 2991
f 2914 2915 2992
f 2915 2916 2993
f 2919 2920 2996
f 2920 2921 2997
f 2921 2922 2998
f 2922 2923 2999
f 2923 2924 3000
f 2924 2925 3001
f 2925 2926 3002
f 2926 2927 3003
f 2927 2928 3004
f 2928 2929 3005
f 2929 2930 3006
f 2930 2931 3007
f 2931 2932 3008
f 2932 2933 3009
f 2933 2934 3010
f 2934 2935 3011
f 2935 2936 3012
f 2936 2937 3013
f 2937 2938 3014
f 2938 2939 3015
f 2939 2940 3016
f 2940 2941 3017
f 2941 2942 3018
f 2942 2943 3019
f 2943 2944 3020
f 2944 2945 3021
f 2945 2946 3022
f 2946 2947 3023
f 2947 2948 3024
f 2948 2949 3025
f 2949 2950 3026
f 2950 2951 3027
f 2951 2952 3028
f 2952 2953 3029
f 2953 2954 3030
f 2954 2955 3031
f 2955 2956 3032
f 2956 2957 3033
f 2957 2958 3034
f 2958 2959 3035
f 2959 2960 3036
f 2961 2962 3038
f 2962 2963 3039
f 2963 2964 3040
f 2964 2965 3041
f 2965 2966 3042
f 2966 2967 3043
f 2967 2968 3044
f 2968 2969 3045
f 2969 2970 3046
f 2970 2971 3047
f 2971 2972 3048
f 2972 2973 3049
f 2973 2974 3050
f 2974 2975 3051
f 2975 2976 3052
f 2976 2977 3053
f 2977 2978 3054
f 2978 2979 3055
f 2979 2980 3056
f 2980 2981 3057
f 2981 2982 3058
f 2982 2983 3059
f 2983 2984 3060
f 2984 2985 3061
f 2985 2986 3062
f 2986 2987 3063
f 2987 2988 3064
f 2988 2989 3065
f 2989 2990 3066
f 2990 2991 3067
f 2991 2992 3068
f 2992 2993 3069
f 2993 2994 3070
f 2994 2995 3071
f 2996 2997 3073
f 2997 2998 3074
f 2998 2999 3075
f 2999 3000 3076
f 3000 3001 3077
f 3001 3002 3078
f 3002 3003 3079
f 3003 3004 3080
f 3004 3005 3081
f 3005 3006 3082
f 3006 3007 3083
f 3007 3008 3084
f 3008 3009 3085
f 3009 3010 3086
f 3010 3011 3087
f 3011 3012 3088
f 3012 3013 3089
f 3013 3014 3090
f 3014 3015 3091
f 3015 3016 3092
f 3016 3017 3093
f 3017 3018 3094
f 3018 3019 3095
f 3019 3020 3096
f 3020 3021 3097
f 3021 3022 3098
f 3022 3023 3099
f 3023 3024 3100
f 3024 3025 3101
f 3025 3026 3102
f 3026 3027 3103
f 3027 3028 3104
f 3028 3029 3105
f 3029 3030 3106
f 3030 3031 3107
f 3031 3032 3108
f 3032 3033 3109
f 3033 3034 3110
f 3034 3035 3111
f 3035 3036 3112
f 3036 3037 3113
f 3038 3039 3115
f 3039 3040 3116
f 3040 3041 3117
f 3041 3042 3118
f 3042 3043 3119
f 3043 3044 3120
f 3044 3045 3121
f 3045 3046 3122
f 3046 3047 3123
f 3047 3048 3124
f 3048 3049 3125
f 3049 3050 3126
f 3050 3051 3127
f 3051 3052 3128
f 3052 3053 3129
f 3053 3054 3130
f 3054 3055 3131
f 3055 3056 3132
f 3056 3057 3133
f 3057 3058 3134
f 3058 3059 3135
f 3059 3060 3136
f 3060 3061 3137
f 3061 3062 3138
f 3062 3063 3139
f 3063 3064 3140
f 3064 3065 3141
f 3065 3066 3142
f 3066 3067 3143
f 3067 3068 3144
f 3068 3069 3145
f 3069 3070 3146
f 3070 3071 3147
f 3071 3072 3148
f 3073 3074 3151
f 3074 3075 3152
f 3075 3076 3153
f 3076 3077 3154
f 3077 3078 3155
f 3078 3079 3156
f 3079 3080 3157
f 3080 3081 3158
f 3081 3082 3159
f 3082 3083 3160
f 3083 3084 3161
f 3084 3085 3162
f 3085 3086 3163
f 3086 3087 3164
f 3087 3088 3165
f 3088 3089 3166
f 3089 3090 3167
f 3090 3091 3168
f 3091 3092 3169
f 3092 3093 3170
f 3093 3094 3171
f 3094 3095 3172
f 3095 3096 3173
f 3096 3097 3174
f 3097 3098 3175
f 3098 3099 3176
f 3099 3100 3177
f 3100 3101 3178
f 3101 3102 3179
f 3102 3103 3180
f 3103 3104 3181
f 3104 3105 3182
f 3105 3106 3183
f 3106 3107 3184
f 3107 3108 3185
f 3108 3109 3186
f 3109 3110 3187
f 3110 3111 3188
f 3111 3112 3189
f 3112 3113 3190
f 3113 3114 3191
f 3115 3116 3193
f 3116 3117 3194
f 3117 3118 3195
f 3118 3119 3196
f 3119 3120 3197
f 3120 3121 3198
f 3121 3122 3199
f 3122 3123 3200
f 3123 3124 3201
f 3124 3125 3202
f 3125 3126 3203
f 3126 3127 3204
f 3127 3128 3205
f 3128 3129 3206
f 3129 3130 3207
f 3130 3131 3208
f 3131 3132 3209
f 3132 3133 3210
f 3133 3134 3211
f 3134 3135 3212
f 3135 3136 3213
f 3136 3137 3214
f 3137 3138 3215
f 3138 3139 3216
f 3139 3140 3217
f 3140 3141 3218
f 3141 3142 3219
f 3142 3143 3220
f 3143 3144 3221
f 3144 3145 3222
f 3145 3146 3223
f 3146 3147 3224
f 3147 3148 3225
f 3148 3149 3226
f 3150 3151 3233
f 3151 3152 3234
f 3152 3153 3235
f 3153 3154 3236
f 3154 3155 3237
f 3155 3156 3238
f 3156 3157 3239
f 3157 3158 3240
f 3158 3159 3241
f 3159 3160 3242
f 3160 3161 3243
f 3161 3162 3244
f 3162 3163 3245
f 3163 3164 3246
f 3164 3165 3247
f 3165 3166 3248
f 3166 3167 3249
f 3167 3168 3250
f 3168 3169 3251
f 3169 3170 3252
f 3170 3171 3253
f 3171 3172 3254
f 3172 3173 3255
f 3173 3174 3256
f 3174 3175 3257
f 3175 3176 3258
f 3176 3177 3259
f 3177 3178 3260
f 3178 3179 3261
f 3179 3180 3262
f 3180 3181 3263
f 3181 3182 3264
f 3182 3183 3265
f 3183 3184 3266
f 3184 3185 3267
f 3185 3186 3268
f 3186 3187 3269
f 3187 3188 3270
f 3188 3189 3271
f 3189 3190 3272
f 3190 3191 3273
f 3191 3192 3274
f 3193 3194 3277
f 3194 3195 3278
f 3195 3196 3279
f 3196 3197 3280
f 3197 3198 3281
f 3198 3199 3282
f 3199 3200 3283
f 3200 3201 3284
f 3201 3202 3285
f 3202 3203 3286
f 3203 3204 3287
f 3204 3205 3288
f 3205 3206 3289
f 3206 3207 3290
f 3207 3208 3291
f 3208 3209 3292
f 3209 3210 3293
f 3210 3211 3294
f 3211 3212 3295
f 3212 3213 3296
f 3213 3214 3297
f 3214 3215 3298
f 3215 3216 3299
f 3216 3217 3300
f 3217 3218 3301
f 3218 3219 3302
f 3219 3220 3303
f 3220 3221 3304
f 3221 3222 3305
f 3222 3223 3306
f 3223 3224 3307
f 3224 3225 3308
f 3225 3226 3309
f 3226 3227 3310
f 3228 3229 3315
f 3229 3230 3316
f 3230 3231 3317
f 3232 3233 3321
f 3233 3234 3322
f 3234 3235 3323
f 3235 3236 3324
f 3236 3237 3325
f 3237 3238 3326
f 3238 3239 3327
f 3239 3240 3328
f 3240 3241 3329
f 3241 3242 3330
f 3242 3243 3331
f 3243 3244 3332
f 3244 3245 3333
f 3245 3246 3334
f 3246 3247 3335
f 3247 3248 3336
f 3248 3249 3337
f 3249 3250 3338
f 3250 3251 3339
f 3251 3252 3340
f 3252 3253 3341
f 3253 3254 3342
f 3254 3255 3343
f 3255 3256 3344
f 3256 3257 3345
f 3257 3258 3346
f 3258 3259 3347
f 3259 3260 3348
f 3260 3261 3349
f 3261 3262 3350
f 3262 3263 3351
f 3263 3264 3352
f 3264 3265 3353
f 3265 3266 3354
f 3266 3267 3355
f 3267 3268 3356
f 3268 3269 3357
f 3269 3270 3358
f 3270 3271 3359
f 3271 3272 3360
f 3272 3273 3361
f 3273 3274 3362
f 3274 3275 3363
f 3275 3276 3364
f 3277 3278 3366
f 3278 3279 3367
f 3279 3280 3368
f 3280 3281 3369
f 3281 3282 3370
f 3282 3283 3371
f 3283 3284 3372
f 3284 3285 3373
f 3285 3286 3374
f 3286 3287 3375
f 3287 3288 3376
f 3288 3289 3377
f 3289 3290 3378
f 3290 3291 3379
f 3291 3292 3380
f 3292 3293 3381
f 3293 3294 3382
f 3294 3295 3383
f 3295 3296 3384
f 3296 3297 3385
f 3297 3298 3386
f 3298 3299 3387
f 3299 3300 3388
f 3300 3301 3389
f 3301 3302 3390
f 3302 3303 3391
f 3303 3304 3392
f 3304 3305 3393
f 3305 3306 3394
f 3306 3307 3395
f 3307 3308 3396
f 3308 3309 3397
f 3309 3310 3398
f 3310 3311 3399
f 3313 3314 3404
f 3314 3315 3405
f 3315 3316 3406
f 3316 3317 3407
f 3317 3318 3408
f 3319 3320 3413
f 3320 3321 3414
f 3321 3322 3415
f 3322 3323 3416
f 3323 3324 3417
f 3324 3325 3418
f 3325 3326 3419
f 3326 3327 3420
f 3327 3328 3421
f 3328 3329 3422
f 3329 3330 3423
f 3330 3331 3424
f 3331 3332 3425
f 3332 3333 3426
f 3333 3334 3427
f 3334 3335 3428
f 3335 3336 3429
f 3336 3337 3430
f 3337 3338 3431
f 3338 3339 3432
f 3339 3340 3433
f 3340 3341 3434
f 3341 3342 3435
f 3342 3343 3436
f 3343 3344 3437
f 3344 3345 3438
f 3345 3346 3439
f 3346 3347 3440
f 3347 3348 3441
f 3348 3349 3442
f 3349 3350 3443
f 3350 3351 3444
f 3351 3352 3445
f 3352 3353 3446
f 3353 3354 3447
f 3354 3355 3448
f 3355 3356 3449
f 3356 3357 3450
f 3357 3358 3451
f 3358 3359 3452
f 3359 3360 3453
f 3360 3361 3454
f 3361 3362 3455
f 3362 3363 3456
f 3363 3364 3457
f 3364 3365 3458
f 3366 3367 3462
f 3367 3368 3463
f 3368 3369 3464
f 3369 3370 3465
f 3370 3371 3466
f 3371 3372 3467
f 3372 3373 3468
f 3373 3374 3469
f 3374 3375 3470
f 3375 3376 3471
f 3376 3377 3472
f 3377 3378 3473
f 3378 3379 3474
f 3379 3380 3475
f 3380 3381 3476
f 3381 3382 3477
f 3382 3383 3478
f 3383 3384 3479
f 3384 3385 3480
f 3385 3386 3481
f 3386 3387 3482
f 3387 3388 3483
f 3388 3389 3484
f 3389 3390 3485
f 3390 3391 3486
f 3391 3392 3487
f 3392 3393 3488
f 3393 3394 3489
f 3394 3395 3490
f 3395 3396 3491
f 3396 3397 3492
f 3397 3398 3493
f 3398 3399 3494
f 3399 3400 3495
f 3400 3401 3496
f 3402 3403 3499
f 3403 3404 3500
f 3404 3405 3501
f 3405 3406 3502
f 3406 3407 3503
f 3407 3408 3504
f 3408 3409 3505
f 3409 3410 3506
f 3411 3412 3508
f 3412 3413 3509
f 3413 3414 3510
f 3414 3415 3511
f 3415 3416 3512
f 3416 3417 3513
f 3417 3418 3514
f 3418 3419 3515
f 3419 3420 3516
f 3420 3421 3517
f 3421 3422 3518
f 3422 3423 3519
f 3423 3424 3520
f 3424 3425 3521
f 3425 3426 3522
f 3426 3427 3523
f 3427 3428 3524
f 3428 3429 3525
f 3429 3430 3526
f 3430 3431 3527
f 3431 3432 3528
f 3432 3433 3529
f 3433 3434 3530
f 3434 3435 3531
f 3435 3436 3532
f 3436 3437 3533
f 3437 3438 3534
f 3438 3439 3535
f 3439 3440 3536
f 3440 3441 3537
f 3441 3442 3538
f 3442 3443 3539
f 3443 3444 3540
f 3444 3445 3541
f 3445 3446 3542
f 3446 3447 3543
f 3447 3448 3544
f 3448 3449 3545
f 3449 3450 3546
f 3450 3451 3547
f 3451 3452 3548
f 3452 3453 3549
f 3453 3454 3550
f 3454 3455 3551
f 3455 3456 3552
f 3456 3457 3553
f 3457 3458 3554
f 3458 3459 3555
f 3460 3461 3557
f 3461 3462 3558
f 3462 3463 3559
f 3463 3464 3560
f 3464 3465 3561
f 3465 3466 3562
f 3466 3467 3563
f 3467 3468 3564
f 3468 3469 3565
f 3469 3470 3566
f 3470 3471 3567
f 3471 3472 3568
f 3472 3473 3569
f 3473 3474 3570
f 3474 3475 3571
f 3475 3476 3572
f 3476 3477 3573
f 3477 3478 3574
f 3478 3479 3575
f 3479 3480 3576
f 3480 3481 3577
f 3481 3482 3578
f 3482 3483 3579
f 3483 3484 3580
f 3484 3485 3581
f 3485 3486 3582
f 3486 3487 3583
f 3487 3488 3584
f 3488 3489 3585
f 3489 3490 3586
f 3490 3491 3587
f 3491 3492 3588
f 3492 3493 3589
f 3493 3494 3590
f 3494 3495 3591
f 3495 3496 3592
f 3496 3497 3593
f 3497 3498 3594
f 3505 3506 3601
f 3506 3507 3602
f 3507 3508 3603
f 3508 3509 3604
f 3509 3510 3605
f 3510 3511 3606
f 3511 3512 3607
f 3512 3513 3608
f 3513 3514 3609
f 3514 3515 3610
f 3515 3516 3611
f 3516 3517 3612
f 3517 3518 3613
f 3518 3519 3614
f 3519 3520 3615
f 3520 3521 3616
f 3521 3522 3617
f 3522 3523 3618
f 3523 3524 3619
f 3524 3525 3620
f 3525 3526 3621
f 3526 3527 3622
f 3527 3528 3623
f 3528 3529 3624
f 3529 3530 3625
f 3530 3531 3626
f 3531 3532 3627
f 3532 3533 3628
f 3533 3534 3629
f 3534 3535 3630
f 3535 3536 3631
f 3536 3537 3632
f 3537 3538 3633
f 3538 3539 3634
f 3539 3540 3635
f 3540 3541 3636
f 3541 3542 3637
f 3542 3543 3638
f 3543 3544 3639
f 3544 3545 3640
f 3545 3546 3641
f 3546 3547 3642
f 3547 3548 3643
f 3548 3549 3644
f 3549 3550 3645
f 3550 3551 3646
f 3551 3552 3647
f 3552 3553 3648
f 3553 3554 3649
f 3554 3555 3650
f 3555 3556 3651
f 3557 3558 3653
f 3558 3559 3654
f 3559 3560 3655
f 3560 3561 3656
f 3561 3562 3657
f 3562 3563 3658
f 3563 3564 3659
f 3564 3565 3660
f 3565 3566 3661
f 3566 3567 3662
f 3567 3568 3663
f 3568 3569 3664
f 3569 3570 3665
f 3570 3571 3666
f 3571 3572 3667
f 3572 3573 3668
f 3573 3574 3669
f 3574 3575 3670
f 3575 3576 3671
f 3576 3577 3672
f 3577 3578 3673
f 3578 3579 3674
f 3579 3580 3675
f 3580 3581 3676
f 3581 3582 3677
f 3582 3583 3678
f 3583 3584 3679
f 3584 3585 3680
f 3585 3586 3681
f 3586 3587 3682
f 3587 3588 3683
f 3588 3589 3684
f 3589 3590 3685
f 3590 3591 3686
f 3591 3592 3687
f 3592 3593 3688
f 3593 3594 3689
f 3594 3595 3690
f 3595 3596 3691
f 3597 3598 3693
f 3598 3599 3694
f 3599 3600 3695
f 3602 3603 3698
f 3603 3604 3699
f 3604 3605 3700
f 3605 3606 3701
f 3612 3613 3702
f 3613 3614 3703
f 3614 3615 3704
f 3615 3616 3705
f 3616 3617 3706
f 3617 3618 3707
f 3618 3619 3708
f 3619 3620 3709
f 3620 3621 3710
f 3621 3622 3711
f 3622 3623 3712
f 3623 3624 3713
f 3624 3625 3714
f 3625 3626 3715
f 3626 3627 3716
f 3627 3628 3717
f 3628 3629 3718
f 3629 3630 3719
f 3630 3631 3720
f 3631 3632 3721
f 3632 3633 3722
f 3633 3634 3723
f 3634 3635 3724
f 3635 3636 3725
f 3636 3637 3726
f 3637 3638 3727
f 3638 3639 3728
f 3639 3640 3729
f 3640 3641 3730
f 3641 3642 3731
f 3642 3643 3732
f 3643 3644 3733
f 3644 3645 3734
f 3645 3646 3735
f 3646 3647 3736
f 3647 3648 3737
f 3648 3649 3738
f 3649 3650 3739
f 3650 3651 3740
f 3651 3652 3741
f 3653 3654 3742
f 3654 3655 3743
f 3655 3656 3744
f 3656 3657 3745
f 3657 3658 3746
f 3658 3659 3747
f 3659 3660 3748
f 3660 3661 3749
f 3661 3662 3750
f 3662 3663 3751
f 3663 3664 3752
f 3664 3665 3753
f 3665 3666 3754
f 3666 3667 3755
f 3667 3668 3756
f 3668 3669 3757
f 3669 3670 3758
f 3670 3671 3759
f 3671 3672 3760
f 3672 3673 3761
f 3673 3674 3762
f 3674 3675 3763
f 3675 3676 3764
f 3676 3677 3765
f 3677 3678 3766
f 3678 3679 3767
f 3679 3680 3768
f 3680 3681 3769
f 3681 3682 3770
f 3682 3683 3771
f 3683 3684 3772
f 3684 3685 3773
f 3685 3686 3774
f 3686 3687 3775
f 3687 3688 3776
f 3688 3689 3777
f 3689 3690 3778
f 3690 3691 3779
f 3691 3692 3780
f 3693 3694 3782
f 3694 3695 3783
f 3716 3717 3784
f 3717 3718 3785
f 3718 3719 3786
f 3719 3720 3787
f 3720 3721 3788
f 3721 3722 3789
f 3722 3723 3790
f 3727 3728 3791
f 3728 3729 3792
f 3729 3730 3793
f 3730 3731 3794
f 3731 3732 3795
f 3732 3733 3796
f 3733 3734 3797
f 3734 3735 3798
f 3735 3736 3799
f 3736 3737 3800
f 3737 3738 3801
f 3738 3739 3802
f 3739 3740 3803
f 3740 3741 3804
f 3742 3743 3806
f 3743 3744 3807
f 3744 3745 3808
f 3745 3746 3809
f 3746 3747 3810
f 3747 3748 3811
f 3748 3749 3812
f 3749 3750 3813
f 3750 3751 3814
f 3751 3752 3815
f 3760 3761 3818
f 3761 3762 3819
f 3762 3763 3820
f 3763 3764 3821
f 3764 3765 3822
f 3765 3766 3823
f 3766 3767 3824
f 3767 3768 3825
f 3768 3769 3826
f 3769 3770 3827
f 3770 3771 3828
f 3771 3772 3829
f 3772 3773 3830
f 3773 3774 3831
f 3774 3775 3832
f 3775 3776 3833
f 3776 3777 3834
f 3777 3778 3835
f 3778 3779 3836
f 3779 3780 3837
f 3780 3781 3838
f 3784 3785 3842
f 3785 3786 3843
f 3786 3787 3844
f 3787 3788 3845
f 3788 3789 3846
f 3793 3794 3847
f 3794 3795 3848
f 3795 3796 3849
f 3796 3797 3850
f 3797 3798 3851
f 3798 3799 3852
f 3799 3800 3853
f 3800 3801 3854
f 3802 3803 3856
f 3803 3804 3857
f 3804 3805 3858
f 3806 3807 3860
f 3807 3808 3861
f 3808 3809 3862
f 3809 3810 3863
f 3810 3811 3864
f 3811 3812 3865
f 3812 3813 3866
f 3813 3814 3867
f 3814 3815 3868
f 3815 3816 3869
f 3816 3817 3870
f 3819 3820 3873
f 3820 3821 3874
f 3821 3822 3875
f 3822 3823 3876
f 3823 3824 3877
f 3824 3825 3878
f 3825 3826 3879
f 3826 3827 3880
f 3827 3828 3881
f 3828 3829 3882
f 3829 3830 3883
f 3830 3831 3884
f 3831 3832 3885
f 3832 3833 3886
f 3833 3834 3887
f 3834 3835 3888
f 3835 3836 3889
f 3836 3837 3890
f 3837 3838 3891
f 3838 3839 3892
f 3839 3840 3893
f 3842 3843 3895
f 3843 3844 3896
f 3844 3845 3897
f 3848 3849 3898
f 3849 3850 3899
f 3850 3851 3900
f 3851 3852 3901
f 3852 3853 3902
f 3853 3854 3903
f 3854 3855 3904
f 3857 3858 3905
f 3858 3859 3906
f 3860 3861 3908
f 3861 3862 3909
f 3862 3863 3910
f 3863 3864 3911
f 3864 3865 3912
f 3865 3866 3913
f 3866 3867 3914
f 3867 3868 3915
f 3868 3869 3916
f 3869 3870 3917
f 3870 3871 3918
f 3871 3872 3919
f 3875 3876 3921
f 3876 3877 3922
f 3877 3878 3923
f 3878 3879 3924
f 3879 3880 3925
f 3880 3881 3926
f 3881 3882 3927
f 3882 3883 3928
f 3883 3884 3929
f 3884 3885 3930
f 3885 3886 3931
f 3886 3887 3932
f 3887 3888 3933
f 3888 3889 3934
f 3889 3890 3935
f 3890 3891 3936
f 3891 3892 3937
f 3892 3893 3938
f 3893 3894 3939
f 3898 3899 3942
f 3899 3900 3943
f 3900 3901 3944
f 3901 3902 3945
f 3902 3903 3946
f 3905 3906 3948
f 3906 3907 3949
f 3908 3909 3951
f 3909 3910 3952
f 3910 3911 3953
f 3911 3912 3954
f 3912 3913 3955
f 3913 3914 3956
f 3914 3915 3957
f 3915 3916 3958
f 3916 3917 3959
f 3917 3918 3960
f 3918 3919 3961
f 3919 3920 3962
f 3934 3935 3964
f 3935 3936 3965
f 3936 3937 3966
f 3937 3938 3967
f 3938 3939 3968
f 3939 3940 3969
f 3940 3941 3970
f 3943 3944 3972
f 3944 3945 3973
f 3945 3946 3974
f 3946 3947 3975
f 3948 3949 3976
f 3950 3951 3977
f 3951 3952 3978
f 3952 3953 3979
f 3953 3954 3980
f 3954 3955 3981
f 3955 3956 3982
f 3956 3957 3983
f 3957 3958 3984
f 3958 3959 3985
f 3959 3960 3986
f 3960 3961 3987
f 3961 3962 3988
f 3962 3963 3989
f 3967 3968 3991
f 3968 3969 3992
f 3969 3970 3993
f 3970 3971 3994
f 3973 3974 3997
f 3974 3975 3998
f 3977 3978 4001
f 3978 3979 4002
f 3979 3980 4003
f 3980 3981 4004
f 3981 3982 4005
f 3982 3983 4006
f 3983 3984 4007
f 3984 3985 4008
f 3985 3986 4009
f 3986 3987 4010
f 3987 3988 4011
f 3988 3989 4012
f 3989 3990 4013
f 3993 3994 4014
f 3994 3995 4015
f 3995 3996 4016
f 1826 1832 1831
f 1827 1833 1832
f 1828 1834 1833
f 1829 1835 1834
f 1830 1836 1835
f 1831 1845 1844
f 1832 1846 1845
f 1833 1847 1846
f 1834 1848 1847
f 1835 1849 1848
f 1836 1850 1849
f 1837 1851 1850
f 1838 1852 1851
f 1839 1853 1852
f 1840 1854 1853
f 1841 1861 1860
f 1842 1862 1861
f 1843 1863 1862
f 1844 1867 1866
f 1845 1868 1867
f 1846 1869 1868
f 1847 1870 1869
f 1848 1871 1870
f 1849 1872 1871
f 1850 1873 1872
f 1851 1874 1873
f 1852 1875 1874
f 1853 1876 1875
f 1854 1877 1876
f 1855 1878 1877
f 1856 1879 1878
f 1857 1880 1879
f 1858 1881 1880
f 1859 1882 1881
f 1860 1883 1882
f 1861 1884 1883
f 1862 1885 1884
f 1863 1886 1885
f 1864 1887 1886
f 1865 1890 1889
f 1866 1891 1890
f 1867 1892 1891
f 1868 1893 1892
f 1869 1894 1893
f 1870 1895 1894
f 1871 1896 1895
f 1872 1897 1896
f 1873 1898 1897
f 1874 1899 1898
f 1875 1900 1899
f 1876 1901 1900
f 1877 1902 1901
f 1878 1903 1902
f 1879 1904 1903
f 1880 1905 1904
f 1881 1906 1905
f 1882 1907 1906
f 1883 1908 1907
f 1884 1909 1908
f 1885 1910 1909
f 1886 1911 1910
f 1887 1912 1911
f 1888 1914 1913
f 1889 1915 1914
f 1890 1916 1915
f 1891 1917 1916
f 1892 1918 1917
f 1893 1919 1918
f 1894 1920 1919
f 1895 1921 1920
f 1896 1922 1921
f 1897 1923 1922
f 1898 1924 1923
f 1899 1925 1924
f 1900 1926 1925
f 1901 1927 1926
f 1902 1928 1927
f 1903 1929 1928
f 1904 1930 1929
f 1905 1931 1930
f 1906 1932 1931
f 1907 1933 1932
f 1908 1934 1933
f 1909 1935 1934
f 1910 1936 1935
f 1911 1937 1936
f 1913 1939 1938
f 1914 1940 1939
f 1915 1941 1940
f 1916 1942 1941
f 1917 1943 1942
f 1918 1944 1943
f 1919 1945 1944
f 1920 1946 1945
f 1921 1947 1946
f 1922 1948 1947
f 1923 1949 1948
f 1924 1950 1949
f 1925 1951 1950
f 1926 1952 1951
f 1927 1953 1952
f 1928 1954 1953
f 1929 1955 1954
f 1930 1956 1955
f 1931 1957 1956
f 1932 1958 1957
f 1933 1959 1958
f 1934 1960 1959
f 1935 1961 1960
f 1936 1962 1961
f 1937 1963 1962
f 1938 1966 1965
f 1939 1967 1966
f 1940 1968 1967
f 1941 1969 1968
f 1942 1970 1969
f 1943 1971 1970
f 1944 1972 1971
f 1945 1973 1972
f 1946 1974 1973
f 1947 1975 1974
f 1948 1976 1975
f 1949 1977 1976
f 1950 1978 1977
f 1951 1979 1978
f 1952 1980 1979
f 1953 1981 1980
f 1954 1982 1981
f 1955 1983 1982
f 1956 1984 1983
f 1957 1985 1984
f 1958 1986 1985
f 1959 1987 1986
f 1960 1988 1987
f 1961 1989 1988
f 1962 1990 1989
f 1963 1991 1990
f 1965 1994 1993
f 1966 1995 1994
f 1967 1996 1995
f 1968 1997 1996
f 1969 1998 1997
f 1970 1999 1998
f 1971 2000 1999
f 1972 2001 2000
f 1973 2002 2001
f 1974 2003 2002
f 1975 2004 2003
f 1976 2005 2004
f 1977 2006 2005
f 1978 2007 2006
f 1979 2008 2007
f 1980 2009 2008
f 1981 2010 2009
f 1982 2011 2010
f 1983 2012 2011
f 1984 2013 2012
f 1985 2014 2013
f 1986 2015 2014
f 1987 2016 2015
f 1988 2017 2016
f 1989 2018 2017
f 1990 2019 2018
f 1992 2023 2022
f 1993 2024 2023
f 1994 2025 2024
f 1995 2026 2025
f 1996 2027 2026
f 1997 2028 2027
f 1998 2029 2028
f 1999 2030 2029
f 2000 2031 2030
f 2001 2032 2031
f 2002 2033 2032
f 2003 2034 2033
f 2004 2035 2034
f 2005 2036 2035
f 2006 2037 2036
f 2007 2038 2037
f 2008 2039 2038
f 2009 2040 2039
f 2010 2041 2040
f 2011 2042 2041
f 2012 2043 2042
f 2013 2044 2043
f 2014 2045 2044
f 2015 2046 2045
f 2016 2047 2046
f 2017 2048 2047
f 2018 2049 2048
f 2019 2050 2049
f 2020 2053 2052
f 2021 2054 2053
f 2022 2055 2054
f 2023 2056 2055
f 2024 2057 2056
f 2025 2058 2057
f 2026 2059 2058
f 2027 2060 2059
f 2028 2061 2060
f 2029 2062 2061
f 2030 2063 2062
f 2031 2064 2063
f 2032 2065 2064
f 2033 2066 2065
f 2034 2067 2066
f 2035 2068 2067
f 2036 2069 2068
f 2037 2070 2069
f 2038 2071 2070
f 2039 2072 2071
f 2040 2073 2072
f 2041 2074 2073
f 2042 2075 2074
f 2043 2076 2075
f 2044 2077 2076
f 2045 2078 2077
f 2046 2079 2078
f 2047 2080 2079
f 2048 2081 2080
f 2049 2082 2081
f 2051 2085 2084
f 2052 2086 2085
f 2053 2087 2086
f 2054 2088 2087
f 2055 2089 2088
f 2056 2090 2089
f 2057 2091 2090
f 2058 2092 2091
f 2059 2093 2092
f 2060 2094 2093
f 2061 2095 2094
f 2062 2096 2095
f 2063 2097 2096
f 2064 2098 2097
f 2065 2099 2098
f 2066 2100 2099
f 2067 2101 2100
f 2068 2102 2101
f 2069 2103 2102
f 2070 2104 2103
f 2071 2105 2104
f 2072 2106 2105
f 2073 2107 2106
f 2074 2108 2107
f 2075 2109 2108
f 2076 2110 2109
f 2077 2111 2110
f 2078 2112 2111
f 2079 2113 2112
f 2080 2114 2113
f 2081 2115 2114
f 2082 2116 2115
f 2083 2117 2116
f 2084 2119 2118
f 2085 2120 2119
f 2086 2121 2120
f 2087 2122 2121
f 2088 2123 2122
f 2089 2124 2123
f 2090 2125 2124
f 2091 2126 2125
f 2092 2127 2126
f 2093 2128 2127
f 2094 2129 2128
f 2095 2130 2129
f 2096 2131 2130
f 2097 2132 2131
f 2098 2133 2132
f 2099 2134 2133
f 2100 2135 2134
f 2101 2136 2135
f 2102 2137 2136
f 2103 2138 2137
f 2104 2139 2138
f 2105 2140 2139
f 2106 2141 2140
f 2107 2142 2141
f 2108 2143 2142
f 2109 2144 2143
f 2110 2145 2144
f 2111 2146 2145
f 2112 2147 2146
f 2113 2148 2147
f 2114 2149 2148
f 2115 2150 2149
f 2116 2151 2150
f 2117 2152 2151
f 2118 2156 2155
f 2119 2157 2156
f 2120 2158 2157
f 2121 2159 2158
f 2122 2160 2159
f 2123 2161 2160
f 2124 2162 2161
f 2125 2163 2162
f 2126 2164 2163
f 2127 2165 2164
f 2128 2166 2165
f 2129 2167 2166
f 2130 2168 2167
f 2131 2169 2168
f 2132 2170 2169
f 2133 2171 2170
f 2134 2172 2171
f 2135 2173 2172
f 2136 2174 2173
f 2137 2175 2174
f 2138 2176 2175
f 2139 2177 2176
f 2140 2178 2177
f 2141 2179 2178
f 2142 2180 2179
f 2143 2181 2180
f 2144 2182 2181
f 2145 2183 2182
f 2146 2184 2183
f 2147 2185 2184
f 2148 2186 2185
f 2149 2187 2186
f 2150 2188 2187
f 2151 2189 2188
f 2153 2192 2191
f 2154 2193 2192
f 2155 2194 2193
f 2156 2195 2194
f 2157 2196 2195
f 2158 2197 2196
f 2159 2198 2197
f 2160 2199 2198
f 2161 2200 2199
f 2162 2201 2200
f 2163 2202 2201
f 2164 2203 2202
f 2165 2204 2203
f 2166 2205 2204
f 2167 2206 2205
f 2168 2207 2206
f 2169 2208 2207
f 2170 2209 2208
f 2171 2210 2209
f 2172 2211 2210
f 2173 2212 2211
f 2174 2213 2212
f 2175 2214 2213
f 2176 2215 2214
f 2177 2216 2215
f 2178 2217 2216
f 2179 2218 2217
f 2180 2219 2218
f 2181 2220 2219
f 2182 2221 2220
f 2183 2222 2221
f 2184 2223 2222
f 2185 2224 2223
f 2186 2225 2224
f 2187 2226 2225
f 2188 2227 2226
f 2189 2228 2227
f 2191 2236 2235
f 2192 2237 2236
f 2193 2238 2237
f 2194 2239 2238
f 2195 2240 2239
f 2196 2241 2240
f 2197 2242 2241
f 2198 2243 2242
f 2199 2244 2243
f 2200 2245 2244
f 2201 2246 2245
f 2202 2247 2246
f 2203 2248 2247
f 2204 2249 2248
f 2205 2250 2249
f 2206 2251 2250
f 2207 2252 2251
f 2208 2253 2252
f 2209 2254 2253
f 2210 2255 2254
f 2211 2256 2255
f 2212 2257 2256
f 2213 2258 2257
f 2214 2259 2258
f 2215 2260 2259
f 2216 2261 2260
f 2217 2262 2261
f 2218 2263 2262
f 2219 2264 2263
f 2220 2265 2264
f 2221 2266 2265
f 2222 2267 2266
f 2223 2268 2267
f 2224 2269 2268
f 2225 2270 2269
f 2226 2271 2270
f 2227 2272 2271
f 2228 2273 2272
f 2230 2276 2275
f 2231 2277 2276
f 2232 2278 2277
f 2233 2279 2278
f 2234 2280 2279
f 2236 2289 2288
f 2237 2290 2289
f 2238 2291 2290
f 2239 2292 2291
f 2240 2293 2292
f 2241 2294 2293
f 2242 2295 2294
f 2243 2296 2295
f 2244 2297 2296
f 2245 2298 2297
f 2246 2299 2298
f 2247 2300 2299
f 2248 2301 2300
f 2249 2302 2301
f 2250 2303 2302
f 2251 2304 2303
f 2252 2305 2304
f 2253 2306 2305
f 2254 2307 2306
f 2255 2308 2307
f 2256 2309 2308
f 2257 2310 2309
f 2258 2311 2310
f 2259 2312 2311
f 2260 2313 2312
f 2261 2314 2313
f 2262 2315 2314
f 2263 2316 2315
f 2264 2317 2316
f 2265 2318 2317
f 2266 2319 2318
f 2267 2320 2319
f 2268 2321 2320
f 2269 2322 2321
f 2270 2323 2322
f 2271 2324 2323
f 2272 2325 2324
f 2273 2326 2325
f 2274 2327 2326
f 2276 2335 2334
f 2277 2336 2335
f 2278 2337 2336
f 2279 2338 2337
f 2280 2339 2338
f 2281 2340 2339
f 2282 2341 2340
f 2283 2342 2341
f 2284 2343 2342
f 2285 2344 2343
f 2286 2345 2344
f 2287 2346 2345
f 2289 2354 2353
f 2290 2355 2354
f 2291 2356 2355
f 2292 2357 2356
f 2293 2358 2357
f 2294 2359 2358
f 2295 2360 2359
f 2296 2361 2360
f 2297 2362 2361
f 2298 2363 2362
f 2299 2364 2363
f 2300 2365 2364
f 2301 2366 2365
f 2302 2367 2366
f 2303 2368 2367
f 2304 2369 2368
f 2305 2370 2369
f 2306 2371 2370
f 2307 2372 2371
f 2308 2373 2372
f 2309 2374 2373
f 2310 2375 2374
f 2311 2376 2375
f 2312 2377 2376
f 2313 2378 2377
f 2314 2379 2378
f 2315 2380 2379
f 2316 2381 2380
f 2317 2382 2381
f 2318 2383 2382
f 2319 2384 2383
f 2320 2385 2384
f 2321 2386 2385
f 2322 2387 2386
f 2323 2388 2387
f 2324 2389 2388
f 2325 2390 2389
f 2326 2391 2390
f 2327 2392 2391
f 2328 2394 2393
f 2329 2395 2394
f 2330 2396 2395
f 2331 2397 2396
f 2332 2398 2397
f 2333 2399 2398
f 2334 2402 2401
f 2335 2403 2402
f 2336 2404 2403
f 2337 2405 2404
f 2338 2406 2405
f 2339 2407 2406
f 2340 2408 2407
f 2341 2409 2408
f 2342 2410 2409
f 2343 2411 2410
f 2344 2412 2411
f 2345 2413 2412
f 2346 2414 2413
f 2347 2415 2414
f 2348 2416 2415
f 2349 2417 2416
f 2350 2418 2417
f 2351 2419 2418
f 2354 2428 2427
f 2355 2429 2428
f 2356 2430 2429
f 2357 2431 2430
f 2358 2432 2431
f 2359 2433 2432
f 2360 2434 2433
f 2361 2435 2434
f 2362 2436 2435
f 2363 2437 2436
f 2364 2438 2437
f 2365 2439 2438
f 2366 2440 2439
f 2367 2441 2440
f 2368 2442 2441
f 2369 2443 2442
f 2370 2444 2443
f 2371 2445 2444
f 2372 2446 2445
f 2373 2447 2446
f 2374 2448 2447
f 2375 2449 2448
f 2376 2450 2449
f 2377 2451 2450
f 2378 2452 2451
f 2379 2453 2452
f 2380 2454 2453
f 2381 2455 2454
f 2382 2456 2455
f 2383 2457 2456
f 2384 2458 2457
f 2385 2459 2458
f 2386 2460 2459
f 2387 2461 2460
f 2388 2462 2461
f 2389 2463 2462
f 2390 2464 2463
f 2391 2465 2464
f 2392 2466 2465
f 2393 2469 2468
f 2394 2470 2469
f 2395 2471 2470
f 2396 2472 2471
f 2397 2473 2472
f 2398 2474 2473
f 2399 2475 2474
f 2400 2476 2475
f 2403 2479 2478
f 2404 2480 2479
f 2405 2481 2480
f 2406 2482 2481
f 2407 2483 2482
f 2408 2484 2483
f 2409 2485 2484
f 2410 2486 2485
f 2411 2487 2486
f 2412 2488 2487
f 2413 2489 2488
f 2414 2490 2489
f 2415 2491 2490
f 2416 2492 2491
f 2417 2493 2492
f 2418 2494 2493
f 2419 2495 2494
f 2420 2496 2495
f 2421 2497 2496
f 2422 2498 2497
f 2423 2499 2498
f 2424 2500 2499
f 2425 2501 2500
f 2426 2502 2501
f 2427 2505 2504
f 2428 2506 2505
f 2429 2507 2506
f 2430 2508 2507
f 2431 2509 2508
f 2432 2510 2509
f 2433 2511 2510
f 2434 2512 2511
f 2435 2513 2512
f 2436 2514 2513
f 2437 2515 2514
f 2438 2516 2515
f 2439 2517 2516
f 2440 2518 2517
f 2441 2519 2518
f 2442 2520 2519
f 2443 2521 2520
f 2444 2522 2521
f 2445 2523 2522
f 2446 2524 2523
f 2447 2525 2524
f 2448 2526 2525
f 2449 2527 2526
f 2450 2528 2527
f 2451 2529 2528
f 2452 2530 2529
f 2453 2531 2530
f 2454 2532 2531
f 2455 2533 2532
f 2456 2534 2533
f 2457 2535 2534
f 2458 2536 2535
f 2459 2537 2536
f 2460 2538 2537
f 2461 2539 2538
f 2462 2540 2539
f 2463 2541 2540
f 2464 2542 2541
f 2465 2543 2542
f 2466 2544 2543
f 2467 2545 2544
f 2468 2546 2545
f 2469 2547 2546
f 2470 2548 2547
f 2471 2549 2548
f 2472 2550 2549
f 2473 2551 2550
f 2474 2552 2551
f 2475 2553 2552
f 2476 2554 2553
f 2477 2555 2554
f 2478 2561 2560
f 2479 2562 2561
f 2480 2563 2562
f 2481 2564 2563
f 2482 2565 2564
f 2483 2566 2565
f 2484 2567 2566
f 2485 2568 2567
f 2486 2569 2568
f 2487 2570 2569
f 2488 2571 2570
f 2489 2572 2571
f 2490 2573 2572
f 2491 2574 2573
f 2492 2575 2574
f 2493 2576 2575
f 2494 2577 2576
f 2495 2578 2577
f 2496 2579 2578
f 2497 2580 2579
f 2498 2581 2580
f 2499 2582 2581
f 2500 2583 2582
f 2501 2584 2583
f 2502 2585 2584
f 2505 2588 2587
f 2506 2589 2588
f 2507 2590 2589
f 2508 2591 2590
f 2509 2592 2591
f 2510 2593 2592
f 2511 2594 2593
f 2512 2595 2594
f 2513 2596 2595
f 2514 2597 2596
f 2515 2598 2597
f 2516 2599 2598
f 2517 2600 2599
f 2518 2601 2600
f 2519 2602 2601
f 2520 2603 2602
f 2521 2604 2603
f 2522 2605 2604
f 2523 2606 2605
f 2524 2607 2606
f 2525 2608 2607
f 2526 2609 2608
f 2527 2610 2609
f 2528 2611 2610
f 2529 2612 2611
f 2530 2613 2612
f 2531 2614 2613
f 2532 2615 2614
f 2533 2616 2615
f 2534 2617 2616
f 2535 2618 2617
f 2536 2619 2618
f 2537 2620 2619
f 2538 2621 2620
f 2539 2622 2621
f 2540 2623 2622
f 2541 2624 2623
f 2542 2625 2624
f 2543 2626 2625
f 2544 2627 2626
f 2545 2628 2627
f 2546 2629 2628
f 2547 2630 2629
f 2548 2631 2630
f 2549 2632 2631
f 2550 2633 2632
f 2551 2634 2633
f 2552 2635 2634
f 2553 2636 2635
f 2554 2637 2636
f 2555 2638 2637
f 2556 2640 2639
f 2557 2641 2640
f 2558 2642 2641
f 2559 2643 2642
f 2560 2644 2643
f 2561 2645 2644
f 2562 2646 2645
f 2563 2647 2646
f 2564 2648 2647
f 2565 2649 2648
f 2566 2650 2649
f 2567 2651 2650
f 2568 2652 2651
f 2569 2653 2652
f 2570 2654 2653
f 2571 2655 2654
f 2572 2656 2655
f 2573 2657 2656
f 2574 2658 2657
f 2575 2659 2658
f 2576 2660 2659
f 2577 2661 2660
f 2578 2662 2661
f 2579 2663 2662
f 2580 2664 2663
f 2581 2665 2664
f 2582 2666 2665
f 2583 2667 2666
f 2584 2668 2667
f 2585 2669 2668
f 2586 2670 2669
f 2589 2672 2671
f 2590 2673 2672
f 2591 2674 2673
f 2592 2675 2674
f 2593 2676 2675
f 2594 2677 2676
f 2595 2678 2677
f 2596 2679 2678
f 2597 2680 2679
f 2598 2681 2680
f 2599 2682 2681
f 2600 2683 2682
f 2601 2684 2683
f 2602 2685 2684
f 2603 2686 2685
f 2604 2687 2686
f 2605 2688 2687
f 2606 2689 2688
f 2607 2690 2689
f 2608 2691 2690
f 2609 2692 2691
f 2610 2693 2692
f 2611 2694 2693
f 2612 2695 2694
f 2613 2696 2695
f 2614 2697 2696
f 2615 2698 2697
f 2616 2699 2698
f 2617 2700 2699
f 2618 2701 2700
f 2619 2702 2701
f 2620 2703 2702
f 2621 2704 2703
f 2622 2705 2704
f 2623 2706 2705
f 2624 2707 2706
f 2625 2708 2707
f 2626 2709 2708
f 2627 2710 2709
f 2628 2711 2710
f 2629 2712 2711
f 2630 2713 2712
f 2631 2714 2713
f 2632 2715 2714
f 2633 2716 2715
f 2634 2717 2716
f 2635 2718 2717
f 2636 2719 2718
f 2637 2720 2719
f 2638 2721 2720
f 2640 2723 2722
f 2641 2724 2723
f 2642 2725 2724
f 2643 2726 2725
f 2644 2727 2726
f 2645 2728 2727
f 2646 2729 2728
f 2647 2730 2729
f 2648 2731 2730
f 2649 2732 2731
f 2650 2733 2732
f 2651 2734 2733
f 2652 2735 2734
f 2653 2736 2735
f 2654 2737 2736
f 2655 2738 2737
f 2656 2739 2738
f 2657 2740 2739
f 2658 2741 2740
f 2659 2742 2741
f 2660 2743 2742
f 2661 2744 2743
f 2662 2745 2744
f 2663 2746 2745
f 2664 2747 2746
f 2665 2748 2747
f 2666 2749 2748
f 2667 2750 2749
f 2668 2751 2750
f 2669 2752 2751
f 2670 2753 2752
f 2674 2756 2755
f 2675 2757 2756
f 2676 2758 2757
f 2677 2759 2758
f 2678 2760 2759
f 2679 2761 2760
f 2680 2762 2761
f 2681 2763 2762
f 2682 2764 2763
f 2683 2765 2764
f 2684 2766 2765
f 2685 2767 2766
f 2686 2768 2767
f 2687 2769 2768
f 2688 2770 2769
f 2689 2771 2770
f 2690 2772 2771
f 2691 2773 2772
f 2692 2774 2773
f 2693 2775 2774
f 2694 2776 2775
f 2695 2777 2776
f 2696 2778 2777
f 2697 2779 2778
f 2698 2780 2779
f 2699 2781 2780
f 2700 2782 2781
f 2701 2783 2782
f 2702 2784 2783
f 2703 2785 2784
f 2704 2786 2785
f 2705 2787 2786
f 2706 2788 2787
f 2707 2789 2788
f 2708 2790 2789
f 2709 2791 2790
f 2710 2792 2791
f 2711 2793 2792
f 2712 2794 2793
f 2713 2795 2794
f 2714 2796 2795
f 2715 2797 2796
f 2716 2798 2797
f 2717 2799 2798
f 2718 2800 2799
f 2719 2801 2800
f 2720 2802 2801
f 2721 2803 2802
f 2723 2805 2804
f 2724 2806 2805
f 2725 2807 2806
f 2726 2808 2807
f 2727 2809 2808
f 2728 2810 2809
f 2729 2811 2810
f 2730 2812 2811
f 2731 2813 2812
f 2732 2814 2813
f 2733 2815 2814
f 2734 2816 2815
f 2735 2817 2816
f 2736 2818 2817
f 2737 2819 2818
f 2738 2820 2819
f 2739 2821 2820
f 2740 2822 2821
f 2741 2823 2822
f 2742 2824 2823
f 2743 2825 2824
f 2744 2826 2825
f 2745 2827 2826
f 2746 2828 2827
f 2747 2829 2828
f 2748 2830 2829
f 2749 2831 2830
f 2750 2832 2831
f 2751 2833 2832
f 2752 2834 2833
f 2753 2835 2834
f 2759 2839 2838
f 2760 2840 2839
f 2761 2841 2840
f 2762 2842 2841
f 2763 2843 2842
f 2764 2844 2843
f 2765 2845 2844
f 2766 2846 2845
f 2767 2847 2846
f 2768 2848 2847
f 2769 2849 2848
f 2770 2850 2849
f 2771 2851 2850
f 2772 2852 2851
f 2773 2853 2852
f 2774 2854 2853
f 2775 2855 2854
f 2776 2856 2855
f 2777 2857 2856
f 2778 2858 2857
f 2779 2859 2858
f 2780 2860 2859
f 2781 2861 2860
f 2782 2862 2861
f 2783 2863 2862
f 2784 2864 2863
f 2785 2865 2864
f 2786 2866 2865
f 2787 2867 2866
f 2788 2868 2867
f 2789 2869 2868
f 2790 2870 2869
f 2791 2871 2870
f 2792 2872 2871
f 2793 2873 2872
f 2794 2874 2873
f 2795 2875 2874
f 2796 2876 2875
f 2797 2877 2876
f 2798 2878 2877
f 2799 2879 2878
f 2800 2880 2879
f 2801 2881 2880
f 2802 2882 2881
f 2803 2883 2882
f 2805 2885 2884
f 2806 2886 2885
f 2807 2887 2886
f 2808 2888 2887
f 2809 2889 2888
f 2810 2890 2889
f 2811 2891 2890
f 2812 2892 2891
f 2813 2893 2892
f 2814 2894 2893
f 2815 2895 2894
f 2816 2896 2895
f 2817 2897 2896
f 2818 2898 2897
f 2819 2899 2898
f 2820 2900 2899
f 2821 2901 2900
f 2822 2902 2901
f 2823 2903 2902
f 2824 2904 2903
f 2825 2905 2904
f 2826 2906 2905
f 2827 2907 2906
f 2828 2908 2907
f 2829 2909 2908
f 2830 2910 2909
f 2831 2911 2910
f 2832 2912 2911
f 2833 2913 2912
f 2834 2914 2913
f 2835 2915 2914
f 2836 2916 2915
f 2841 2918 2917
f 2842 2919 2918
f 2843 2920 2919
f 2844 2921 2920
f 2845 2922 2921
f 2846 2923 2922
f 2847 2924 2923
f 2848 2925 2924
f 2849 2926 2925
f 2850 2927 2926
f 2851 2928 2927
f 2852 2929 2928
f 2853 2930 2929
f 2854 2931 2930
f 2855 2932 2931
f 2856 2933 2932
f 2857 2934 2933
f 2858 2935 2934
f 2859 2936 2935
f 2860 2937 2936
f 2861 2938 2937
f 2862 2939 2938
f 2863 2940 2939
f 2864 2941 2940
f 2865 2942 2941
f 2866 2943 2942
f 2867 2944 2943
f 2868 2945 2944
f 2869 2946 2945
f 2870 2947 2946
f 2871 2948 2947
f 2872 2949 2948
f 2873 2950 2949
f 2874 2951 2950
f 2875 2952 2951
f 2876 2953 2952
f 2877 2954 2953
f 2878 2955 2954
f 2879 2956 2955
f 2880 2957 2956
f 2881 2958 2957
f 2882 2959 2958
f 2883 2960 2959
f 2885 2963 2962
f 2886 2964 2963
f 2887 2965 2964
f 2888 2966 2965
f 2889 2967 2966
f 2890 2968 2967
f 2891 2969 2968
f 2892 2970 2969
f 2893 2971 2970
f 2894 2972 2971
f 2895 2973 2972
f 2896 2974 2973
f 2897 2975 2974
f 2898 2976 2975
f 2899 2977 2976
f 2900 2978 2977
f 2901 2979 2978
f 2902 2980 2979
f 2903 2981 2980
f 2904 2982 2981
f 2905 2983 2982
f 2906 2984 2983
f 2907 2985 2984
f 2908 2986 2985
f 2909 2987 2986
f 2910 2988 2987
f 2911 2989 2988
f 2912 2990 2989
f 2913 2991 2990
f 2914 2992 2991
f 2915 2993 2992
f 2916 2994 2993
f 2920 2997 2996
f 2921 2998 2997
f 2922 2999 2998
f 2923 3000 2999
f 2924 3001 3000
f 2925 3002 3001
f 2926 3003 3002
f 2927 3004 3003
f 2928 3005 3004
f 2929 3006 3005
f 2930 3007 3006
f 2931 3008 3007
f 2932 3009 3008
f 2933 3010 3009
f 2934 3011 3010
f 2935 3012 3011
f 2936 3013 3012
f 2937 3014 3013
f 2938 3015 3014
f 2939 3016 3015
f 2940 3017 3016
f 2941 3018 3017
f 2942 3019 3018
f 2943 3020 3019
f 2944 3021 3020
f 2945 3022 3021
f 2946 3023 3022
f 2947 3024 3023
f 2948 3025 3024
f 2949 3026 3025
f 2950 3027 3026
f 2951 3028 3027
f 2952 3029 3028
f 2953 3030 3029
f 2954 3031 3030
f 2955 3032 3031
f 2956 3033 3032
f 2957 3034 3033
f 2958 3035 3034
f 2959 3036 3035
f 2960 3037 3036
f 2962 3039 3038
f 2963 3040 3039
f 2964 3041 3040
f 2965 3042 3041
f 2966 3043 3042
f 2967 3044 3043
f 2968 3045 3044
f 2969 3046 3045
f 2970 3047 3046
f 2971 3048 3047
f 2972 3049 3048
f 2973 3050 3049
f 2974 3051 3050
f 2975 3052 3051
f 2976 3053 3052
f 2977 3054 3053
f 2978 3055 3054
f 2979 3056 3055
f 2980 3057 3056
f 2981 3058 3057
f 2982 3059 3058
f 2983 3060 3059
f 2984 3061 3060
f 2985 3062 3061
f 2986 3063 3062
f 2987 3064 3063
f 2988 3065 3064
f 2989 3066 3065
f 2990 3067 3066
f 2991 3068 3067
f 2992 3069 3068
f 2993 3070 3069
f 2994 3071 3070
f 2997 3074 3073
f 2998 3075 3074
f 2999 3076 3075
f 3000 3077 3076
f 3001 3078 3077
f 3002 3079 3078
f 3003 3080 3079
f 3004 3081 3080
f 3005 3082 3081
f 3006 3083 3082
f 3007 3084 3083
f 3008 3085 3084
f 3009 3086 3085
f 3010 3087 3086
f 3011 3088 3087
f 3012 3089 3088
f 3013 3090 3089
f 3014 3091 3090
f 3015 3092 3091
f 3016 3093 3092
f 3017 3094 3093
f 3018 3095 3094
f 3019 3096 3095
f 3020 3097 3096
f 3021 3098 3097
f 3022 3099 3098
f 3023 3100 3099
f 3024 3101 3100
f 3025 3102 3101
f 3026 3103 3102
f 3027 3104 3103
f 3028 3105 3104
f 3029 3106 3105
f 3030 3107 3106
f 3031 3108 3107
f 3032 3109 3108
f 3033 3110 3109
f 3034 3111 3110
f 3035 3112 3111
f 3036 3113 3112
f 3037 3114 3113
f 3039 3116 3115
f 3040 3117 3116
f 3041 3118 3117
f 3042 3119 3118
f 3043 3120 3119
f 3044 3121 3120
f 3045 3122 3121
f 3046 3123 3122
f 3047 3124 3123
f 3048 3125 3124
f 3049 3126 3125
f 3050 3127 3126
f 3051 3128 3127
f 3052 3129 3128
f 3053 3130 3129
f 3054 3131 3130
f 3055 3132 3131
f 3056 3133 3132
f 3057 3134 3133
f 3058 3135 3134
f 3059 3136 3135
f 3060 3137 3136
f 3061 3138 3137
f 3062 3139 3138
f 3063 3140 3139
f 3064 3141 3140
f 3065 3142 3141
f 3066 3143 3142
f 3067 3144 3143
f 3068 3145 3144
f 3069 3146 3145
f 3070 3147 3146
f 3071 3148 3147
f 3072 3149 3148
f 3073 3151 3150
f 3074 3152 3151
f 3075 3153 3152
f 3076 3154 3153
f 3077 3155 3154
f 3078 3156 3155
f 3079 3157 3156
f 3080 3158 3157
f 3081 3159 3158
f 3082 3160 3159
f 3083 3161 3160
f 3084 3162 3161
f 3085 3163 3162
f 3086 3164 3163
f 3087 3165 3164
f 3088 3166 3165
f 3089 3167 3166
f 3090 3168 3167
f 3091 3169 3168
f 3092 3170 3169
f 3093 3171 3170
f 3094 3172 3171
f 3095 3173 3172
f 3096 3174 3173
f 3097 3175 3174
f 3098 3176 3175
f 3099 3177 3176
f 3100 3178 3177
f 3101 3179 3178
f 3102 3180 3179
f 3103 3181 3180
f 3104 3182 3181
f 3105 3183 3182
f 3106 3184 3183
f 3107 3185 3184
f 3108 3186 3185
f 3109 3187 3186
f 3110 3188 3187
f 3111 3189 3188
f 3112 3190 3189
f 3113 3191 3190
f 3114 3192 3191
f 3116 3194 3193
f 3117 3195 3194
f 3118 3196 3195
f 3119 3197 3196
f 3120 3198 3197
f 3121 3199 3198
f 3122 3200 3199
f 3123 3201 3200
f 3124 3202 3201
f 3125 3203 3202
f 3126 3204 3203
f 3127 3205 3204
f 3128 3206 3205
f 3129 3207 3206
f 3130 3208 3207
f 3131 3209 3208
f 3132 3210 3209
f 3133 3211 3210
f 3134 3212 3211
f 3135 3213 3212
f 3136 3214 3213
f 3137 3215 3214
f 3138 3216 3215
f 3139 3217 3216
f 3140 3218 3217
f 3141 3219 3218
f 3142 3220 3219
f 3143 3221 3220
f 3144 3222 3221
f 3145 3223 3222
f 3146 3224 3223
f 3147 3225 3224
f 3148 3226 3225
f 3149 3227 3226
f 3150 3233 3232
f 3151 3234 3233
f 3152 3235 3234
f 3153 3236 3235
f 3154 3237 3236
f 3155 3238 3237
f 3156 3239 3238
f 3157 3240 3239
f 3158 3241 3240
f 3159 3242 3241
f 3160 3243 3242
f 3161 3244 3243
f 3162 3245 3244
f 3163 3246 3245
f 3164 3247 3246
f 3165 3248 3247
f 3166 3249 3248
f 3167 3250 3249
f 3168 3251 3250
f 3169 3252 3251
f 3170 3253 3252
f 3171 3254 3253
f 3172 3255 3254
f 3173 3256 3255
f 3174 3257 3256
f 3175 3258 3257
f 3176 3259 3258
f 3177 3260 3259
f 3178 3261 3260
f 3179 3262 3261
f 3180 3263 3262
f 3181 3264 3263
f 3182 3265 3264
f 3183 3266 3265
f 3184 3267 3266
f 3185 3268 3267
f 3186 3269 3268
f 3187 3270 3269
f 3188 3271 3270
f 3189 3272 3271
f 3190 3273 3272
f 3191 3274 3273
f 3192 3275 3274
f 3194 3278 3277
f 3195 3279 3278
f 3196 3280 3279
f 3197 3281 3280
f 3198 3282 3281
f 3199 3283 3282
f 3200 3284 3283
f 3201 3285 3284
f 3202 3286 3285
f 3203 3287 3286
f 3204 3288 3287
f 3205 3289 3288
f 3206 3290 3289
f 3207 3291 3290
f 3208 3292 3291
f 3209 3293 3292
f 3210 3294 3293
f 3211 3295 3294
f 3212 3296 3295
f 3213 3297 3296
f 3214 3298 3297
f 3215 3299 3298
f 3216 3300 3299
f 3217 3301 3300
f 3218 3302 3301
f 3219 3303 3302
f 3220 3304 3303
f 3221 3305 3304
f 3222 3306 3305
f 3223 3307 3306
f 3224 3308 3307
f 3225 3309 3308
f 3226 3310 3309
f 3227 3311 3310
f 3228 3315 3314
f 3229 3316 3315
f 3230 3317 3316
f 3231 3318 3317
f 3232 3321 3320
f 3233 3322 3321
f 3234 3323 3322
f 3235 3324 3323
f 3236 3325 3324
f 3237 3326 3325
f 3238 3327 3326
f 3239 3328 3327
f 3240 3329 3328
f 3241 3330 3329
f 3242 3331 3330
f 3243 3332 3331
f 3244 3333 3332
f 3245 3334 3333
f 3246 3335 3334
f 3247 3336 3335
f 3248 3337 3336
f 3249 3338 3337
f 3250 3339 3338
f 3251 3340 3339
f 3252 3341 3340
f 3253 3342 3341
f 3254 3343 3342
f 3255 3344 3343
f 3256 3345 3344
f 3257 3346 3345
f 3258 3347 3346
f 3259 3348 3347
f 3260 3349 3348
f 3261 3350 3349
f 3262 3351 3350
f 3263 3352 3351
f 3264 3353 3352
f 3265 3354 3353
f 3266 3355 3354
f 3267 3356 3355
f 3268 3357 3356
f 3269 3358 3357
f 3270 3359 3358
f 3271 3360 3359
f 3272 3361 3360
f 3273 3362 3361
f 3274 3363 3362
f 3275 3364 3363
f 3276 3365 3364
f 3278 3367 3366
f 3279 3368 3367
f 3280 3369 3368
f 3281 3370 3369
f 3282 3371 3370
f 3283 3372 3371
f 3284 3373 3372
f 3285 3374 3373
f 3286 3375 3374
f 3287 3376 3375
f 3288 3377 3376
f 3289 3378 3377
f 3290 3379 3378
f 3291 3380 3379
f 3292 3381 3380
f 3293 3382 3381
f 3294 3383 3382
f 3295 3384 3383
f 3296 3385 3384
f 3297 3386 3385
f 3298 3387 3386
f 3299 3388 3387
f 3300 3389 3388
f 3301 3390 3389
f 3302 3391 3390
f 3303 3392 3391
f 3304 3393 3392
f 3305 3394 3393
f 3306 3395 3394
f 3307 3396 3395
f 3308 3397 3396
f 3309 3398 3397
f 3310 3399 3398
f 3311 3400 3399
f 3312 3403 3402
f 3313 3404 3403
f 3314 3405 3404
f 3315 3406 3405
f 3316 3407 3406
f 3317 3408 3407
f 3318 3409 3408
f 3319 3413 3412
f 3320 3414 3413
f 3321 3415 3414
f 3322 3416 3415
f 3323 3417 3416
f 3324 3418 3417
f 3325 3419 3418
f 3326 3420 3419
f 3327 3421 3420
f 3328 3422 3421
f 3329 3423 3422
f 3330 3424 3423
f 3331 3425 3424
f 3332 3426 3425
f 3333 3427 3426
f 3334 3428 3427
f 3335 3429 3428
f 3336 3430 3429
f 3337 3431 3430
f 3338 3432 3431
f 3339 3433 3432
f 3340 3434 3433
f 3341 3435 3434
f 3342 3436 3435
f 3343 3437 3436
f 3344 3438 3437
f 3345 3439 3438
f 3346 3440 3439
f 3347 3441 3440
f 3348 3442 3441
f 3349 3443 3442
f 3350 3444 3443
f 3351 3445 3444
f 3352 3446 3445
f 3353 3447 3446
f 3354 3448 3447
f 3355 3449 3448
f 3356 3450 3449
f 3357 3451 3450
f 3358 3452 3451
f 3359 3453 3452
f 3360 3454 3453
f 3361 3455 3454
f 3362 3456 3455
f 3363 3457 3456
f 3364 3458 3457
f 3365 3459 3458
f 3366 3462 3461
f 3367 3463 3462
f 3368 3464 3463
f 3369 3465 3464
f 3370 3466 3465
f 3371 3467 3466
f 3372 3468 3467
f 3373 3469 3468
f 3374 3470 3469
f 3375 3471 3470
f 3376 3472 3471
f 3377 3473 3472
f 3378 3474 3473
f 3379 3475 3474
f 3380 3476 3475
f 3381 3477 3476
f 3382 3478 3477
f 3383 3479 3478
f 3384 3480 3479
f 3385 3481 3480
f 3386 3482 3481
f 3387 3483 3482
f 3388 3484 3483
f 3389 3485 3484
f 3390 3486 3485
f 3391 3487 3486
f 3392 3488 3487
f 3393 3489 3488
f 3394 3490 3489
f 3395 3491 3490
f 3396 3492 3491
f 3397 3493 3492
f 3398 3494 3493
f 3399 3495 3494
f 3400 3496 3495
f 3401 3497 3496
f 3403 3500 3499
f 3404 3501 3500
f 3405 3502 3501
f 3406 3503 3502
f 3407 3504 3503
f 3408 3505 3504
f 3409 3506 3505
f 3410 3507 3506
f 3411 3508 3507
f 3412 3509 3508
f 3413 3510 3509
f 3414 3511 3510
f 3415 3512 3511
f 3416 3513 3512
f 3417 3514 3513
f 3418 3515 3514
f 3419 3516 3515
f 3420 3517 3516
f 3421 3518 3517
f 3422 3519 3518
f 3423 3520 3519
f 3424 3521 3520
f 3425 3522 3521
f 3426 3523 3522
f 3427 3524 3523
f 3428 3525 3524
f 3429 3526 3525
f 3430 3527 3526
f 3431 3528 3527
f 3432 3529 3528
f 3433 3530 3529
f 3434 3531 3530
f 3435 3532 3531
f 3436 3533 3532
f 3437 3534 3533
f 3438 3535 3534
f 3439 3536 3535
f 3440 3537 3536
f 3441 3538 3537
f 3442 3539 3538
f 3443 3540 3539
f 3444 3541 3540
f 3445 3542 3541
f 3446 3543 3542
f 3447 3544 3543
f 3448 3545 3544
f 3449 3546 3545
f 3450 3547 3546
f 3451 3548 3547
f 3452 3549 3548
f 3453 3550 3549
f 3454 3551 3550
f 3455 3552 3551
f 3456 3553 3552
f 3457 3554 3553
f 3458 3555 3554
f 3459 3556 3555
f 3461 3558 3557
f 3462 3559 3558
f 3463 3560 3559
f 3464 3561 3560
f 3465 3562 3561
f 3466 3563 3562
f 3467 3564 3563
f 3468 3565 3564
f 3469 3566 3565
f 3470 3567 3566
f 3471 3568 3567
f 3472 3569 3568
f 3473 3570 3569
f 3474 3571 3570
f 3475 3572 3571
f 3476 3573 3572
f 3477 3574 3573
f 3478 3575 3574
f 3479 3576 3575
f 3480 3577 3576
f 3481 3578 3577
f 3482 3579 3578
f 3483 3580 3579
f 3484 3581 3580
f 3485 3582 3581
f 3486 3583 3582
f 3487 3584 3583
f 3488 3585 3584
f 3489 3586 3585
f 3490 3587 3586
f 3491 3588 3587
f 3492 3589 3588
f 3493 3590 3589
f 3494 3591 3590
f 3495 3592 3591
f 3496 3593 3592
f 3497 3594 3593
f 3498 3595 3594
f 3506 3602 3601
f 3507 3603 3602
f 3508 3604 3603
f 3509 3605 3604
f 3510 3606 3605
f 3511 3607 3606
f 3512 3608 3607
f 3514 3610 3609
f 3515 3611 3610
f 3516 3612 3611
f 3517 3613 3612
f 3518 3614 3613
f 3519 3615 3614
f 3520 3616 3615
f 3521 3617 3616
f 3522 3618 3617
f 3523 3619 3618
f 3524 3620 3619
f 3525 3621 3620
f 3526 3622 3621
f 3527 3623 3622
f 3528 3624 3623
f 3529 3625 3624
f 3530 3626 3625
f 3531 3627 3626
f 3532 3628 3627
f 3533 3629 3628
f 3534 3630 3629
f 3535 3631 3630
f 3536 3632 3631
f 3537 3633 3632
f 3538 3634 3633
f 3539 3635 3634
f 3540 3636 3635
f 3541 3637 3636
f 3542 3638 3637
f 3543 3639 3638
f 3544 3640 3639
f 3545 3641 3640
f 3546 3642 3641
f 3547 3643 3642
f 3548 3644 3643
f 3549 3645 3644
f 3550 3646 3645
f 3551 3647 3646
f 3552 3648 3647
f 3553 3649 3648
f 3554 3650 3649
f 3555 3651 3650
f 3556 3652 3651
f 3558 3654 3653
f 3559 3655 3654
f 3560 3656 3655
f 3561 3657 3656
f 3562 3658 3657
f 3563 3659 3658
f 3564 3660 3659
f 3565 3661 3660
f 3566 3662 3661
f 3567 3663 3662
f 3568 3664 3663
f 3569 3665 3664
f 3570 3666 3665
f 3571 3667 3666
f 3572 3668 3667
f 3573 3669 3668
f 3574 3670 3669
f 3575 3671 3670
f 3576 3672 3671
f 3577 3673 3672
f 3578 3674 3673
f 3579 3675 3674
f 3580 3676 3675
f 3581 3677 3676
f 3582 3678 3677
f 3583 3679 3678
f 3584 3680 3679
f 3585 3681 3680
f 3586 3682 3681
f 3587 3683 3682
f 3588 3684 3683
f 3589 3685 3684
f 3590 3686 3685
f 3591 3687 3686
f 3592 3688 3687
f 3593 3689 3688
f 3594 3690 3689
f 3595 3691 3690
f 3596 3692 3691
f 3598 3694 3693
f 3599 3695 3694
f 3600 3696 3695
f 3602 3698 3697
f 3603 3699 3698
f 3604 3700 3699
f 3605 3701 3700
f 3616 3706 3705
f 3617 3707 3706
f 3618 3708 3707
f 3619 3709 3708
f 3620 3710 3709
f 3621 3711 3710
f 3622 3712 3711
f 3623 3713 3712
f 3624 3714 3713
f 3625 3715 3714
f 3626 3716 3715
f 3627 3717 3716
f 3628 3718 3717
f 3629 3719 3718
f 3630 3720 3719
f 3631 3721 3720
f 3632 3722 3721
f 3633 3723 3722
f 3634 3724 3723
f 3635 3725 3724
f 3636 3726 3725
f 3637 3727 3726
f 3638 3728 3727
f 3639 3729 3728
f 3640 3730 3729
f 3641 3731 3730
f 3642 3732 3731
f 3643 3733 3732
f 3644 3734 3733
f 3645 3735 3734
f 3646 3736 3735
f 3647 3737 3736
f 3648 3738 3737
f 3649 3739 3738
f 3650 3740 3739
f 3651 3741 3740
f 3654 3743 3742
f 3655 3744 3743
f 3656 3745 3744
f 3657 3746 3745
f 3658 3747 3746
f 3659 3748 3747
f 3660 3749 3748
f 3661 3750 3749
f 3662 3751 3750
f 3663 3752 3751
f 3664 3753 3752
f 3665 3754 3753
f 3670 3759 3758
f 3671 3760 3759
f 3672 3761 3760
f 3673 3762 3761
f 3674 3763 3762
f 3675 3764 3763
f 3676 3765 3764
f 3677 3766 3765
f 3678 3767 3766
f 3679 3768 3767
f 3680 3769 3768
f 3681 3770 3769
f 3682 3771 3770
f 3683 3772 3771
f 3684 3773 3772
f 3685 3774 3773
f 3686 3775 3774
f 3687 3776 3775
f 3688 3777 3776
f 3689 3778 3777
f 3690 3779 3778
f 3691 3780 3779
f 3692 3781 3780
f 3694 3783 3782
f 3717 3785 3784
f 3718 3786 3785
f 3719 3787 3786
f 3720 3788 3787
f 3721 3789 3788
f 3729 3793 3792
f 3730 3794 3793
f 3731 3795 3794
f 3732 3796 3795
f 3733 3797 3796
f 3734 3798 3797
f 3735 3799 3798
f 3736 3800 3799
f 3737 3801 3800
f 3738 3802 3801
f 3739 3803 3802
f 3740 3804 3803
f 3741 3805 3804
f 3743 3807 3806
f 3744 3808 3807
f 3745 3809 3808
f 3746 3810 3809
f 3747 3811 3810
f 3748 3812 3811
f 3749 3813 3812
f 3750 3814 3813
f 3751 3815 3814
f 3752 3816 3815
f 3761 3819 3818
f 3762 3820 3819
f 3763 3821 3820
f 3764 3822 3821
f 3765 3823 3822
f 3766 3824 3823
f 3767 3825 3824
f 3768 3826 3825
f 3769 3827 3826
f 3770 3828 3827
f 3771 3829 3828
f 3772 3830 3829
f 3773 3831 3830
f 3774 3832 3831
f 3775 3833 3832
f 3776 3834 3833
f 3777 3835 3834
f 3778 3836 3835
f 3779 3837 3836
f 3780 3838 3837
f 3781 3839 3838
f 3784 3842 3841
f 3785 3843 3842
f 3786 3844 3843
f 3787 3845 3844
f 3788 3846 3845
f 3794 3848 3847
f 3795 3849 3848
f 3796 3850 3849
f 3797 3851 3850
f 3798 3852 3851
f 3799 3853 3852
f 3800 3854 3853
f 3801 3855 3854
f 3803 3857 3856
f 3804 3858 3857
f 3805 3859 3858
f 3807 3861 3860
f 3808 3862 3861
f 3809 3863 3862
f 3810 3864 3863
f 3811 3865 3864
f 3812 3866 3865
f 3813 3867 3866
f 3814 3868 3867
f 3815 3869 3868
f 3816 3870 3869
f 3817 3871 3870
f 3820 3874 3873
f 3821 3875 3874
f 3822 3876 3875
f 3823 3877 3876
f 3824 3878 3877
f 3825 3879 3878
f 3826 3880 3879
f 3827 3881 3880
f 3828 3882 3881
f 3829 3883 3882
f 3830 3884 3883
f 3831 3885 3884
f 3832 3886 3885
f 3833 3887 3886
f 3834 3888 3887
f 3835 3889 3888
f 3836 3890 3889
f 3837 3891 3890
f 3838 3892 3891
f 3839 3893 3892
f 3840 3894 3893
f 3849 3899 3898
f 3850 3900 3899
f 3851 3901 3900
f 3852 3902 3901
f 3853 3903 3902
f 3854 3904 3903
f 3858 3906 3905
f 3859 3907 3906
f 3861 3909 3908
f 3862 3910 3909
f 3863 3911 3910
f 3864 3912 3911
f 3865 3913 3912
f 3866 3914 3913
f 3867 3915 3914
f 3868 3916 3915
f 3869 3917 3916
f 3870 3918 3917
f 3871 3919 3918
f 3872 3920 3919
f 3876 3922 3921
f 3877 3923 3922
f 3878 3924 3923
f 3879 3925 3924
f 3880 3926 3925
f 3884 3930 3929
f 3885 3931 3930
f 3886 3932 3931
f 3887 3933 3932
f 3888 3934 3933
f 3889 3935 3934
f 3890 3936 3935
f 3891 3937 3936
f 3892 3938 3937
f 3893 3939 3938
f 3894 3940 3939
f 3899 3943 3942
f 3900 3944 3943
f 3901 3945 3944
f 3902 3946 3945
f 3903 3947 3946
f 3908 3951 3950
f 3909 3952 3951
f 3910 3953 3952
f 3911 3954 3953
f 3912 3955 3954
f 3913 3956 3955
f 3914 3957 3956
f 3915 3958 3957
f 3916 3959 3958
f 3917 3960 3959
f 3918 3961 3960
f 3919 3962 3961
f 3920 3963 3962
f 3936 3966 3965
f 3937 3967 3966
f 3938 3968 3967
f 3939 3969 3968
f 3940 3970 3969
f 3941 3971 3970
f 3944 3973 3972
f 3945 3974 3973
f 3946 3975 3974
f 3951 3978 3977
f 3952 3979 3978
f 3953 3980 3979
f 3954 3981 3980
f 3955 3982 3981
f 3956 3983 3982
f 3957 3984 3983
f 3958 3985 3984
f 3959 3986 3985
f 3960 3987 3986
f 3961 3988 3987
f 3962 3989 3988
f 3963 3990 3989
f 3968 3992 3991
f 3969 3993 3992
f 3970 3994 3993
f 3971 3995 3994
f 3974 3998 3997
f 3975 3999 3998
f 3977 4001 4000
f 3978 4002 4001
f 3979 4003 4002
f 3980 4004 4003
f 3981 4005 4004
f 3982 4006 4005
f 3983 4007 4006
f 3984 4008 4007
f 3985 4009 4008
f 3986 4010 4009
f 3987 4011 4010
f 3988 4012 4011
f 3989 4013 4012
f 3994 4015 4014
f 3995 4016 4015
f 3996 4017 4016
f 4018 4019 4027
f 4019 4020 4028
f 4020 4021 4029
f 4021 4022 4030
f 4026 4027 4040
f 4027 4028 4041
f 4028 4029 4042
f 4029 4030 4043
f 4030 4031 4044
f 4031 4032 4045
f 4032 4033 4046
f 4033 4034 4047
f 4034 4035 4048
f 4035 4036 4049
f 4039 4040 4062
f 4040 4041 4063
f 4041 4042 4064
f 4042 4043 4065
f 4043 4044 4066
f 4044 4045 4067
f 4045 4046 4068
f 4046 4047 4069
f 4047 4048 4070
f 4048 4049 4071
f 4049 4050 4072
f 4050 4051 4073
f 4051 4052 4074
f 4052 4053 4075
f 4053 4054 4076
f 4054 4055 4077
f 4055 4056 4078
f 4056 4057 4079
f 4057 4058 4080
f 4058 4059 4081
f 4059 4060 4082
f 4061 4062 4086
f 4062 4063 4087
f 4063 4064 4088
f 4064 4065 4089
f 4065 4066 4090
f 4066 4067 4091
f 4067 4068 4092
f 4068 4069 4093
f 4069 4070 4094
f 4070 4071 4095
f 4071 4072 4096
f 4072 4073 4097
f 4073 4074 4098
f 4074 4075 4099
f 4075 4076 4100
f 4076 4077 4101
f 4077 4078 4102
f 4078 4079 4103
f 4079 4080 4104
f 4080 4081 4105
f 4081 4082 4106
f 4082 4083 4107
f 4083 4084 4108
f 4085 4086 4113
f 4086 4087 4114
f 4087 4088 4115
f 4088 4089 4116
f 4089 4090 4117
f 4090 4091 4118
f 4091 4092 4119
f 4092 4093 4120
f 4093 4094 4121
f 4094 4095 4122
f 4095 4096 4123
f 4096 4097 4124
f 4097 4098 4125
f 4098 4099 4126
f 4099 4100 4127
f 4100 4101 4128
f 4101 4102 4129
f 4102 4103 4130
f 4103 4104 4131
f 4104 4105 4132
f 4105 4106 4133
f 4106 4107 4134
f 4107 4108 4135
f 4108 4109 4136
f 4109 4110 4137
f 4112 4113 4143
f 4113 4114 4144
f 4114 4115 4145
f 4115 4116 4146
f 4116 4117 4147
f 4117 4118 4148
f 4118 4119 4149
f 4119 4120 4150
f 4120 4121 4151
f 4121 4122 4152
f 4122 4123 4153
f 4123 4124 4154
f 4124 4125 4155
f 4125 4126 4156
f 4126 4127 4157
f 4127 4128 4158
f 4128 4129 4159
f 4129 4130 4160
f 4130 4131 4161
f 4131 4132 4162
f 4132 4133 4163
f 4133 4134 4164
f 4134 4135 4165
f 4135 4136 4166
f 4136 4137 4167
f 4137 4138 4168
f 4138 4139 4169
f 4139 4140 4170
f 4141 4142 4185
f 4142 4143 4186
f 4143 4144 4187
f 4144 4145 4188
f 4145 4146 4189
f 4146 4147 4190
f 4147 4148 4191
f 4148 4149 4192
f 4149 4150 4193
f 4150 4151 4194
f 4151 4152 4195
f 4152 4153 4196
f 4153 4154 4197
f 4154 4155 4198
f 4155 4156 4199
f 4156 4157 4200
f 4157 4158 4201
f 4158 4159 4202
f 4159 4160 4203
f 4160 4161 4204
f 4161 4162 4205
f 4162 4163 4206
f 4163 4164 4207
f 4164 4165 4208
f 4165 4166 4209
f 4166 4167 4210
f 4167 4168 4211
f 4168 4169 4212
f 4169 4170 4213
f 4170 4171 4214
f 4172 4173 4216
f 4173 4174 4217
f 4174 4175 4218
f 4175 4176 4219
f 4176 4177 4220
f 4184 4185 4247
f 4185 4186 4248
f 4186 4187 4249
f 4187 4188 4250
f 4188 4189 4251
f 4189 4190 4252
f 4190 4191 4253
f 4191 4192 4254
f 4192 4193 4255
f 4193 4194 4256
f 4194 4195 4257
f 4195 4196 4258
f 4196 4197 4259
f 4197 4198 4260
f 4198 4199 4261
f 4199 4200 4262
f 4200 4201 4263
f 4201 4202 4264
f 4202 4203 4265
f 4203 4204 4266
f 4204 4205 4267
f 4205 4206 4268
f 4206 4207 4269
f 4207 4208 4270
f 4208 4209 4271
f 4209 4210 4272
f 4210 4211 4273
f 4211 4212 4274
f 4212 4213 4275
f 4213 4214 4276
f 4214 4215 4277
f 4216 4217 4280
f 4217 4218 4281
f 4218 4219 4282
f 4219 4220 4283
f 4220 4221 4284
f 4221 4222 4285
f 4222 4223 4286
f 4223 4224 4287
f 4224 4225 4288
f 4225 4226 4289
f 4227 4228 4291
f 4228 4229 4292
f 4229 4230 4293
f 4230 4231 4294
f 4231 4232 4295
f 4232 4233 4296
f 4233 4234 4297
f 4234 4235 4298
f 4235 4236 4299
f 4236 4237 4300
f 4237 4238 4301
f 4238 4239 4302
f 4239 4240 4303
f 4240 4241 4304
f 4241 4242 4305
f 4242 4243 4306
f 4243 4244 4307
f 4244 4245 4308
f 4247 4248 4313
f 4248 4249 4314
f 4249 4250 4315
f 4250 4251 4316
f 4251 4252 4317
f 4252 4253 4318
f 4253 4254 4319
f 4254 4255 4320
f 4255 4256 4321
f 4256 4257 4322
f 4257 4258 4323
f 4258 4259 4324
f 4259 4260 4325
f 4260 4261 4326
f 4261 4262 4327
f 4262 4263 4328
f 4263 4264 4329
f 4264 4265 4330
f 4265 4266 4331
f 4266 4267 4332
f 4267 4268 4333
f 4268 4269 4334
f 4269 4270 4335
f 4270 4271 4336
f 4271 4272 4337
f 4272 4273 4338
f 4273 4274 4339
f 4274 4275 4340
f 4275 4276 4341
f 4276 4277 4342
f 4277 4278 4343
f 4280 4281 4346
f 4281 4282 4347
f 4282 4283 4348
f 4283 4284 4349
f 4284 4285 4350
f 4285 4286 4351
f 4286 4287 4352
f 4287 4288 4353
f 4288 4289 4354
f 4289 4290 4355
f 4291 4292 4358
f 4292 4293 4359
f 4293 4294 4360
f 4294 4295 4361
f 4295 4296 4362
f 4296 4297 4363
f 4297 4298 4364
f 4298 4299 4365
f 4299 4300 4366
f 4300 4301 4367
f 4301 4302 4368
f 4302 4303 4369
f 4303 4304 4370
f 4304 4305 4371
f 4305 4306 4372
f 4306 4307 4373
f 4307 4308 4374
f 4308 4309 4375
f 4309 4310 4376
f 4310 4311 4377
f 4312 4313 4381
f 4313 4314 4382
f 4314 4315 4383
f 4315 4316 4384
f 4316 4317 4385
f 4317 4318 4386
f 4318 4319 4387
f 4319 4320 4388
f 4320 4321 4389
f 4321 4322 4390
f 4322 4323 4391
f 4323 4324 4392
f 4324 4325 4393
f 4325 4326 4394
f 4326 4327 4395
f 4327 4328 4396
f 4328 4329 4397
f 4329 4330 4398
f 4330 4331 4399
f 4331 4332 4400
f 4332 4333 4401
f 4333 4334 4402
f 4334 4335 4403
f 4335 4336 4404
f 4336 4337 4405
f 4337 4338 4406
f 4338 4339 4407
f 4339 4340 4408
f 4340 4341 4409
f 4341 4342 4410
f 4342 4343 4411
f 4343 4344 4412
f 4349 4350 4415
f 4350 4351 4416
f 4351 4352 4417
f 4352 4353 4418
f 4353 4354 4419
f 4354 4355 4420
f 4355 4356 4421
f 4358 4359 4424
f 4359 4360 4425
f 4360 4361 4426
f 4361 4362 4427
f 4362 4363 4428
f 4363 4364 4429
f 4364 4365 4430
f 4365 4366 4431
f 4366 4367 4432
f 4367 4368 4433
f 4368 4369 4434
f 4369 4370 4435
f 4370 4371 4436
f 4371 4372 4437
f 4372 4373 4438
f 4373 4374 4439
f 4374 4375 4440
f 4375 4376 4441
f 4376 4377 4442
f 4377 4378 4443
f 4378 4379 4444
f 4380 4381 4448
f 4381 4382 4449
f 4382 4383 4450
f 4383 4384 4451
f 4384 4385 4452
f 4385 4386 4453
f 4386 4387 4454
f 4387 4388 4455
f 4388 4389 4456
f 4389 4390 4457
f 4390 4391 4458
f 4391 4392 4459
f 4392 4393 4460
f 4393 4394 4461
f 4394 4395 4462
f 4395 4396 4463
f 4396 4397 4464
f 4397 4398 4465
f 4398 4399 4466
f 4399 4400 4467
f 4400 4401 4468
f 4401 4402 4469
f 4402 4403 4470
f 4403 4404 4471
f 4404 4405 4472
f 4405 4406 4473
f 4406 4407 4474
f 4407 4408 4475
f 4408 4409 4476
f 4409 4410 4477
f 4410 4411 4478
f 4411 4412 4479
f 4412 4413 4480
f 4413 4414 4481
f 4424 4425 4483
f 4425 4426 4484
f 4426 4427 4485
f 4427 4428 4486
f 4428 4429 4487
f 4429 4430 4488
f 4430 4431 4489
f 4431 4432 4490
f 4432 4433 4491
f 4433 4434 4492
f 4434 4435 4493
f 4435 4436 4494
f 4436 4437 4495
f 4437 4438 4496
f 4438 4439 4497
f 4439 4440 4498
f 4440 4441 4499
f 4441 4442 4500
f 4442 4443 4501
f 4443 4444 4502
f 4444 4445 4503
f 4445 4446 4504
f 4447 4448 4507
f 4448 4449 4508
f 4449 4450 4509
f 4450 4451 4510
f 4451 4452 4511
f 4452 4453 4512
f 4453 4454 4513
f 4454 4455 4514
f 4455 4456 4515
f 4456 4457 4516
f 4457 4458 4517
f 4458 4459 4518
f 4459 4460 4519
f 4460 4461 4520
f 4461 4462 4521
f 4462 4463 4522
f 4463 4464 4523
f 4464 4465 4524
f 4465 4466 4525
f 4466 4467 4526
f 4467 4468 4527
f 4468 4469 4528
f 4469 4470 4529
f 4470 4471 4530
f 4471 4472 4531
f 4472 4473 4532
f 4473 4474 4533
f 4474 4475 4534
f 4475 4476 4535
f 4476 4477 4536
f 4477 4478 4537
f 4478 4479 4538
f 4479 4480 4539
f 4480 4481 4540
f 4481 4482 4541
f 4483 4484 4553
f 4484 4485 4554
f 4485 4486 4555
f 4486 4487 4556
f 4487 4488 4557
f 4488 4489 4558
f 4489 4490 4559
f 4490 4491 4560
f 4491 4492 4561
f 4492 4493 4562
f 4493 4494 4563
f 4494 4495 4564
f 4495 4496 4565
f 4496 4497 4566
f 4497 4498 4567
f 4498 4499 4568
f 4499 4500 4569
f 4500 4501 4570
f 4501 4502 4571
f 4502 4503 4572
f 4503 4504 4573
f 4504 4505 4574
f 4506 4507 4578
f 4507 4508 4579
f 4508 4509 4580
f 4509 4510 4581
f 4510 4511 4582
f 4511 4512 4583
f 4512 4513 4584
f 4513 4514 4585
f 4514 4515 4586
f 4515 4516 4587
f 4516 4517 4588
f 4517 4518 4589
f 4518 4519 4590
f 4519 4520 4591
f 4520 4521 4592
f 4521 4522 4593
f 4522 4523 4594
f 4523 4524 4595
f 4524 4525 4596
f 4525 4526 4597
f 4526 4527 4598
f 4527 4528 4599
f 4528 4529 4600
f 4529 4530 4601
f 4530 4531 4602
f 4531 4532 4603
f 4532 4533 4604
f 4533 4534 4605
f 4534 4535 4606
f 4535 4536 4607
f 4536 4537 4608
f 4537 4538 4609
f 4538 4539 4610
f 4539 4540 4611
f 4540 4541 4612
f 4541 4542 4613
f 4542 4543 4614
f 4543 4544 4615
f 4544 4545 4616
f 4545 4546 4617
f 4546 4547 4618
f 4552 4553 4629
f 4553 4554 4630
f 4554 4555 4631
f 4555 4556 4632
f 4556 4557 4633
f 4557 4558 4634
f 4558 4559 4635
f 4559 4560 4636
f 4560 4561 4637
f 4561 4562 4638
f 4562 4563 4639
f 4563 4564 4640
f 4564 4565 4641
f 4565 4566 4642
f 4566 4567 4643
f 4567 4568 4644
f 4568 4569 4645
f 4569 4570 4646
f 4570 4571 4647
f 4571 4572 4648
f 4572 4573 4649
f 4573 4574 4650
f 4574 4575 4651
f 4575 4576 4652
f 4577 4578 4656
f 4578 4579 4657
f 4579 4580 4658
f 4580 4581 4659
f 4581 4582 4660
f 4582 4583 4661
f 4583 4584 4662
f 4584 4585 4663
f 4585 4586 4664
f 4586 4587 4665
f 4587 4588 4666
f 4588 4589 4667
f 4589 4590 4668
f 4590 4591 4669
f 4591 4592 4670
f 4592 4593 4671
f 4593 4594 4672
f 4594 4595 4673
f 4595 4596 4674
f 4596 4597 4675
f 4597 4598 4676
f 4598 4599 4677
f 4599 4600 4678
f 4600 4601 4679
f 4601 4602 4680
f 4602 4603 4681
f 4603 4604 4682
f 4604 4605 4683
f 4605 4606 4684
f 4606 4607 4685
f 4607 4608 4686
f 4608 4609 4687
f 4609 4610 4688
f 4610 4611 4689
f 4611 4612 4690
f 4612 4613 4691
f 4613 4614 4692
f 4614 4615 4693
f 4615 4616 4694
f 4616 4617 4695
f 4617 4618 4696
f 4618 4619 4697
f 4619 4620 4698
f 4620 4621 4699
f 4621 4622 4700
f 4622 4623 4701
f 4623 4624 4702
f 4624 4625 4703
f 4625 4626 4704
f 4626 4627 4705
f 4628 4629 4707
f 4629 4630 4708
f 4630 4631 4709
f 4631 4632 4710
f 4632 4633 4711
f 4633 4634 4712
f 4634 4635 4713
f 4635 4636 4714
f 4636 4637 4715
f 4637 4638 4716
f 4638 4639 4717
f 4639 4640 4718
f 4640 4641 4719
f 4641 4642 4720
f 4642 4643 4721
f 4643 4644 4722
f 4644 4645 4723
f 4645 4646 4724
f 4646 4647 4725
f 4647 4648 4726
f 4648 4649 4727
f 4649 4650 4728
f 4650 4651 4729
f 4651 4652 4730
f 4652 4653 4731
f 4654 4655 4735
f 4655 4656 4736
f 4656 4657 4737
f 4657 4658 4738
f 4658 4659 4739
f 4659 4660 4740
f 4660 4661 4741
f 4661 4662 4742
f 4662 4663 4743
f 4663 4664 4744
f 4664 4665 4745
f 4665 4666 4746
f 4666 4667 4747
f 4667 4668 4748
f 4668 4669 4749
f 4669 4670 4750
f 4670 4671 4751
f 4671 4672 4752
f 4672 4673 4753
f 4673 4674 4754
f 4674 4675 4755
f 4675 4676 4756
f 4676 4677 4757
f 4677 4678 4758
f 4678 4679 4759
f 4679 4680 4760
f 4680 4681 4761
f 4681 4682 4762
f 4682 4683 4763
f 4683 4684 4764
f 4684 4685 4765
f 4685 4686 4766
f 4686 4687 4767
f 4687 4688 4768
f 4688 4689 4769
f 4689 4690 4770
f 4690 4691 4771
f 4691 4692 4772
f 4692 4693 4773
f 4693 4694 4774
f 4694 4695 4775
f 4695 4696 4776
f 4696 4697 4777
f 4697 4698 4778
f 4698 4699 4779
f 4699 4700 4780
f 4700 4701 4781
f 4701 4702 4782
f 4702 4703 4783
f 4703 4704 4784
f 4704 4705 4785
f 4705 4706 4786
f 4707 4708 4789
f 4708 4709 4790
f 4709 4710 4791
f 4710 4711 4792
f 4711 4712 4793
f 4712 4713 4794
f 4713 4714 4795
f 4714 4715 4796
f 4715 4716 4797
f 4716 4717 4798
f 4717 4718 4799
f 4718 4719 4800
f 4719 4720 4801
f 4720 4721 4802
f 4721 4722 4803
f 4722 4723 4804
f 4723 4724 4805
f 4724 4725 4806
f 4725 4726 4807
f 4726 4727 4808
f 4727 4728 4809
f 4728 4729 4810
f 4729 4730 4811
f 4730 4731 4812
f 4731 4732 4813
f 4732 4733 4814
f 4734 4735 4817
f 4735 4736 4818
f 4736 4737 4819
f 4737 4738 4820
f 4738 4739 4821
f 4739 4740 4822
f 4740 4741 4823
f 4741 4742 4824
f 4742 4743 4825
f 4743 4744 4826
f 4744 4745 4827
f 4745 4746 4828
f 4746 4747 4829
f 4747 4748 4830
f 4748 4749 4831
f 4749 4750 4832
f 4750 4751 4833
f 4751 4752 4834
f 4752 4753 4835
f 4753 4754 4836
f 4754 4755 4837
f 4755 4756 4838
f 4756 4757 4839
f 4757 4758 4840
f 4758 4759 4841
f 4759 4760 4842
f 4760 4761 4843
f 4761 4762 4844
f 4762 4763 4845
f 4763 4764 4846
f 4764 4765 4847
f 4765 4766 4848
f 4766 4767 4849
f 4767 4768 4850
f 4768 4769 4851
f 4769 4770 4852
f 4770 4771 4853
f 4771 4772 4854
f 4772 4773 4855
f 4773 4774 4856
f 4774 4775 4857
f 4775 4776 4858
f 4776 4777 4859
f 4777 4778 4860
f 4778 4779 4861
f 4779 4780 4862
f 4780 4781 4863
f 4781 4782 4864
f 4782 4783 4865
f 4783 4784 4866
f 4784 4785 4867
f 4785 4786 4868
f 4786 4787 4869
f 4787 4788 4870
f 4789 4790 4872
f 4790 4791 4873
f 4791 4792 4874
f 4792 4793 4875
f 4793 4794 4876
f 4794 4795 4877
f 4795 4796 4878
f 4796 4797 4879
f 4797 4798 4880
f 4798 4799 4881
f 4799 4800 4882
f 4800 4801 4883
f 4801 4802 4884
f 4802 4803 4885
f 4803 4804 4886
f 4804 4805 4887
f 4805 4806 4888
f 4806 4807 4889
f 4807 4808 4890
f 4808 4809 4891
f 4809 4810 4892
f 4810 4811 4893
f 4811 4812 4894
f 4812 4813 4895
f 4813 4814 4896
f 4814 4815 4897
f 4815 4816 4898
f 4817 4818 4901
f 4818 4819 4902
f 4819 4820 4903
f 4820 4821 4904
f 4821 4822 4905
f 4822 4823 4906
f 4823 4824 4907
f 4824 4825 4908
f 4825 4826 4909
f 4826 4827 4910
f 4827 4828 4911
f 4828 4829 4912
f 4829 4830 4913
f 4830 4831 4914
f 4831 4832 4915
f 4832 4833 4916
f 4833 4834 4917
f 4834 4835 4918
f 4835 4836 4919
f 4836 4837 4920
f 4837 4838 4921
f 4838 4839 4922
f 4839 4840 4923
f 4840 4841 4924
f 4841 4842 4925
f 4842 4843 4926
f 4843 4844 4927
f 4844 4845 4928
f 4845 4846 4929
f 4846 4847 4930
f 4847 4848 4931
f 4848 4849 4932
f 4849 4850 4933
f 4850 4851 4934
f 4851 4852 4935
f 4852 4853 4936
f 4853 4854 4937
f 4854 4855 4938
f 4855 4856 4939
f 4856 4857 4940
f 4857 4858 4941
f 4858 4859 4942
f 4859 4860 4943
f 4860 4861 4944
f 4861 4862 4945
f 4862 4863 4946
f 4863 4864 4947
f 4864 4865 4948
f 4865 4866 4949
f 4866 4867 4950
f 4867 4868 4951
f 4868 4869 4952
f 4869 4870 4953
f 4870 4871 4954
f 4872 4873 4956
f 4873 4874 4957
f 4874 4875 4958
f 4875 4876 4959
f 4876 4877 4960
f 4877 4878 4961
f 4878 4879 4962
f 4879 4880 4963
f 4880 4881 4964
f 4881 4882 4965
f 4882 4883 4966
f 4883 4884 4967
f 4884 4885 4968
f 4885 4886 4969
f 4886 4887 4970
f 4887 4888 4971
f 4888 4889 4972
f 4889 4890 4973
f 4890 4891 4974
f 4891 4892 4975
f 4892 4893 4976
f 4893 4894 4977
f 4894 4895 4978
f 4895 4896 4979
f 4896 4897 4980
f 4897 4898 4981
f 4898 4899 4982
f 4899 4900 4983
f 4901 4902 4985
f 4902 4903 4986
f 4903 4904 4987
f 4904 4905 4988
f 4905 4906 4989
f 4906 4907 4990
f 4907 4908 4991
f 4908 4909 4992
f 4909 4910 4993
f 4910 4911 4994
f 4911 4912 4995
f 4912 4913 4996
f 4913 4914 4997
f 4914 4915 4998
f 4915 4916 4999
f 4916 4917 5000
f 4917 4918 5001
f 4918 4919 5002
f 4919 4920 5003
f 4920 4921 5004
f 4921 4922 5005
f 4922 4923 5006
f 4923 4924 5007
f 4924 4925 5008
f 4925 4926 5009
f 4926 4927 5010
f 4927 4928 5011
f 4928 4929 5012
f 4929 4930 5013
f 4930 4931 5014
f 4931 4932 5015
f 4932 4933 5016
f 4933 4934 5017
f 4934 4935 5018
f 4935 4936 5019
f 4936 4937 5020
f 4937 4938 5021
f 4938 4939 5022
f 4939 4940 5023
f 4940 4941 5024
f 4941 4942 5025
f 4942 4943 5026
f 4943 4944 5027
f 4944 4945 5028
f 4945 4946 5029
f 4946 4947 5030
f 4947 4948 5031
f 4948 4949 5032
f 4949 4950 5033
f 4950 4951 5034
f 4951 4952 5035
f 4952 4953 5036
f 4953 4954 5037
f 4954 4955 5038
f 4956 4957 5040
f 4957 4958 5041
f 4958 4959 5042
f 4959 4960 5043
f 4960 4961 5044
f 4961 4962 5045
f 4962 4963 5046
f 4963 4964 5047
f 4964 4965 5048
f 4965 4966 5049
f 4966 4967 5050
f 4967 4968 5051
f 4968 4969 5052
f 4969 4970 5053
f 4970 4971 5054
f 4971 4972 5055
f 4972 4973 5056
f 4973 4974 5057
f 4974 4975 5058
f 4975 4976 5059
f 4976 4977 5060
f 4977 4978 5061
f 4978 4979 5062
f 4979 4980 5063
f 4980 4981 5064
f 4981 4982 5065
f 4982 4983 5066
f 4983 4984 5067
f 4985 4986 5070
f 4986 4987 5071
f 4987 4988 5072
f 4988 4989 5073
f 4989 4990 5074
f 4990 4991 5075
f 4991 4992 5076
f 4992 4993 5077
f 4993 4994 5078
f 4994 4995 5079
f 4995 4996 5080
f 4996 4997 5081
f 4997 4998 5082
f 4998 4999 5083
f 4999 5000 5084
f 5000 5001 5085
f 5001 5002 5086
f 5002 5003 5087
f 5003 5004 5088
f 5004 5005 5089
f 5005 5006 5090
f 5006 5007 5091
f 5007 5008 5092
f 5008 5009 5093
f 5009 5010 5094
f 5010 5011 5095
f 5011 5012 5096
f 5012 5013 5097
f 5013 5014 5098
f 5014 5015 5099
f 5015 5016 5100
f 5016 5017 5101
f 5017 5018 5102
f 5018 5019 5103
f 5019 5020 5104
f 5020 5021 5105
f 5021 5022 5106
f 5022 5023 5107
f 5023 5024 5108
f 5024 5025 5109
f 5025 5026 5110
f 5026 5027 5111
f 5027 5028 5112
f 5028 5029 5113
f 5029 5030 5114
f 5030 5031 5115
f 5031 5032 5116
f 5032 5033 5117
f 5033 5034 5118
f 5034 5035 5119
f 5035 5036 5120
f 5036 5037 5121
f 5037 5038 5122
f 5038 5039 5123
f 5040 5041 5125
f 5041 5042 5126
f 5042 5043 5127
f 5043 5044 5128
f 5044 5045 5129
f 5045 5046 5130
f 5046 5047 5131
f 5047 5048 5132
f 5048 5049 5133
f 5049 5050 5134
f 5050 5051 5135
f 5051 5052 5136
f 5052 5053 5137
f 5053 5054 5138
f 5054 5055 5139
f 5055 5056 5140
f 5056 5057 5141
f 5057 5058 5142
f 5058 5059 5143
f 5059 5060 5144
f 5060 5061 5145
f 5061 5062 5146
f 5062 5063 5147
f 5063 5064 5148
f 5064 5065 5149
f 5065 5066 5150
f 5066 5067 5151
f 5067 5068 5152
f 5068 5069 5153
f 5070 5071 5157
f 5071 5072 5158
f 5072 5073 5159
f 5073 5074 5160
f 5074 5075 5161
f 5075 5076 5162
f 5076 5077 5163
f 5077 5078 5164
f 5078 5079 5165
f 5079 5080 5166
f 5080 5081 5167
f 5081 5082 5168
f 5082 5083 5169
f 5083 5084 5170
f 5084 5085 5171
f 5085 5086 5172
f 5086 5087 5173
f 5087 5088 5174
f 5088 5089 5175
f 5089 5090 5176
f 5090 5091 5177
f 5091 5092 5178
f 5092 5093 5179
f 5093 5094 5180
f 5094 5095 5181
f 5095 5096 5182
f 5096 5097 5183
f 5097 5098 5184
f 5098 5099 5185
f 5099 5100 5186
f 5100 5101 5187
f 5101 5102 5188
f 5102 5103 5189
f 5103 5104 5190
f 5104 5105 5191
f 5105 5106 5192
f 5106 5107 5193
f 5107 5108 5194
f 5108 5109 5195
f 5109 5110 5196
f 5110 5111 5197
f 5111 5112 5198
f 5112 5113 5199
f 5113 5114 5200
f 5114 5115 5201
f 5115 5116 5202
f 5116 5117 5203
f 5117 5118 5204
f 5118 5119 5205
f 5119 5120 5206
f 5120 5121 5207
f 5121 5122 5208
f 5122 5123 5209
f 5123 5124 5210
f 5125 5126 5212
f 5126 5127 5213
f 5127 5128 5214
f 5128 5129 5215
f 5129 5130 5216
f 5130 5131 5217
f 5131 5132 5218
f 5132 5133 5219
f 5133 5134 5220
f 5134 5135 5221
f 5135 5136 5222
f 5136 5137 5223
f 5137 5138 5224
f 5138 5139 5225
f 5139 5140 5226
f 5140 5141 5227
f 5141 5142 5228
f 5142 5143 5229
f 5143 5144 5230
f 5144 5145 5231
f 5145 5146 5232
f 5146 5147 5233
f 5147 5148 5234
f 5148 5149 5235
f 5149 5150 5236
f 5150 5151 5237
f 5151 5152 5238
f 5152 5153 5239
f 5153 5154 5240
f 5154 5155 5241
f 5156 5157 5243
f 5157 5158 5244
f 5158 5159 5245
f 5159 5160 5246
f 5160 5161 5247
f 5161 5162 5248
f 5162 5163 5249
f 5163 5164 5250
f 5164 5165 5251
f 5165 5166 5252
f 5166 5167 5253
f 5167 5168 5254
f 5168 5169 5255
f 5169 5170 5256
f 5170 5171 5257
f 5171 5172 5258
f 5172 5173 5259
f 5173 5174 5260
f 5174 5175 5261
f 5175 5176 5262
f 5176 5177 5263
f 5177 5178 5264
f 5178 5179 5265
f 5179 5180 5266
f 5180 5181 5267
f 5181 5182 5268
f 5182 5183 5269
f 5183 5184 5270
f 5184 5185 5271
f 5185 5186 5272
f 5186 5187 5273
f 5187 5188 5274
f 5188 5189 5275
f 5189 5190 5276
f 5190 5191 5277
f 5191 5192 5278
f 5192 5193 5279
f 5193 5194 5280
f 5194 5195 5281
f 5195 5196 5282
f 5196 5197 5283
f 5197 5198 5284
f 5198 5199 5285
f 5199 5200 5286
f 5200 5201 5287
f 5201 5202 5288
f 5202 5203 5289
f 5203 5204 5290
f 5204 5205 5291
f 5205 5206 5292
f 5206 5207 5293
f 5207 5208 5294
f 5208 5209 5295
f 5209 5210 5296
f 5210 5211 5297
f 5212 5213 5300
f 5213 5214 5301
f 5214 5215 5302
f 5215 5216 5303
f 5216 5217 5304
f 5217 5218 5305
f 5218 5219 5306
f 5219 5220 5307
f 5220 5221 5308
f 5221 5222 5309
f 5222 5223 5310
f 5223 5224 5311
f 5224 5225 5312
f 5225 5226 5313
f 5226 5227 5314
f 5227 5228 5315
f 5228 5229 5316
f 5229 5230 5317
f 5230 5231 5318
f 5231 5232 5319
f 5232 5233 5320
f 5233 5234 5321
f 5234 5235 5322
f 5235 5236 5323
f 5236 5237 5324
f 5237 5238 5325
f 5238 5239 5326
f 5239 5240 5327
f 5240 5241 5328
f 5241 5242 5329
f 5243 5244 5332
f 5244 5245 5333
f 5245 5246 5334
f 5246 5247 5335
f 5247 5248 5336
f 5248 5249 5337
f 5249 5250 5338
f 5250 5251 5339
f 5251 5252 5340
f 5252 5253 5341
f 5253 5254 5342
f 5254 5255 5343
f 5255 5256 5344
f 5256 5257 5345
f 5257 5258 5346
f 5258 5259 5347
f 5259 5260 5348
f 5260 5261 5349
f 5261 5262 5350
f 5262 5263 5351
f 5263 5264 5352
f 5264 5265 5353
f 5265 5266 5354
f 5266 5267 5355
f 5267 5268 5356
f 5268 5269 5357
f 5269 5270 5358
f 5270 5271 5359
f 5271 5272 5360
f 5272 5273 5361
f 5273 5274 5362
f 5274 5275 5363
f 5275 5276 5364
f 5276 5277 5365
f 5277 5278 5366
f 5278 5279 5367
f 5279 5280 5368
f 5280 5281 5369
f 5281 5282 5370
f 5282 5283 5371
f 5283 5284 5372
f 5284 5285 5373
f 5285 5286 5374
f 5286 5287 5375
f 5287 5288 5376
f 5288 5289 5377
f 5289 5290 5378
f 5290 5291 5379
f 5291 5292 5380
f 5292 5293 5381
f 5293 5294 5382
f 5294 5295 5383
f 5295 5296 5384
f 5296 5297 5385
f 5297 5298 5386
f 5299 5300 5389
f 5300 5301 5390
f 5301 5302 5391
f 5302 5303 5392
f 5303 5304 5393
f 5304 5305 5394
f 5305 5306 5395
f 5306 5307 5396
f 5307 5308 5397
f 5308 5309 5398
f 5309 5310 5399
f 5310 5311 5400
f 5311 5312 5401
f 5312 5313 5402
f 5313 5314 5403
f 5314 5315 5404
f 5315 5316 5405
f 5316 5317 5406
f 5317 5318 5407
f 5318 5319 5408
f 5319 5320 5409
f 5320 5321 5410
f 5321 5322 5411
f 5322 5323 5412
f 5323 5324 5413
f 5324 5325 5414
f 5325 5326 5415
f 5326 5327 5416
f 5327 5328 5417
f 5328 5329 5418
f 5329 5330 5419
f 5330 5331 5420
f 5335 5336 5423
f 5336 5337 5424
f 5337 5338 5425
f 5338 5339 5426
f 5339 5340 5427
f 5340 5341 5428
f 5341 5342 5429
f 5342 5343 5430
f 5343 5344 5431
f 5344 5345 5432
f 5345 5346 5433
f 5346 5347 5434
f 5347 5348 5435
f 5348 5349 5436
f 5349 5350 5437
f 5350 5351 5438
f 5351 5352 5439
f 5352 5353 5440
f 5353 5354 5441
f 5354 5355 5442
f 5355 5356 5443
f 5356 5357 5444
f 5357 5358 5445
f 5358 5359 5446
f 5359 5360 5447
f 5360 5361 5448
f 5361 5362 5449
f 5362 5363 5450
f 5363 5364 5451
f 5364 5365 5452
f 5365 5366 5453
f 5366 5367 5454
f 5367 5368 5455
f 5368 5369 5456
f 5369 5370 5457
f 5370 5371 5458
f 5371 5372 5459
f 5372 5373 5460
f 5373 5374 5461
f 5374 5375 5462
f 5375 5376 5463
f 5376 5377 5464
f 5377 5378 5465
f 5378 5379 5466
f 5379 5380 5467
f 5380 5381 5468
f 5381 5382 5469
f 5382 5383 5470
f 5383 5384 5471
f 5384 5385 5472
f 5385 5386 5473
f 5386 5387 5474
f 5388 5389 5476
f 5389 5390 5477
f 5390 5391 5478
f 5391 5392 5479
f 5392 5393 5480
f 5393 5394 5481
f 5394 5395 5482
f 5395 5396 5483
f 5396 5397 5484
f 5397 5398 5485
f 5398 5399 5486
f 5399 5400 5487
f 5400 5401 5488
f 5401 5402 5489
f 5402 5403 5490
f 5403 5404 5491
f 5404 5405 5492
f 5405 5406 5493
f 5406 5407 5494
f 5407 5408 5495
f 5408 5409 5496
f 5409 5410 5497
f 5410 5411 5498
f 5411 5412 5499
f 5412 5413 5500
f 5413 5414 5501
f 5414 5415 5502
f 5415 5416 5503
f 5416 5417 5504
f 5417 5418 5505
f 5418 5419 5506
f 5419 5420 5507
f 5420 5421 5508
f 5421 5422 5509
f 5424 5425 5511
f 5425 5426 5512
f 5426 5427 5513
f 5427 5428 5514
f 5428 5429 5515
f 5429 5430 5516
f 5430 5431 5517
f 5431 5432 5518
f 5432 5433 5519
f 5433 5434 5520
f 5434 5435 5521
f 5435 5436 5522
f 5436 5437 5523
f 5437 5438 5524
f 5438 5439 5525
f 5439 5440 5526
f 5440 5441 5527
f 5441 5442 5528
f 5442 5443 5529
f 5443 5444 5530
f 5444 5445 5531
f 5445 5446 5532
f 5446 5447 5533
f 5447 5448 5534
f 5448 5449 5535
f 5449 5450 5536
f 5450 5451 5537
f 5451 5452 5538
f 5452 5453 5539
f 5453 5454 5540
f 5454 5455 5541
f 5455 5456 5542
f 5456 5457 5543
f 5457 5458 5544
f 5458 5459 5545
f 5459 5460 5546
f 5460 5461 5547
f 5461 5462 5548
f 5462 5463 5549
f 5463 5464 5550
f 5464 5465 5551
f 5465 5466 5552
f 5466 5467 5553
f 5467 5468 5554
f 5468 5469 5555
f 5469 5470 5556
f 5470 5471 5557
f 5471 5472 5558
f 5472 5473 5559
f 5473 5474 5560
f 5474 5475 5561
f 5476 5477 5563
f 5477 5478 5564
f 5478 5479 5565
f 5479 5480 5566
f 5480 5481 5567
f 5481 5482 5568
f 5482 5483 5569
f 5483 5484 5570
f 5484 5485 5571
f 5485 5486 5572
f 5486 5487 5573
f 5487 5488 5574
f 5488 5489 5575
f 5489 5490 5576
f 5490 5491 5577
f 5491 5492 5578
f 5492 5493 5579
f 5493 5494 5580
f 5494 5495 5581
f 5495 5496 5582
f 5496 5497 5583
f 5497 5498 5584
f 5498 5499 5585
f 5499 5500 5586
f 5500 5501 5587
f 5501 5502 5588
f 5502 5503 5589
f 5503 5504 5590
f 5504 5505 5591
f 5505 5506 5592
f 5506 5507 5593
f 5507 5508 5594
f 5508 5509 5595
f 5509 5510 5596
f 5512 5513 5599
f 5513 5514 5600
f 5514 5515 5601
f 5515 5516 5602
f 5516 5517 5603
f 5517 5518 5604
f 5518 5519 5605
f 5519 5520 5606
f 5520 5521 5607
f 5521 5522 5608
f 5522 5523 5609
f 5523 5524 5610
f 5524 5525 5611
f 5525 5526 5612
f 5526 5527 5613
f 5527 5528 5614
f 5528 5529 5615
f 5529 5530 5616
f 5530 5531 5617
f 5531 5532 5618
f 5532 5533 5619
f 5533 5534 5620
f 5534 5535 5621
f 5535 5536 5622
f 5536 5537 5623
f 5537 5538 5624
f 5538 5539 5625
f 5539 5540 5626
f 5540 5541 5627
f 5541 5542 5628
f 5542 5543 5629
f 5543 5544 5630
f 5544 5545 5631
f 5545 5546 5632
f 5546 5547 5633
f 5547 5548 5634
f 5548 5549 5635
f 5549 5550 5636
f 5550 5551 5637
f 5551 5552 5638
f 5552 5553 5639
f 5553 5554 5640
f 5554 5555 5641
f 5555 5556 5642
f 5556 5557 5643
f 5557 5558 5644
f 5558 5559 5645
f 5559 5560 5646
f 5560 5561 5647
f 5561 5562 5648
f 5563 5564 5650
f 5564 5565 5651
f 5565 5566 5652
f 5566 5567 5653
f 5567 5568 5654
f 5568 5569 5655
f 5569 5570 5656
f 5570 5571 5657
f 5571 5572 5658
f 5572 5573 5659
f 5573 5574 5660
f 5574 5575 5661
f 5575 5576 5662
f 5576 5577 5663
f 5577 5578 5664
f 5578 5579 5665
f 5579 5580 5666
f 5580 5581 5667
f 5581 5582 5668
f 5582 5583 5669
f 5583 5584 5670
f 5584 5585 5671
f 5585 5586 5672
f 5586 5587 5673
f 5587 5588 5674
f 5588 5589 5675
f 5589 5590 5676
f 5590 5591 5677
f 5591 5592 5678
f 5592 5593 5679
f 5593 5594 5680
f 5594 5595 5681
f 5595 5596 5682
f 5596 5597 5683
f 5597 5598 5684
f 5602 5603 5688
f 5603 5604 5689
f 5604 5605 5690
f 5605 5606 5691
f 5606 5607 5692
f 5607 5608 5693
f 5608 5609 5694
f 5609 5610 5695
f 5610 5611 5696
f 5611 5612 5697
f 5612 5613 5698
f 5613 5614 5699
f 5614 5615 5700
f 5615 5616 5701
f 5616 5617 5702
f 5617 5618 5703
f 5618 5619 5704
f 5619 5620 5705
f 5620 5621 5706
f 5621 5622 5707
f 5622 5623 5708
f 5623 5624 5709
f 5624 5625 5710
f 5625 5626 5711
f 5626 5627 5712
f 5627 5628 5713
f 5628 5629 5714
f 5629 5630 5715
f 5630 5631 5716
f 5631 5632 5717
f 5632 5633 5718
f 5633 5634 5719
f 5634 5635 5720
f 5635 5636 5721
f 5636 5637 5722
f 5637 5638 5723
f 5638 5639 5724
f 5639 5640 5725
f 5640 5641 5726
f 5641 5642 5727
f 5642 5643 5728
f 5643 5644 5729
f 5644 5645 5730
f 5645 5646 5731
f 5646 5647 5732
f 5647 5648 5733
f 5648 5649 5734
f 5650 5651 5736
f 5651 5652 5737
f 5652 5653 5738
f 5653 5654 5739
f 5654 5655 5740
f 5655 5656 5741
f 5656 5657 5742
f 5657 5658 5743
f 5658 5659 5744
f 5659 5660 5745
f 5660 5661 5746
f 5661 5662 5747
f 5662 5663 5748
f 5663 5664 5749
f 5664 5665 5750
f 5665 5666 5751
f 5666 5667 5752
f 5667 5668 5753
f 5668 5669 5754
f 5669 5670 5755
f 5670 5671 5756
f 5671 5672 5757
f 5672 5673 5758
f 5673 5674 5759
f 5674 5675 5760
f 5675 5676 5761
f 5676 5677 5762
f 5677 5678 5763
f 5678 5679 5764
f 5679 5680 5765
f 5680 5681 5766
f 5681 5682 5767
f 5682 5683 5768
f 5683 5684 5769
f 5684 5685 5770
f 5685 5686 5771
f 5687 5688 5776
f 5688 5689 5777
f 5689 5690 5778
f 5690 5691 5779
f 5691 5692 5780
f 5692 5693 5781
f 5693 5694 5782
f 5694 5695 5783
f 5695 5696 5784
f 5696 5697 5785
f 5697 5698 5786
f 5698 5699 5787
f 5699 5700 5788
f 5700 5701 5789
f 5701 5702 5790
f 5702 5703 5791
f 5703 5704 5792
f 5704 5705 5793
f 5705 5706 5794
f 5706 5707 5795
f 5707 5708 5796
f 5708 5709 5797
f 5709 5710 5798
f 5710 5711 5799
f 5711 5712 5800
f 5712 5713 5801
f 5713 5714 5802
f 5714 5715 5803
f 5715 5716 5804
f 5716 5717 5805
f 5717 5718 5806
f 5718 5719 5807
f 5719 5720 5808
f 5720 5721 5809
f 5721 5722 5810
f 5722 5723 5811
f 5723 5724 5812
f 5724 5725 5813
f 5725 5726 5814
f 5726 5727 5815
f 5727 5728 5816
f 5728 5729 5817
f 5729 5730 5818
f 5730 5731 5819
f 5731 5732 5820
f 5732 5733 5821
f 5733 5734 5822
f 5734 5735 5823
f 5737 5738 5825
f 5738 5739 5826
f 5739 5740 5827
f 5740 5741 5828
f 5741 5742 5829
f 5742 5743 5830
f 5743 5744 5831
f 5744 5745 5832
f 5745 5746 5833
f 5746 5747 5834
f 5747 5748 5835
f 5748 5749 5836
f 5749 5750 5837
f 5750 5751 5838
f 5751 5752 5839
f 5752 5753 5840
f 5753 5754 5841
f 5754 5755 5842
f 5755 5756 5843
f 5756 5757 5844
f 5757 5758 5845
f 5758 5759 5846
f 5759 5760 5847
f 5760 5761 5848
f 5761 5762 5849
f 5762 5763 5850
f 5763 5764 5851
f 5764 5765 5852
f 5765 5766 5853
f 5766 5767 5854
f 5767 5768 5855
f 5768 5769 5856
f 5769 5770 5857
f 5770 5771 5858
f 5771 5772 5859
f 5772 5773 5860
f 5774 5775 5864
f 5775 5776 5865
f 5776 5777 5866
f 5777 5778 5867
f 5778 5779 5868
f 5779 5780 5869
f 5780 5781 5870
f 5781 5782 5871
f 5782 5783 5872
f 5783 5784 5873
f 5784 5785 5874
f 5785 5786 5875
f 5786 5787 5876
f 5787 5788 5877
f 5788 5789 5878
f 5789 5790 5879
f 5790 5791 5880
f 5791 5792 5881
f 5792 5793 5882
f 5793 5794 5883
f 5794 5795 5884
f 5795 5796 5885
f 5796 5797 5886
f 5797 5798 5887
f 5798 5799 5888
f 5799 5800 5889
f 5800 5801 5890
f 5801 5802 5891
f 5802 5803 5892
f 5803 5804 5893
f 5804 5805 5894
f 5805 5806 5895
f 5806 5807 5896
f 5807 5808 5897
f 5808 5809 5898
f 5809 5810 5899
f 5810 5811 5900
f 5811 5812 5901
f 5812 5813 5902
f 5813 5814 5903
f 5814 5815 5904
f 5818 5819 5906
f 5819 5820 5907
f 5820 5821 5908
f 5821 5822 5909
f 5822 5823 5910
f 5825 5826 5911
f 5826 5827 5912
f 5827 5828 5913
f 5828 5829 5914
f 5829 5830 5915
f 5830 5831 5916
f 5831 5832 5917
f 5832 5833 5918
f 5833 5834 5919
f 5834 5835 5920
f 5835 5836 5921
f 5836 5837 5922
f 5837 5838 5923
f 5838 5839 5924
f 5839 5840 5925
f 5840 5841 5926
f 5841 5842 5927
f 5842 5843 5928
f 5843 5844 5929
f 5844 5845 5930
f 5845 5846 5931
f 5846 5847 5932
f 5847 5848 5933
f 5848 5849 5934
f 5849 5850 5935
f 5850 5851 5936
f 5851 5852 5937
f 5852 5853 5938
f 5853 5854 5939
f 5854 5855 5940
f 5855 5856 5941
f 5856 5857 5942
f 5857 5858 5943
f 5858 5859 5944
f 5859 5860 5945
f 5860 5861 5946
f 5862 5863 5952
f 5863 5864 5953
f 5864 5865 5954
f 5865 5866 5955
f 5866 5867 5956
f 5867 5868 5957
f 5868 5869 5958
f 5869 5870 5959
f 5870 5871 5960
f 5871 5872 5961
f 5872 5873 5962
f 5873 5874 5963
f 5874 5875 5964
f 5875 5876 5965
f 5876 5877 5966
f 5877 5878 5967
f 5878 5879 5968
f 5879 5880 5969
f 5880 5881 5970
f 5881 5882 5971
f 5882 5883 5972
f 5883 5884 5973
f 5884 5885 5974
f 5885 5886 5975
f 5886 5887 5976
f 5887 5888 5977
f 5888 5889 5978
f 5889 5890 5979
f 5890 5891 5980
f 5891 5892 5981
f 5892 5893 5982
f 5893 5894 5983
f 5894 5895 5984
f 5895 5896 5985
f 5896 5897 5986
f 5897 5898 5987
f 5898 5899 5988
f 5899 5900 5989
f 5900 5901 5990
f 5901 5902 5991
f 5902 5903 5992
f 5903 5904 5993
f 5904 5905 5994
f 5906 5907 5996
f 5907 5908 5997
f 5908 5909 5998
f 5909 5910 5999
f 5911 5912 6000
f 5912 5913 6001
f 5913 5914 6002
f 5914 5915 6003
f 5915 5916 6004
f 5916 5917 6005
f 5917 5918 6006
f 5918 5919 6007
f 5919 5920 6008
f 5920 5921 6009
f 5921 5922 6010
f 5922 5923 6011
f 5923 5924 6012
f 5924 5925 6013
f 5925 5926 6014
f 5926 5927 6015
f 5927 5928 6016
f 5928 5929 6017
f 5929 5930 6018
f 5930 5931 6019
f 5931 5932 6020
f 5932 5933 6021
f 5933 5934 6022
f 5934 5935 6023
f 5935 5936 6024
f 5936 5937 6025
f 5937 5938 6026
f 5938 5939 6027
f 5939 5940 6028
f 5940 5941 6029
f 5941 5942 6030
f 5942 5943 6031
f 5943 5944 6032
f 5944 5945 6033
f 5945 5946 6034
f 5946 5947 6035
f 5947 5948 6036
f 5950 5951 6042
f 5951 5952 6043
f 5952 5953 6044
f 5953 5954 6045
f 5954 5955 6046
f 5955 5956 6047
f 5956 5957 6048
f 5957 5958 6049
f 5958 5959 6050
f 5959 5960 6051
f 5963 5964 6052
f 5964 5965 6053
f 5965 5966 6054
f 5966 5967 6055
f 5967 5968 6056
f 5968 5969 6057
f 5969 5970 6058
f 5970 5971 6059
f 5971 5972 6060
f 5972 5973 6061
f 5973 5974 6062
f 5974 5975 6063
f 5975 5976 6064
f 5976 5977 6065
f 5977 5978 6066
f 5978 5979 6067
f 5979 5980 6068
f 5980 5981 6069
f 5981 5982 6070
f 5982 5983 6071
f 5983 5984 6072
f 5984 5985 6073
f 5985 5986 6074
f 5986 5987 6075
f 5987 5988 6076
f 5988 5989 6077
f 5989 5990 6078
f 5990 5991 6079
f 5991 5992 6080
f 5992 5993 6081
f 5993 5994 6082
f 5994 5995 6083
f 5996 5997 6084
f 5997 5998 6085
f 6000 6001 6086
f 6001 6002 6087
f 6002 6003 6088
f 6003 6004 6089
f 6004 6005 6090
f 6005 6006 6091
f 6006 6007 6092
f 6007 6008 6093
f 6008 6009 6094
f 6009 6010 6095
f 6010 6011 6096
f 6011 6012 6097
f 6012 6013 6098
f 6013 6014 6099
f 6014 6015 6100
f 6015 6016 6101
f 6016 6017 6102
f 6017 6018 6103
f 6018 6019 6104
f 6019 6020 6105
f 6020 6021 6106
f 6021 6022 6107
f 6022 6023 6108
f 6023 6024 6109
f 6024 6025 6110
f 6025 6026 6111
f 6026 6027 6112
f 6027 6028 6113
f 6028 6029 6114
f 6029 6030 6115
f 6030 6031 6116
f 6031 6032 6117
f 6032 6033 6118
f 6033 6034 6119
f 6034 6035 6120
f 6035 6036 6121
f 6036 6037 6122
f 6037 6038 6123
f 6039 6040 6127
f 6040 6041 6128
f 6041 6042 6129
f 6042 6043 6130
f 6043 6044 6131
f 6044 6045 6132
f 6045 6046 6133
f 6046 6047 6134
f 6047 6048 6135
f 6048 6049 6136
f 6049 6050 6137
f 6050 6051 6138
f 6054 6055 6139
f 6055 6056 6140
f 6056 6057 6141
f 6057 6058 6142
f 6058 6059 6143
f 6059 6060 6144
f 6060 6061 6145
f 6061 6062 6146
f 6062 6063 6147
f 6063 6064 6148
f 6064 6065 6149
f 6065 6066 6150
f 6066 6067 6151
f 6067 6068 6152
f 6068 6069 6153
f 6069 6070 6154
f 6070 6071 6155
f 6071 6072 6156
f 6072 6073 6157
f 6073 6074 6158
f 6074 6075 6159
f 6075 6076 6160
f 6076 6077 6161
f 6077 6078 6162
f 6078 6079 6163
f 6079 6080 6164
f 6080 6081 6165
f 6081 6082 6166
f 6082 6083 6167
f 6087 6088 6169
f 6088 6089 6170
f 6089 6090 6171
f 6090 6091 6172
f 6091 6092 6173
f 6092 6093 6174
f 6093 6094 6175
f 6094 6095 6176
f 6095 6096 6177
f 6096 6097 6178
f 6097 6098 6179
f 6098 6099 6180
f 6099 6100 6181
f 6100 6101 6182
f 6101 6102 6183
f 6102 6103 6184
f 6103 6104 6185
f 6104 6105 6186
f 6105 6106 6187
f 6106 6107 6188
f 6107 6108 6189
f 6108 6109 6190
f 6109 6110 6191
f 6110 6111 6192
f 6111 6112 6193
f 6112 6113 6194
f 6113 6114 6195
f 6114 6115 6196
f 6115 6116 6197
f 6116 6117 6198
f 6117 6118 6199
f 6118 6119 6200
f 6119 6120 6201
f 6120 6121 6202
f 6121 6122 6203
f 6122 6123 6204
f 6123 6124 6205
f 6125 6126 6208
f 6126 6127 6209
f 6127 6128 6210
f 6128 6129 6211
f 6129 6130 6212
f 6130 6131 6213
f 6131 6132 6214
f 6132 6133 6215
f 6133 6134 6216
f 6134 6135 6217
f 6135 6136 6218
f 6136 6137 6219
f 6141 6142 6220
f 6142 6143 6221
f 6143 6144 6222
f 6144 6145 6223
f 6145 6146 6224
f 6146 6147 6225
f 6147 6148 6226
f 6148 6149 6227
f 6149 6150 6228
f 6150 6151 6229
f 6151 6152 6230
f 6152 6153 6231
f 6153 6154 6232
f 6154 6155 6233
f 6155 6156 6234
f 6156 6157 6235
f 6157 6158 6236
f 6158 6159 6237
f 6159 6160 6238
f 6160 6161 6239
f 6161 6162 6240
f 6162 6163 6241
f 6163 6164 6242
f 6164 6165 6243
f 6165 6166 6244
f 6166 6167 6245
f 6169 6170 6248
f 6170 6171 6249
f 6171 6172 6250
f 6172 6173 6251
f 6173 6174 6252
f 6174 6175 6253
f 6175 6176 6254
f 6176 6177 6255
f 6177 6178 6256
f 6178 6179 6257
f 6179 6180 6258
f 6180 6181 6259
f 6181 6182 6260
f 6182 6183 6261
f 6183 6184 6262
f 6184 6185 6263
f 6185 6186 6264
f 6186 6187 6265
f 6187 6188 6266
f 6188 6189 6267
f 6189 6190 6268
f 6190 6191 6269
f 6191 6192 6270
f 6192 6193 6271
f 6193 6194 6272
f 6194 6195 6273
f 6195 6196 6274
f 6196 6197 6275
f 6197 6198 6276
f 6198 6199 6277
f 6199 6200 6278
f 6200 6201 6279
f 6201 6202 6280
f 6202 6203 6281
f 6203 6204 6282
f 6204 6205 6283
f 6205 6206 6284
f 6207 6208 6287
f 6208 6209 6288
f 6209 6210 6289
f 6210 6211 6290
f 6211 6212 6291
f 6212 6213 6292
f 6213 6214 6293
f 6214 6215 6294
f 6215 6216 6295
f 6216 6217 6296
f 6217 6218 6297
f 6221 6222 6298
f 6222 6223 6299
f 6223 6224 6300
f 6224 6225 6301
f 6225 6226 6302
f 6226 6227 6303
f 6227 6228 6304
f 6228 6229 6305
f 6229 6230 6306
f 6230 6231 6307
f 6231 6232 6308
f 6232 6233 6309
f 6233 6234 6310
f 6234 6235 6311
f 6235 6236 6312
f 6236 6237 6313
f 6237 6238 6314
f 6238 6239 6315
f 6239 6240 6316
f 6240 6241 6317
f 6241 6242 6318
f 6242 6243 6319
f 6244 6245 6320
f 6247 6248 6322
f 6248 6249 6323
f 6249 6250 6324
f 6250 6251 6325
f 6251 6252 6326
f 6252 6253 6327
f 6253 6254 6328
f 6254 6255 6329
f 6255 6256 6330
f 6256 6257 6331
f 6257 6258 6332
f 6273 6274 6333
f 6274 6275 6334
f 6275 6276 6335
f 6276 6277 6336
f 6277 6278 6337
f 6278 6279 6338
f 6279 6280 6339
f 6280 6281 6340
f 6281 6282 6341
f 6282 6283 6342
f 6286 6287 6348
f 6287 6288 6349
f 6288 6289 6350
f 6289 6290 6351
f 6290 6291 6352
f 6291 6292 6353
f 6292 6293 6354
f 6298 6299 6355
f 6299 6300 6356
f 6300 6301 6357
f 6301 6302 6358
f 6302 6303 6359
f 6303 6304 6360
f 6304 6305 6361
f 6305 6306 6362
f 6306 6307 6363
f 6307 6308 6364
f 6308 6309 6365
f 6309 6310 6366
f 6310 6311 6367
f 6311 6312 6368
f 6312 6313 6369
f 6313 6314 6370
f 6314 6315 6371
f 6315 6316 6372
f 6316 6317 6373
f 6317 6318 6374
f 6321 6322 6379
f 6322 6323 6380
f 6323 6324 6381
f 6324 6325 6382
f 6325 6326 6383
f 6326 6327 6384
f 6327 6328 6385
f 6328 6329 6386
f 6329 6330 6387
f 6344 6345 6390
f 6345 6346 6391
f 6346 6347 6392
f 6347 6348 6393
f 6348 6349 6394
f 6349 6350 6395
f 6350 6351 6396
f 6351 6352 6397
f 6356 6357 6399
f 6357 6358 6400
f 6358 6359 6401
f 6359 6360 6402
f 6360 6361 6403
f 6361 6362 6404
f 6362 6363 6405
f 6363 6364 6406
f 6364 6365 6407
f 6365 6366 6408
f 6366 6367 6409
f 6367 6368 6410
f 6368 6369 6411
f 6369 6370 6412
f 6370 6371 6413
f 6371 6372 6414
f 6372 6373 6415
f 6373 6374 6416
f 6374 6375 6417
f 6375 6376 6418
f 6378 6379 6426
f 6379 6380 6427
f 6380 6381 6428
f 6381 6382 6429
f 6382 6383 6430
f 6383 6384 6431
f 6384 6385 6432
f 6385 6386 6433
f 6386 6387 6434
f 6387 6388 6435
f 6389 6390 6437
f 6390 6391 6438
f 6391 6392 6439
f 6392 6393 6440
f 6393 6394 6441
f 6394 6395 6442
f 6395 6396 6443
f 6396 6397 6444
f 6397 6398 6445
f 6400 6401 6446
f 6401 6402 6447
f 6402 6403 6448
f 6403 6404 6449
f 6404 6405 6450
f 6405 6406 6451
f 6406 6407 6452
f 6407 6408 6453
f 6408 6409 6454
f 6409 6410 6455
f 6410 6411 6456
f 6411 6412 6457
f 6412 6413 6458
f 6413 6414 6459
f 6414 6415 6460
f 6415 6416 6461
f 6416 6417 6462
f 6417 6418 6463
f 6418 6419 6464
f 6419 6420 6465
f 6421 6422 6467
f 6422 6423 6468
f 6423 6424 6469
f 6426 6427 6471
f 6427 6428 6472
f 6428 6429 6473
f 6429 6430 6474
f 6430 6431 6475
f 6431 6432 6476
f 6432 6433 6477
f 6433 6434 6478
f 6434 6435 6479
f 4018 4027 4026
f 4019 4028 4027
f 4020 4029 4028
f 4021 4030 4029
f 4022 4031 4030
f 4023 4032 4031
f 4024 4033 4032
f 4025 4034 4033
f 4026 4040 4039
f 4027 4041 4040
f 4028 4042 4041
f 4029 4043 4042
f 4030 4044 4043
f 4031 4045 4044
f 4032 4046 4045
f 4033 4047 4046
f 4034 4048 4047
f 4035 4049 4048
f 4036 4050 4049
f 4037 4051 4050
f 4038 4052 4051
f 4039 4062 4061
f 4040 4063 4062
f 4041 4064 4063
f 4042 4065 4064
f 4043 4066 4065
f 4044 4067 4066
f 4045 4068 4067
f 4046 4069 4068
f 4047 4070 4069
f 4048 4071 4070
f 4049 4072 4071
f 4050 4073 4072
f 4051 4074 4073
f 4052 4075 4074
f 4053 4076 4075
f 4054 4077 4076
f 4055 4078 4077
f 4056 4079 4078
f 4057 4080 4079
f 4058 4081 4080
f 4059 4082 4081
f 4060 4083 4082
f 4061 4086 4085
f 4062 4087 4086
f 4063 4088 4087
f 4064 4089 4088
f 4065 4090 4089
f 4066 4091 4090
f 4067 4092 4091
f 4068 4093 4092
f 4069 4094 4093
f 4070 4095 4094
f 4071 4096 4095
f 4072 4097 4096
f 4073 4098 4097
f 4074 4099 4098
f 4075 4100 4099
f 4076 4101 4100
f 4077 4102 4101
f 4078 4103 4102
f 4079 4104 4103
f 4080 4105 4104
f 4081 4106 4105
f 4082 4107 4106
f 4083 4108 4107
f 4084 4109 4108
f 4085 4113 4112
f 4086 4114 4113
f 4087 4115 4114
f 4088 4116 4115
f 4089 4117 4116
f 4090 4118 4117
f 4091 4119 4118
f 4092 4120 4119
f 4093 4121 4120
f 4094 4122 4121
f 4095 4123 4122
f 4096 4124 4123
f 4097 4125 4124
f 4098 4126 4125
f 4099 4127 4126
f 4100 4128 4127
f 4101 4129 4128
f 4102 4130 4129
f 4103 4131 4130
f 4104 4132 4131
f 4105 4133 4132
f 4106 4134 4133
f 4107 4135 4134
f 4108 4136 4135
f 4109 4137 4136
f 4110 4138 4137
f 4111 4139 4138
f 4112 4143 4142
f 4113 4144 4143
f 4114 4145 4144
f 4115 4146 4145
f 4116 4147 4146
f 4117 4148 4147
f 4118 4149 4148
f 4119 4150 4149
f 4120 4151 4150
f 4121 4152 4151
f 4122 4153 4152
f 4123 4154 4153
f 4124 4155 4154
f 4125 4156 4155
f 4126 4157 4156
f 4127 4158 4157
f 4128 4159 4158
f 4129 4160 4159
f 4130 4161 4160
f 4131 4162 4161
f 4132 4163 4162
f 4133 4164 4163
f 4134 4165 4164
f 4135 4166 4165
f 4136 4167 4166
f 4137 4168 4167
f 4138 4169 4168
f 4139 4170 4169
f 4140 4171 4170
f 4141 4185 4184
f 4142 4186 4185
f 4143 4187 4186
f 4144 4188 4187
f 4145 4189 4188
f 4146 4190 4189
f 4147 4191 4190
f 4148 4192 4191
f 4149 4193 4192
f 4150 4194 4193
f 4151 4195 4194
f 4152 4196 4195
f 4153 4197 4196
f 4154 4198 4197
f 4155 4199 4198
f 4156 4200 4199
f 4157 4201 4200
f 4158 4202 4201
f 4159 4203 4202
f 4160 4204 4203
f 4161 4205 4204
f 4162 4206 4205
f 4163 4207 4206
f 4164 4208 4207
f 4165 4209 4208
f 4166 4210 4209
f 4167 4211 4210
f 4168 4212 4211
f 4169 4213 4212
f 4170 4214 4213
f 4173 4217 4216
f 4174 4218 4217
f 4175 4219 4218
f 4176 4220 4219
f 4177 4221 4220
f 4178 4222 4221
f 4179 4223 4222
f 4180 4230 4229
f 4181 4231 4230
f 4182 4232 4231
f 4183 4233 4232
f 4185 4248 4247
f 4186 4249 4248
f 4187 4250 4249
f 4188 4251 4250
f 4189 4252 4251
f 4190 4253 4252
f 4191 4254 4253
f 4192 4255 4254
f 4193 4256 4255
f 4194 4257 4256
f 4195 4258 4257
f 4196 4259 4258
f 4197 4260 4259
f 4198 4261 4260
f 4199 4262 4261
f 4200 4263 4262
f 4201 4264 4263
f 4202 4265 4264
f 4203 4266 4265
f 4204 4267 4266
f 4205 4268 4267
f 4206 4269 4268
f 4207 4270 4269
f 4208 4271 4270
f 4209 4272 4271
f 4210 4273 4272
f 4211 4274 4273
f 4212 4275 4274
f 4213 4276 4275
f 4214 4277 4276
f 4215 4278 4277
f 4216 4280 4279
f 4217 4281 4280
f 4218 4282 4281
f 4219 4283 4282
f 4220 4284 4283
f 4221 4285 4284
f 4222 4286 4285
f 4223 4287 4286
f 4224 4288 4287
f 4225 4289 4288
f 4226 4290 4289
f 4228 4292 4291
f 4229 4293 4292
f 4230 4294 4293
f 4231 4295 4294
f 4232 4296 4295
f 4233 4297 4296
f 4234 4298 4297
f 4235 4299 4298
f 4236 4300 4299
f 4237 4301 4300
f 4238 4302 4301
f 4239 4303 4302
f 4240 4304 4303
f 4241 4305 4304
f 4242 4306 4305
f 4243 4307 4306
f 4244 4308 4307
f 4245 4309 4308
f 4246 4310 4309
f 4247 4313 4312
f 4248 4314 4313
f 4249 4315 4314
f 4250 4316 4315
f 4251 4317 4316
f 4252 4318 4317
f 4253 4319 4318
f 4254 4320 4319
f 4255 4321 4320
f 4256 4322 4321
f 4257 4323 4322
f 4258 4324 4323
f 4259 4325 4324
f 4260 4326 4325
f 4261 4327 4326
f 4262 4328 4327
f 4263 4329 4328
f 4264 4330 4329
f 4265 4331 4330
f 4266 4332 4331
f 4267 4333 4332
f 4268 4334 4333
f 4269 4335 4334
f 4270 4336 4335
f 4271 4337 4336
f 4272 4338 4337
f 4273 4339 4338
f 4274 4340 4339
f 4275 4341 4340
f 4276 4342 4341
f 4277 4343 4342
f 4278 4344 4343
f 4280 4346 4345
f 4281 4347 4346
f 4282 4348 4347
f 4283 4349 4348
f 4284 4350 4349
f 4285 4351 4350
f 4286 4352 4351
f 4287 4353 4352
f 4288 4354 4353
f 4289 4355 4354
f 4290 4356 4355
f 4291 4358 4357
f 4292 4359 4358
f 4293 4360 4359
f 4294 4361 4360
f 4295 4362 4361
f 4296 4363 4362
f 4297 4364 4363
f 4298 4365 4364
f 4299 4366 4365
f 4300 4367 4366
f 4301 4368 4367
f 4302 4369 4368
f 4303 4370 4369
f 4304 4371 4370
f 4305 4372 4371
f 4306 4373 4372
f 4307 4374 4373
f 4308 4375 4374
f 4309 4376 4375
f 4310 4377 4376
f 4311 4378 4377
f 4312 4381 4380
f 4313 4382 4381
f 4314 4383 4382
f 4315 4384 4383
f 4316 4385 4384
f 4317 4386 4385
f 4318 4387 4386
f 4319 4388 4387
f 4320 4389 4388
f 4321 4390 4389
f 4322 4391 4390
f 4323 4392 4391
f 4324 4393 4392
f 4325 4394 4393
f 4326 4395 4394
f 4327 4396 4395
f 4328 4397 4396
f 4329 4398 4397
f 4330 4399 4398
f 4331 4400 4399
f 4332 4401 4400
f 4333 4402 4401
f 4334 4403 4402
f 4335 4404 4403
f 4336 4405 4404
f 4337 4406 4405
f 4338 4407 4406
f 4339 4408 4407
f 4340 4409 4408
f 4341 4410 4409
f 4342 4411 4410
f 4343 4412 4411
f 4344 4413 4412
f 4350 4416 4415
f 4351 4417 4416
f 4352 4418 4417
f 4353 4419 4418
f 4354 4420 4419
f 4355 4421 4420
f 4356 4422 4421
f 4358 4424 4423
f 4359 4425 4424
f 4360 4426 4425
f 4361 4427 4426
f 4362 4428 4427
f 4363 4429 4428
f 4364 4430 4429
f 4365 4431 4430
f 4366 4432 4431
f 4367 4433 4432
f 4368 4434 4433
f 4369 4435 4434
f 4370 4436 4435
f 4371 4437 4436
f 4372 4438 4437
f 4373 4439 4438
f 4374 4440 4439
f 4375 4441 4440
f 4376 4442 4441
f 4377 4443 4442
f 4378 4444 4443
f 4379 4445 4444
f 4380 4448 4447
f 4381 4449 4448
f 4382 4450 4449
f 4383 4451 4450
f 4384 4452 4451
f 4385 4453 4452
f 4386 4454 4453
f 4387 4455 4454
f 4388 4456 4455
f 4389 4457 4456
f 4390 4458 4457
f 4391 4459 4458
f 4392 4460 4459
f 4393 4461 4460
f 4394 4462 4461
f 4395 4463 4462
f 4396 4464 4463
f 4397 4465 4464
f 4398 4466 4465
f 4399 4467 4466
f 4400 4468 4467
f 4401 4469 4468
f 4402 4470 4469
f 4403 4471 4470
f 4404 4472 4471
f 4405 4473 4472
f 4406 4474 4473
f 4407 4475 4474
f 4408 4476 4475
f 4409 4477 4476
f 4410 4478 4477
f 4411 4479 4478
f 4412 4480 4479
f 4413 4481 4480
f 4425 4484 4483
f 4426 4485 4484
f 4427 4486 4485
f 4428 4487 4486
f 4429 4488 4487
f 4430 4489 4488
f 4431 4490 4489
f 4432 4491 4490
f 4433 4492 4491
f 4434 4493 4492
f 4435 4494 4493
f 4436 4495 4494
f 4437 4496 4495
f 4438 4497 4496
f 4439 4498 4497
f 4440 4499 4498
f 4441 4500 4499
f 4442 4501 4500
f 4443 4502 4501
f 4444 4503 4502
f 4445 4504 4503
f 4446 4505 4504
f 4447 4507 4506
f 4448 4508 4507
f 4449 4509 4508
f 4450 4510 4509
f 4451 4511 4510
f 4452 4512 4511
f 4453 4513 4512
f 4454 4514 4513
f 4455 4515 4514
f 4456 4516 4515
f 4457 4517 4516
f 4458 4518 4517
f 4459 4519 4518
f 4460 4520 4519
f 4461 4521 4520
f 4462 4522 4521
f 4463 4523 4522
f 4464 4524 4523
f 4465 4525 4524
f 4466 4526 4525
f 4467 4527 4526
f 4468 4528 4527
f 4469 4529 4528
f 4470 4530 4529
f 4471 4531 4530
f 4472 4532 4531
f 4473 4533 4532
f 4474 4534 4533
f 4475 4535 4534
f 4476 4536 4535
f 4477 4537 4536
f 4478 4538 4537
f 4479 4539 4538
f 4480 4540 4539
f 4481 4541 4540
f 4482 4542 4541
f 4483 4553 4552
f 4484 4554 4553
f 4485 4555 4554
f 4486 4556 4555
f 4487 4557 4556
f 4488 4558 4557
f 4489 4559 4558
f 4490 4560 4559
f 4491 4561 4560
f 4492 4562 4561
f 4493 4563 4562
f 4494 4564 4563
f 4495 4565 4564
f 4496 4566 4565
f 4497 4567 4566
f 4498 4568 4567
f 4499 4569 4568
f 4500 4570 4569
f 4501 4571 4570
f 4502 4572 4571
f 4503 4573 4572
f 4504 4574 4573
f 4505 4575 4574
f 4506 4578 4577
f 4507 4579 4578
f 4508 4580 4579
f 4509 4581 4580
f 4510 4582 4581
f 4511 4583 4582
f 4512 4584 4583
f 4513 4585 4584
f 4514 4586 4585
f 4515 4587 4586
f 4516 4588 4587
f 4517 4589 4588
f 4518 4590 4589
f 4519 4591 4590
f 4520 4592 4591
f 4521 4593 4592
f 4522 4594 4593
f 4523 4595 4594
f 4524 4596 4595
f 4525 4597 4596
f 4526 4598 4597
f 4527 4599 4598
f 4528 4600 4599
f 4529 4601 4600
f 4530 4602 4601
f 4531 4603 4602
f 4532 4604 4603
f 4533 4605 4604
f 4534 4606 4605
f 4535 4607 4606
f 4536 4608 4607
f 4537 4609 4608
f 4538 4610 4609
f 4539 4611 4610
f 4540 4612 4611
f 4541 4613 4612
f 4542 4614 4613
f 4543 4615 4614
f 4544 4616 4615
f 4545 4617 4616
f 4546 4618 4617
f 4547 4619 4618
f 4548 4620 4619
f 4549 4621 4620
f 4550 4622 4621
f 4551 4623 4622
f 4552 4629 4628
f 4553 4630 4629
f 4554 4631 4630
f 4555 4632 4631
f 4556 4633 4632
f 4557 4634 4633
f 4558 4635 4634
f 4559 4636 4635
f 4560 4637 4636
f 4561 4638 4637
f 4562 4639 4638
f 4563 4640 4639
f 4564 4641 4640
f 4565 4642 4641
f 4566 4643 4642
f 4567 4644 4643
f 4568 4645 4644
f 4569 4646 4645
f 4570 4647 4646
f 4571 4648 4647
f 4572 4649 4648
f 4573 4650 4649
f 4574 4651 4650
f 4575 4652 4651
f 4576 4653 4652
f 4577 4656 4655
f 4578 4657 4656
f 4579 4658 4657
f 4580 4659 4658
f 4581 4660 4659
f 4582 4661 4660
f 4583 4662 4661
f 4584 4663 4662
f 4585 4664 4663
f 4586 4665 4664
f 4587 4666 4665
f 4588 4667 4666
f 4589 4668 4667
f 4590 4669 4668
f 4591 4670 4669
f 4592 4671 4670
f 4593 4672 4671
f 4594 4673 4672
f 4595 4674 4673
f 4596 4675 4674
f 4597 4676 4675
f 4598 4677 4676
f 4599 4678 4677
f 4600 4679 4678
f 4601 4680 4679
f 4602 4681 4680
f 4603 4682 4681
f 4604 4683 4682
f 4605 4684 4683
f 4606 4685 4684
f 4607 4686 4685
f 4608 4687 4686
f 4609 4688 4687
f 4610 4689 4688
f 4611 4690 4689
f 4612 4691 4690
f 4613 4692 4691
f 4614 4693 4692
f 4615 4694 4693
f 4616 4695 4694
f 4617 4696 4695
f 4618 4697 4696
f 4619 4698 4697
f 4620 4699 4698
f 4621 4700 4699
f 4622 4701 4700
f 4623 4702 4701
f 4624 4703 4702
f 4625 4704 4703
f 4626 4705 4704
f 4627 4706 4705
f 4629 4708 4707
f 4630 4709 4708
f 4631 4710 4709
f 4632 4711 4710
f 4633 4712 4711
f 4634 4713 4712
f 4635 4714 4713
f 4636 4715 4714
f 4637 4716 4715
f 4638 4717 4716
f 4639 4718 4717
f 4640 4719 4718
f 4641 4720 4719
f 4642 4721 4720
f 4643 4722 4721
f 4644 4723 4722
f 4645 4724 4723
f 4646 4725 4724
f 4647 4726 4725
f 4648 4727 4726
f 4649 4728 4727
f 4650 4729 4728
f 4651 4730 4729
f 4652 4731 4730
f 4653 4732 4731
f 4655 4736 4735
f 4656 4737 4736
f 4657 4738 4737
f 4658 4739 4738
f 4659 4740 4739
f 4660 4741 4740
f 4661 4742 4741
f 4662 4743 4742
f 4663 4744 4743
f 4664 4745 4744
f 4665 4746 4745
f 4666 4747 4746
f 4667 4748 4747
f 4668 4749 4748
f 4669 4750 4749
f 4670 4751 4750
f 4671 4752 4751
f 4672 4753 4752
f 4673 4754 4753
f 4674 4755 4754
f 4675 4756 4755
f 4676 4757 4756
f 4677 4758 4757
f 4678 4759 4758
f 4679 4760 4759
f 4680 4761 4760
f 4681 4762 4761
f 4682 4763 4762
f 4683 4764 4763
f 4684 4765 4764
f 4685 4766 4765
f 4686 4767 4766
f 4687 4768 4767
f 4688 4769 4768
f 4689 4770 4769
f 4690 4771 4770
f 4691 4772 4771
f 4692 4773 4772
f 4693 4774 4773
f 4694 4775 4774
f 4695 4776 4775
f 4696 4777 4776
f 4697 4778 4777
f 4698 4779 4778
f 4699 4780 4779
f 4700 4781 4780
f 4701 4782 4781
f 4702 4783 4782
f 4703 4784 4783
f 4704 4785 4784
f 4705 4786 4785
f 4706 4787 4786
f 4708 4790 4789
f 4709 4791 4790
f 4710 4792 4791
f 4711 4793 4792
f 4712 4794 4793
f 4713 4795 4794
f 4714 4796 4795
f 4715 4797 4796
f 4716 4798 4797
f 4717 4799 4798
f 4718 4800 4799
f 4719 4801 4800
f 4720 4802 4801
f 4721 4803 4802
f 4722 4804 4803
f 4723 4805 4804
f 4724 4806 4805
f 4725 4807 4806
f 4726 4808 4807
f 4727 4809 4808
f 4728 4810 4809
f 4729 4811 4810
f 4730 4812 4811
f 4731 4813 4812
f 4732 4814 4813
f 4733 4815 4814
f 4735 4818 4817
f 4736 4819 4818
f 4737 4820 4819
f 4738 4821 4820
f 4739 4822 4821
f 4740 4823 4822
f 4741 4824 4823
f 4742 4825 4824
f 4743 4826 4825
f 4744 4827 4826
f 4745 4828 4827
f 4746 4829 4828
f 4747 4830 4829
f 4748 4831 4830
f 4749 4832 4831
f 4750 4833 4832
f 4751 4834 4833
f 4752 4835 4834
f 4753 4836 4835
f 4754 4837 4836
f 4755 4838 4837
f 4756 4839 4838
f 4757 4840 4839
f 4758 4841 4840
f 4759 4842 4841
f 4760 4843 4842
f 4761 4844 4843
f 4762 4845 4844
f 4763 4846 4845
f 4764 4847 4846
f 4765 4848 4847
f 4766 4849 4848
f 4767 4850 4849
f 4768 4851 4850
f 4769 4852 4851
f 4770 4853 4852
f 4771 4854 4853
f 4772 4855 4854
f 4773 4856 4855
f 4774 4857 4856
f 4775 4858 4857
f 4776 4859 4858
f 4777 4860 4859
f 4778 4861 4860
f 4779 4862 4861
f 4780 4863 4862
f 4781 4864 4863
f 4782 4865 4864
f 4783 4866 4865
f 4784 4867 4866
f 4785 4868 4867
f 4786 4869 4868
f 4787 4870 4869
f 4788 4871 4870
f 4790 4873 4872
f 4791 4874 4873
f 4792 4875 4874
f 4793 4876 4875
f 4794 4877 4876
f 4795 4878 4877
f 4796 4879 4878
f 4797 4880 4879
f 4798 4881 4880
f 4799 4882 4881
f 4800 4883 4882
f 4801 4884 4883
f 4802 4885 4884
f 4803 4886 4885
f 4804 4887 4886
f 4805 4888 4887
f 4806 4889 4888
f 4807 4890 4889
f 4808 4891 4890
f 4809 4892 4891
f 4810 4893 4892
f 4811 4894 4893
f 4812 4895 4894
f 4813 4896 4895
f 4814 4897 4896
f 4815 4898 4897
f 4816 4899 4898
f 4818 4902 4901
f 4819 4903 4902
f 4820 4904 4903
f 4821 4905 4904
f 4822 4906 4905
f 4823 4907 4906
f 4824 4908 4907
f 4825 4909 4908
f 4826 4910 4909
f 4827 4911 4910
f 4828 4912 4911
f 4829 4913 4912
f 4830 4914 4913
f 4831 4915 4914
f 4832 4916 4915
f 4833 4917 4916
f 4834 4918 4917
f 4835 4919 4918
f 4836 4920 4919
f 4837 4921 4920
f 4838 4922 4921
f 4839 4923 4922
f 4840 4924 4923
f 4841 4925 4924
f 4842 4926 4925
f 4843 4927 4926
f 4844 4928 4927
f 4845 4929 4928
f 4846 4930 4929
f 4847 4931 4930
f 4848 4932 4931
f 4849 4933 4932
f 4850 4934 4933
f 4851 4935 4934
f 4852 4936 4935
f 4853 4937 4936
f 4854 4938 4937
f 4855 4939 4938
f 4856 4940 4939
f 4857 4941 4940
f 4858 4942 4941
f 4859 4943 4942
f 4860 4944 4943
f 4861 4945 4944
f 4862 4946 4945
f 4863 4947 4946
f 4864 4948 4947
f 4865 4949 4948
f 4866 4950 4949
f 4867 4951 4950
f 4868 4952 4951
f 4869 4953 4952
f 4870 4954 4953
f 4871 4955 4954
f 4873 4957 4956
f 4874 4958 4957
f 4875 4959 4958
f 4876 4960 4959
f 4877 4961 4960
f 4878 4962 4961
f 4879 4963 4962
f 4880 4964 4963
f 4881 4965 4964
f 4882 4966 4965
f 4883 4967 4966
f 4884 4968 4967
f 4885 4969 4968
f 4886 4970 4969
f 4887 4971 4970
f 4888 4972 4971
f 4889 4973 4972
f 4890 4974 4973
f 4891 4975 4974
f 4892 4976 4975
f 4893 4977 4976
f 4894 4978 4977
f 4895 4979 4978
f 4896 4980 4979
f 4897 4981 4980
f 4898 4982 4981
f 4899 4983 4982
f 4902 4986 4985
f 4903 4987 4986
f 4904 4988 4987
f 4905 4989 4988
f 4906 4990 4989
f 4907 4991 4990
f 4908 4992 4991
f 4909 4993 4992
f 4910 4994 4993
f 4911 4995 4994
f 4912 4996 4995
f 4913 4997 4996
f 4914 4998 4997
f 4915 4999 4998
f 4916 5000 4999
f 4917 5001 5000
f 4918 5002 5001
f 4919 5003 5002
f 4920 5004 5003
f 4921 5005 5004
f 4922 5006 5005
f 4923 5007 5006
f 4924 5008 5007
f 4925 5009 5008
f 4926 5010 5009
f 4927 5011 5010
f 4928 5012 5011
f 4929 5013 5012
f 4930 5014 5013
f 4931 5015 5014
f 4932 5016 5015
f 4933 5017 5016
f 4934 5018 5017
f 4935 5019 5018
f 4936 5020 5019
f 4937 5021 5020
f 4938 5022 5021
f 4939 5023 5022
f 4940 5024 5023
f 4941 5025 5024
f 4942 5026 5025
f 4943 5027 5026
f 4944 5028 5027
f 4945 5029 5028
f 4946 5030 5029
f 4947 5031 5030
f 4948 5032 5031
f 4949 5033 5032
f 4950 5034 5033
f 4951 5035 5034
f 4952 5036 5035
f 4953 5037 5036
f 4954 5038 5037
f 4955 5039 5038
f 4957 5041 5040
f 4958 5042 5041
f 4959 5043 5042
f 4960 5044 5043
f 4961 5045 5044
f 4962 5046 5045
f 4963 5047 5046
f 4964 5048 5047
f 4965 5049 5048
f 4966 5050 5049
f 4967 5051 5050
f 4968 5052 5051
f 4969 5053 5052
f 4970 5054 5053
f 4971 5055 5054
f 4972 5056 5055
f 4973 5057 5056
f 4974 5058 5057
f 4975 5059 5058
f 4976 5060 5059
f 4977 5061 5060
f 4978 5062 5061
f 4979 5063 5062
f 4980 5064 5063
f 4981 5065 5064
f 4982 5066 5065
f 4983 5067 5066
f 4984 5068 5067
f 4986 5071 5070
f 4987 5072 5071
f 4988 5073 5072
f 4989 5074 5073
f 4990 5075 5074
f 4991 5076 5075
f 4992 5077 5076
f 4993 5078 5077
f 4994 5079 5078
f 4995 5080 5079
f 4996 5081 5080
f 4997 5082 5081
f 4998 5083 5082
f 4999 5084 5083
f 5000 5085 5084
f 5001 5086 5085
f 5002 5087 5086
f 5003 5088 5087
f 5004 5089 5088
f 5005 5090 5089
f 5006 5091 5090
f 5007 5092 5091
f 5008 5093 5092
f 5009 5094 5093
f 5010 5095 5094
f 5011 5096 5095
f 5012 5097 5096
f 5013 5098 5097
f 5014 5099 5098
f 5015 5100 5099
f 5016 5101 5100
f 5017 5102 5101
f 5018 5103 5102
f 5019 5104 5103
f 5020 5105 5104
f 5021 5106 5105
f 5022 5107 5106
f 5023 5108 5107
f 5024 5109 5108
f 5025 5110 5109
f 5026 5111 5110
f 5027 5112 5111
f 5028 5113 5112
f 5029 5114 5113
f 5030 5115 5114
f 5031 5116 5115
f 5032 5117 5116
f 5033 5118 5117
f 5034 5119 5118
f 5035 5120 5119
f 5036 5121 5120
f 5037 5122 5121
f 5038 5123 5122
f 5039 5124 5123
f 5041 5126 5125
f 5042 5127 5126
f 5043 5128 5127
f 5044 5129 5128
f 5045 5130 5129
f 5046 5131 5130
f 5047 5132 5131
f 5048 5133 5132
f 5049 5134 5133
f 5050 5135 5134
f 5051 5136 5135
f 5052 5137 5136
f 5053 5138 5137
f 5054 5139 5138
f 5055 5140 5139
f 5056 5141 5140
f 5057 5142 5141
f 5058 5143 5142
f 5059 5144 5143
f 5060 5145 5144
f 5061 5146 5145
f 5062 5147 5146
f 5063 5148 5147
f 5064 5149 5148
f 5065 5150 5149
f 5066 5151 5150
f 5067 5152 5151
f 5068 5153 5152
f 5069 5154 5153
f 5070 5157 5156
f 5071 5158 5157
f 5072 5159 5158
f 5073 5160 5159
f 5074 5161 5160
f 5075 5162 5161
f 5076 5163 5162
f 5077 5164 5163
f 5078 5165 5164
f 5079 5166 5165
f 5080 5167 5166
f 5081 5168 5167
f 5082 5169 5168
f 5083 5170 5169
f 5084 5171 5170
f 5085 5172 5171
f 5086 5173 5172
f 5087 5174 5173
f 5088 5175 5174
f 5089 5176 5175
f 5090 5177 5176
f 5091 5178 5177
f 5092 5179 5178
f 5093 5180 5179
f 5094 5181 5180
f 5095 5182 5181
f 5096 5183 5182
f 5097 5184 5183
f 5098 5185 5184
f 5099 5186 5185
f 5100 5187 5186
f 5101 5188 5187
f 5102 5189 5188
f 5103 5190 5189
f 5104 5191 5190
f 5105 5192 5191
f 5106 5193 5192
f 5107 5194 5193
f 5108 5195 5194
f 5109 5196 5195
f 5110 5197 5196
f 5111 5198 5197
f 5112 5199 5198
f 5113 5200 5199
f 5114 5201 5200
f 5115 5202 5201
f 5116 5203 5202
f 5117 5204 5203
f 5118 5205 5204
f 5119 5206 5205
f 5120 5207 5206
f 5121 5208 5207
f 5122 5209 5208
f 5123 5210 5209
f 5124 5211 5210
f 5126 5213 5212
f 5127 5214 5213
f 5128 5215 5214
f 5129 5216 5215
f 5130 5217 5216
f 5131 5218 5217
f 5132 5219 5218
f 5133 5220 5219
f 5134 5221 5220
f 5135 5222 5221
f 5136 5223 5222
f 5137 5224 5223
f 5138 5225 5224
f 5139 5226 5225
f 5140 5227 5226
f 5141 5228 5227
f 5142 5229 5228
f 5143 5230 5229
f 5144 5231 5230
f 5145 5232 5231
f 5146 5233 5232
f 5147 5234 5233
f 5148 5235 5234
f 5149 5236 5235
f 5150 5237 5236
f 5151 5238 5237
f 5152 5239 5238
f 5153 5240 5239
f 5154 5241 5240
f 5155 5242 5241
f 5157 5244 5243
f 5158 5245 5244
f 5159 5246 5245
f 5160 5247 5246
f 5161 5248 5247
f 5162 5249 5248
f 5163 5250 5249
f 5164 5251 5250
f 5165 5252 5251
f 5166 5253 5252
f 5167 5254 5253
f 5168 5255 5254
f 5169 5256 5255
f 5170 5257 5256
f 5171 5258 5257
f 5172 5259 5258
f 5173 5260 5259
f 5174 5261 5260
f 5175 5262 5261
f 5176 5263 5262
f 5177 5264 5263
f 5178 5265 5264
f 5179 5266 5265
f 5180 5267 5266
f 5181 5268 5267
f 5182 5269 5268
f 5183 5270 5269
f 5184 5271 5270
f 5185 5272 5271
f 5186 5273 5272
f 5187 5274 5273
f 5188 5275 5274
f 5189 5276 5275
f 5190 5277 5276
f 5191 5278 5277
f 5192 5279 5278
f 5193 5280 5279
f 5194 5281 5280
f 5195 5282 5281
f 5196 5283 5282
f 5197 5284 5283
f 5198 5285 5284
f 5199 5286 5285
f 5200 5287 5286
f 5201 5288 5287
f 5202 5289 5288
f 5203 5290 5289
f 5204 5291 5290
f 5205 5292 5291
f 5206 5293 5292
f 5207 5294 5293
f 5208 5295 5294
f 5209 5296 5295
f 5210 5297 5296
f 5211 5298 5297
f 5212 5300 5299
f 5213 5301 5300
f 5214 5302 5301
f 5215 5303 5302
f 5216 5304 5303
f 5217 5305 5304
f 5218 5306 5305
f 5219 5307 5306
f 5220 5308 5307
f 5221 5309 5308
f 5222 5310 5309
f 5223 5311 5310
f 5224 5312 5311
f 5225 5313 5312
f 5226 5314 5313
f 5227 5315 5314
f 5228 5316 5315
f 5229 5317 5316
f 5230 5318 5317
f 5231 5319 5318
f 5232 5320 5319
f 5233 5321 5320
f 5234 5322 5321
f 5235 5323 5322
f 5236 5324 5323
f 5237 5325 5324
f 5238 5326 5325
f 5239 5327 5326
f 5240 5328 5327
f 5241 5329 5328
f 5242 5330 5329
f 5245 5334 5333
f 5246 5335 5334
f 5247 5336 5335
f 5248 5337 5336
f 5249 5338 5337
f 5250 5339 5338
f 5251 5340 5339
f 5252 5341 5340
f 5253 5342 5341
f 5254 5343 5342
f 5255 5344 5343
f 5256 5345 5344
f 5257 5346 5345
f 5258 5347 5346
f 5259 5348 5347
f 5260 5349 5348
f 5261 5350 5349
f 5262 5351 5350
f 5263 5352 5351
f 5264 5353 5352
f 5265 5354 5353
f 5266 5355 5354
f 5267 5356 5355
f 5268 5357 5356
f 5269 5358 5357
f 5270 5359 5358
f 5271 5360 5359
f 5272 5361 5360
f 5273 5362 5361
f 5274 5363 5362
f 5275 5364 5363
f 5276 5365 5364
f 5277 5366 5365
f 5278 5367 5366
f 5279 5368 5367
f 5280 5369 5368
f 5281 5370 5369
f 5282 5371 5370
f 5283 5372 5371
f 5284 5373 5372
f 5285 5374 5373
f 5286 5375 5374
f 5287 5376 5375
f 5288 5377 5376
f 5289 5378 5377
f 5290 5379 5378
f 5291 5380 5379
f 5292 5381 5380
f 5293 5382 5381
f 5294 5383 5382
f 5295 5384 5383
f 5296 5385 5384
f 5297 5386 5385
f 5298 5387 5386
f 5299 5389 5388
f 5300 5390 5389
f 5301 5391 5390
f 5302 5392 5391
f 5303 5393 5392
f 5304 5394 5393
f 5305 5395 5394
f 5306 5396 5395
f 5307 5397 5396
f 5308 5398 5397
f 5309 5399 5398
f 5310 5400 5399
f 5311 5401 5400
f 5312 5402 5401
f 5313 5403 5402
f 5314 5404 5403
f 5315 5405 5404
f 5316 5406 5405
f 5317 5407 5406
f 5318 5408 5407
f 5319 5409 5408
f 5320 5410 5409
f 5321 5411 5410
f 5322 5412 5411
f 5323 5413 5412
f 5324 5414 5413
f 5325 5415 5414
f 5326 5416 5415
f 5327 5417 5416
f 5328 5418 5417
f 5329 5419 5418
f 5330 5420 5419
f 5331 5421 5420
f 5336 5424 5423
f 5337 5425 5424
f 5338 5426 5425
f 5339 5427 5426
f 5340 5428 5427
f 5341 5429 5428
f 5342 5430 5429
f 5343 5431 5430
f 5344 5432 5431
f 5345 5433 5432
f 5346 5434 5433
f 5347 5435 5434
f 5348 5436 5435
f 5349 5437 5436
f 5350 5438 5437
f 5351 5439 5438
f 5352 5440 5439
f 5353 5441 5440
f 5354 5442 5441
f 5355 5443 5442
f 5356 5444 5443
f 5357 5445 5444
f 5358 5446 5445
f 5359 5447 5446
f 5360 5448 5447
f 5361 5449 5448
f 5362 5450 5449
f 5363 5451 5450
f 5364 5452 5451
f 5365 5453 5452
f 5366 5454 5453
f 5367 5455 5454
f 5368 5456 5455
f 5369 5457 5456
f 5370 5458 5457
f 5371 5459 5458
f 5372 5460 5459
f 5373 5461 5460
f 5374 5462 5461
f 5375 5463 5462
f 5376 5464 5463
f 5377 5465 5464
f 5378 5466 5465
f 5379 5467 5466
f 5380 5468 5467
f 5381 5469 5468
f 5382 5470 5469
f 5383 5471 5470
f 5384 5472 5471
f 5385 5473 5472
f 5386 5474 5473
f 5387 5475 5474
f 5389 5477 5476
f 5390 5478 5477
f 5391 5479 5478
f 5392 5480 5479
f 5393 5481 5480
f 5394 5482 5481
f 5395 5483 5482
f 5396 5484 5483
f 5397 5485 5484
f 5398 5486 5485
f 5399 5487 5486
f 5400 5488 5487
f 5401 5489 5488
f 5402 5490 5489
f 5403 5491 5490
f 5404 5492 5491
f 5405 5493 5492
f 5406 5494 5493
f 5407 5495 5494
f 5408 5496 5495
f 5409 5497 5496
f 5410 5498 5497
f 5411 5499 5498
f 5412 5500 5499
f 5413 5501 5500
f 5414 5502 5501
f 5415 5503 5502
f 5416 5504 5503
f 5417 5505 5504
f 5418 5506 5505
f 5419 5507 5506
f 5420 5508 5507
f 5421 5509 5508
f 5422 5510 5509
f 5425 5512 5511
f 5426 5513 5512
f 5427 5514 5513
f 5428 5515 5514
f 5429 5516 5515
f 5430 5517 5516
f 5431 5518 5517
f 5432 5519 5518
f 5433 5520 5519
f 5434 5521 5520
f 5435 5522 5521
f 5436 5523 5522
f 5437 5524 5523
f 5438 5525 5524
f 5439 5526 5525
f 5440 5527 5526
f 5441 5528 5527
f 5442 5529 5528
f 5443 5530 5529
f 5444 5531 5530
f 5445 5532 5531
f 5446 5533 5532
f 5447 5534 5533
f 5448 5535 5534
f 5449 5536 5535
f 5450 5537 5536
f 5451 5538 5537
f 5452 5539 5538
f 5453 5540 5539
f 5454 5541 5540
f 5455 5542 5541
f 5456 5543 5542
f 5457 5544 5543
f 5458 5545 5544
f 5459 5546 5545
f 5460 5547 5546
f 5461 5548 5547
f 5462 5549 5548
f 5463 5550 5549
f 5464 5551 5550
f 5465 5552 5551
f 5466 5553 5552
f 5467 5554 5553
f 5468 5555 5554
f 5469 5556 5555
f 5470 5557 5556
f 5471 5558 5557
f 5472 5559 5558
f 5473 5560 5559
f 5474 5561 5560
f 5475 5562 5561
f 5477 5564 5563
f 5478 5565 5564
f 5479 5566 5565
f 5480 5567 5566
f 5481 5568 5567
f 5482 5569 5568
f 5483 5570 5569
f 5484 5571 5570
f 5485 5572 5571
f 5486 5573 5572
f 5487 5574 5573
f 5488 5575 5574
f 5489 5576 5575
f 5490 5577 5576
f 5491 5578 5577
f 5492 5579 5578
f 5493 5580 5579
f 5494 5581 5580
f 5495 5582 5581
f 5496 5583 5582
f 5497 5584 5583
f 5498 5585 5584
f 5499 5586 5585
f 5500 5587 5586
f 5501 5588 5587
f 5502 5589 5588
f 5503 5590 5589
f 5504 5591 5590
f 5505 5592 5591
f 5506 5593 5592
f 5507 5594 5593
f 5508 5595 5594
f 5509 5596 5595
f 5510 5597 5596
f 5515 5602 5601
f 5516 5603 5602
f 5517 5604 5603
f 5518 5605 5604
f 5519 5606 5605
f 5520 5607 5606
f 5521 5608 5607
f 5522 5609 5608
f 5523 5610 5609
f 5524 5611 5610
f 5525 5612 5611
f 5526 5613 5612
f 5527 5614 5613
f 5528 5615 5614
f 5529 5616 5615
f 5530 5617 5616
f 5531 5618 5617
f 5532 5619 5618
f 5533 5620 5619
f 5534 5621 5620
f 5535 5622 5621
f 5536 5623 5622
f 5537 5624 5623
f 5538 5625 5624
f 5539 5626 5625
f 5540 5627 5626
f 5541 5628 5627
f 5542 5629 5628
f 5543 5630 5629
f 5544 5631 5630
f 5545 5632 5631
f 5546 5633 5632
f 5547 5634 5633
f 5548 5635 5634
f 5549 5636 5635
f 5550 5637 5636
f 5551 5638 5637
f 5552 5639 5638
f 5553 5640 5639
f 5554 5641 5640
f 5555 5642 5641
f 5556 5643 5642
f 5557 5644 5643
f 5558 5645 5644
f 5559 5646 5645
f 5560 5647 5646
f 5561 5648 5647
f 5562 5649 5648
f 5564 5651 5650
f 5565 5652 5651
f 5566 5653 5652
f 5567 5654 5653
f 5568 5655 5654
f 5569 5656 5655
f 5570 5657 5656
f 5571 5658 5657
f 5572 5659 5658
f 5573 5660 5659
f 5574 5661 5660
f 5575 5662 5661
f 5576 5663 5662
f 5577 5664 5663
f 5578 5665 5664
f 5579 5666 5665
f 5580 5667 5666
f 5581 5668 5667
f 5582 5669 5668
f 5583 5670 5669
f 5584 5671 5670
f 5585 5672 5671
f 5586 5673 5672
f 5587 5674 5673
f 5588 5675 5674
f 5589 5676 5675
f 5590 5677 5676
f 5591 5678 5677
f 5592 5679 5678
f 5593 5680 5679
f 5594 5681 5680
f 5595 5682 5681
f 5596 5683 5682
f 5597 5684 5683
f 5598 5685 5684
f 5603 5689 5688
f 5604 5690 5689
f 5605 5691 5690
f 5606 5692 5691
f 5607 5693 5692
f 5608 5694 5693
f 5609 5695 5694
f 5610 5696 5695
f 5611 5697 5696
f 5612 5698 5697
f 5613 5699 5698
f 5614 5700 5699
f 5615 5701 5700
f 5616 5702 5701
f 5617 5703 5702
f 5618 5704 5703
f 5619 5705 5704
f 5620 5706 5705
f 5621 5707 5706
f 5622 5708 5707
f 5623 5709 5708
f 5624 5710 5709
f 5625 5711 5710
f 5626 5712 5711
f 5627 5713 5712
f 5628 5714 5713
f 5629 5715 5714
f 5630 5716 5715
f 5631 5717 5716
f 5632 5718 5717
f 5633 5719 5718
f 5634 5720 5719
f 5635 5721 5720
f 5636 5722 5721
f 5637 5723 5722
f 5638 5724 5723
f 5639 5725 5724
f 5640 5726 5725
f 5641 5727 5726
f 5642 5728 5727
f 5643 5729 5728
f 5644 5730 5729
f 5645 5731 5730
f 5646 5732 5731
f 5647 5733 5732
f 5648 5734 5733
f 5651 5737 5736
f 5652 5738 5737
f 5653 5739 5738
f 5654 5740 5739
f 5655 5741 5740
f 5656 5742 5741
f 5657 5743 5742
f 5658 5744 5743
f 5659 5745 5744
f 5660 5746 5745
f 5661 5747 5746
f 5662 5748 5747
f 5663 5749 5748
f 5664 5750 5749
f 5665 5751 5750
f 5666 5752 5751
f 5667 5753 5752
f 5668 5754 5753
f 5669 5755 5754
f 5670 5756 5755
f 5671 5757 5756
f 5672 5758 5757
f 5673 5759 5758
f 5674 5760 5759
f 5675 5761 5760
f 5676 5762 5761
f 5677 5763 5762
f 5678 5764 5763
f 5679 5765 5764
f 5680 5766 5765
f 5681 5767 5766
f 5682 5768 5767
f 5683 5769 5768
f 5684 5770 5769
f 5685 5771 5770
f 5686 5772 5771
f 5687 5776 5775
f 5688 5777 5776
f 5689 5778 5777
f 5690 5779 5778
f 5691 5780 5779
f 5692 5781 5780
f 5693 5782 5781
f 5694 5783 5782
f 5695 5784 5783
f 5696 5785 5784
f 5697 5786 5785
f 5698 5787 5786
f 5699 5788 5787
f 5700 5789 5788
f 5701 5790 5789
f 5702 5791 5790
f 5703 5792 5791
f 5704 5793 5792
f 5705 5794 5793
f 5706 5795 5794
f 5707 5796 5795
f 5708 5797 5796
f 5709 5798 5797
f 5710 5799 5798
f 5711 5800 5799
f 5712 5801 5800
f 5713 5802 5801
f 5714 5803 5802
f 5715 5804 5803
f 5716 5805 5804
f 5717 5806 5805
f 5718 5807 5806
f 5719 5808 5807
f 5720 5809 5808
f 5721 5810 5809
f 5722 5811 5810
f 5723 5812 5811
f 5724 5813 5812
f 5725 5814 5813
f 5726 5815 5814
f 5727 5816 5815
f 5729 5818 5817
f 5730 5819 5818
f 5731 5820 5819
f 5732 5821 5820
f 5733 5822 5821
f 5734 5823 5822
f 5737 5825 5824
f 5738 5826 5825
f 5739 5827 5826
f 5740 5828 5827
f 5741 5829 5828
f 5742 5830 5829
f 5743 5831 5830
f 5744 5832 5831
f 5745 5833 5832
f 5746 5834 5833
f 5747 5835 5834
f 5748 5836 5835
f 5749 5837 5836
f 5750 5838 5837
f 5751 5839 5838
f 5752 5840 5839
f 5753 5841 5840
f 5754 5842 5841
f 5755 5843 5842
f 5756 5844 5843
f 5757 5845 5844
f 5758 5846 5845
f 5759 5847 5846
f 5760 5848 5847
f 5761 5849 5848
f 5762 5850 5849
f 5763 5851 5850
f 5764 5852 5851
f 5765 5853 5852
f 5766 5854 5853
f 5767 5855 5854
f 5768 5856 5855
f 5769 5857 5856
f 5770 5858 5857
f 5771 5859 5858
f 5772 5860 5859
f 5773 5861 5860
f 5774 5864 5863
f 5775 5865 5864
f 5776 5866 5865
f 5777 5867 5866
f 5778 5868 5867
f 5779 5869 5868
f 5780 5870 5869
f 5781 5871 5870
f 5782 5872 5871
f 5783 5873 5872
f 5784 5874 5873
f 5785 5875 5874
f 5786 5876 5875
f 5787 5877 5876
f 5788 5878 5877
f 5789 5879 5878
f 5790 5880 5879
f 5791 5881 5880
f 5792 5882 5881
f 5793 5883 5882
f 5794 5884 5883
f 5795 5885 5884
f 5796 5886 5885
f 5797 5887 5886
f 5798 5888 5887
f 5799 5889 5888
f 5800 5890 5889
f 5801 5891 5890
f 5802 5892 5891
f 5803 5893 5892
f 5804 5894 5893
f 5805 5895 5894
f 5806 5896 5895
f 5807 5897 5896
f 5808 5898 5897
f 5809 5899 5898
f 5810 5900 5899
f 5811 5901 5900
f 5812 5902 5901
f 5813 5903 5902
f 5814 5904 5903
f 5815 5905 5904
f 5819 5907 5906
f 5820 5908 5907
f 5821 5909 5908
f 5822 5910 5909
f 5826 5912 5911
f 5827 5913 5912
f 5828 5914 5913
f 5829 5915 5914
f 5830 5916 5915
f 5831 5917 5916
f 5832 5918 5917
f 5833 5919 5918
f 5834 5920 5919
f 5835 5921 5920
f 5836 5922 5921
f 5837 5923 5922
f 5838 5924 5923
f 5839 5925 5924
f 5840 5926 5925
f 5841 5927 5926
f 5842 5928 5927
f 5843 5929 5928
f 5844 5930 5929
f 5845 5931 5930
f 5846 5932 5931
f 5847 5933 5932
f 5848 5934 5933
f 5849 5935 5934
f 5850 5936 5935
f 5851 5937 5936
f 5852 5938 5937
f 5853 5939 5938
f 5854 5940 5939
f 5855 5941 5940
f 5856 5942 5941
f 5857 5943 5942
f 5858 5944 5943
f 5859 5945 5944
f 5860 5946 5945
f 5861 5947 5946
f 5862 5952 5951
f 5863 5953 5952
f 5864 5954 5953
f 5865 5955 5954
f 5866 5956 5955
f 5867 5957 5956
f 5868 5958 5957
f 5869 5959 5958
f 5870 5960 5959
f 5871 5961 5960
f 5872 5962 5961
f 5873 5963 5962
f 5874 5964 5963
f 5875 5965 5964
f 5876 5966 5965
f 5877 5967 5966
f 5878 5968 5967
f 5879 5969 5968
f 5880 5970 5969
f 5881 5971 5970
f 5882 5972 5971
f 5883 5973 5972
f 5884 5974 5973
f 5885 5975 5974
f 5886 5976 5975
f 5887 5977 5976
f 5888 5978 5977
f 5889 5979 5978
f 5890 5980 5979
f 5891 5981 5980
f 5892 5982 5981
f 5893 5983 5982
f 5894 5984 5983
f 5895 5985 5984
f 5896 5986 5985
f 5897 5987 5986
f 5898 5988 5987
f 5899 5989 5988
f 5900 5990 5989
f 5901 5991 5990
f 5902 5992 5991
f 5903 5993 5992
f 5904 5994 5993
f 5907 5997 5996
f 5908 5998 5997
f 5909 5999 5998
f 5912 6001 6000
f 5913 6002 6001
f 5914 6003 6002
f 5915 6004 6003
f 5916 6005 6004
f 5917 6006 6005
f 5918 6007 6006
f 5919 6008 6007
f 5920 6009 6008
f 5921 6010 6009
f 5922 6011 6010
f 5923 6012 6011
f 5924 6013 6012
f 5925 6014 6013
f 5926 6015 6014
f 5927 6016 6015
f 5928 6017 6016
f 5929 6018 6017
f 5930 6019 6018
f 5931 6020 6019
f 5932 6021 6020
f 5933 6022 6021
f 5934 6023 6022
f 5935 6024 6023
f 5936 6025 6024
f 5937 6026 6025
f 5938 6027 6026
f 5939 6028 6027
f 5940 6029 6028
f 5941 6030 6029
f 5942 6031 6030
f 5943 6032 6031
f 5944 6033 6032
f 5945 6034 6033
f 5946 6035 6034
f 5947 6036 6035
f 5948 6037 6036
f 5949 6041 6040
f 5950 6042 6041
f 5951 6043 6042
f 5952 6044 6043
f 5953 6045 6044
f 5954 6046 6045
f 5955 6047 6046
f 5956 6048 6047
f 5957 6049 6048
f 5958 6050 6049
f 5959 6051 6050
f 5965 6054 6053
f 5966 6055 6054
f 5967 6056 6055
f 5968 6057 6056
f 5969 6058 6057
f 5970 6059 6058
f 5971 6060 6059
f 5972 6061 6060
f 5973 6062 6061
f 5974 6063 6062
f 5975 6064 6063
f 5976 6065 6064
f 5977 6066 6065
f 5978 6067 6066
f 5979 6068 6067
f 5980 6069 6068
f 5981 6070 6069
f 5982 6071 6070
f 5983 6072 6071
f 5984 6073 6072
f 5985 6074 6073
f 5986 6075 6074
f 5987 6076 6075
f 5988 6077 6076
f 5989 6078 6077
f 5990 6079 6078
f 5991 6080 6079
f 5992 6081 6080
f 5993 6082 6081
f 5994 6083 6082
f 5997 6085 6084
f 6001 6087 6086
f 6002 6088 6087
f 6003 6089 6088
f 6004 6090 6089
f 6005 6091 6090
f 6006 6092 6091
f 6007 6093 6092
f 6008 6094 6093
f 6009 6095 6094
f 6010 6096 6095
f 6011 6097 6096
f 6012 6098 6097
f 6013 6099 6098
f 6014 6100 6099
f 6015 6101 6100
f 6016 6102 6101
f 6017 6103 6102
f 6018 6104 6103
f 6019 6105 6104
f 6020 6106 6105
f 6021 6107 6106
f 6022 6108 6107
f 6023 6109 6108
f 6024 6110 6109
f 6025 6111 6110
f 6026 6112 6111
f 6027 6113 6112
f 6028 6114 6113
f 6029 6115 6114
f 6030 6116 6115
f 6031 6117 6116
f 6032 6118 6117
f 6033 6119 6118
f 6034 6120 6119
f 6035 6121 6120
f 6036 6122 6121
f 6037 6123 6122
f 6038 6124 6123
f 6039 6127 6126
f 6040 6128 6127
f 6041 6129 6128
f 6042 6130 6129
f 6043 6131 6130
f 6044 6132 6131
f 6045 6133 6132
f 6046 6134 6133
f 6047 6135 6134
f 6048 6136 6135
f 6049 6137 6136
f 6050 6138 6137
f 6056 6141 6140
f 6057 6142 6141
f 6058 6143 6142
f 6059 6144 6143
f 6060 6145 6144
f 6061 6146 6145
f 6062 6147 6146
f 6063 6148 6147
f 6064 6149 6148
f 6065 6150 6149
f 6066 6151 6150
f 6067 6152 6151
f 6068 6153 6152
f 6069 6154 6153
f 6070 6155 6154
f 6071 6156 6155
f 6072 6157 6156
f 6073 6158 6157
f 6074 6159 6158
f 6075 6160 6159
f 6076 6161 6160
f 6077 6162 6161
f 6078 6163 6162
f 6079 6164 6163
f 6080 6165 6164
f 6081 6166 6165
f 6082 6167 6166
f 6087 6169 6168
f 6088 6170 6169
f 6089 6171 6170
f 6090 6172 6171
f 6091 6173 6172
f 6092 6174 6173
f 6093 6175 6174
f 6094 6176 6175
f 6095 6177 6176
f 6096 6178 6177
f 6097 6179 6178
f 6098 6180 6179
f 6099 6181 6180
f 6100 6182 6181
f 6101 6183 6182
f 6102 6184 6183
f 6103 6185 6184
f 6104 6186 6185
f 6105 6187 6186
f 6106 6188 6187
f 6107 6189 6188
f 6108 6190 6189
f 6109 6191 6190
f 6110 6192 6191
f 6111 6193 6192
f 6112 6194 6193
f 6113 6195 6194
f 6114 6196 6195
f 6115 6197 6196
f 6116 6198 6197
f 6117 6199 6198
f 6118 6200 6199
f 6119 6201 6200
f 6120 6202 6201
f 6121 6203 6202
f 6122 6204 6203
f 6123 6205 6204
f 6124 6206 6205
f 6126 6209 6208
f 6127 6210 6209
f 6128 6211 6210
f 6129 6212 6211
f 6130 6213 6212
f 6131 6214 6213
f 6132 6215 6214
f 6133 6216 6215
f 6134 6217 6216
f 6135 6218 6217
f 6136 6219 6218
f 6142 6221 6220
f 6143 6222 6221
f 6144 6223 6222
f 6145 6224 6223
f 6146 6225 6224
f 6147 6226 6225
f 6148 6227 6226
f 6149 6228 6227
f 6150 6229 6228
f 6151 6230 6229
f 6152 6231 6230
f 6153 6232 6231
f 6154 6233 6232
f 6155 6234 6233
f 6156 6235 6234
f 6157 6236 6235
f 6158 6237 6236
f 6159 6238 6237
f 6160 6239 6238
f 6161 6240 6239
f 6162 6241 6240
f 6163 6242 6241
f 6164 6243 6242
f 6165 6244 6243
f 6166 6245 6244
f 6167 6246 6245
f 6169 6248 6247
f 6170 6249 6248
f 6171 6250 6249
f 6172 6251 6250
f 6173 6252 6251
f 6174 6253 6252
f 6175 6254 6253
f 6176 6255 6254
f 6177 6256 6255
f 6178 6257 6256
f 6179 6258 6257
f 6180 6259 6258
f 6181 6260 6259
f 6182 6261 6260
f 6183 6262 6261
f 6184 6263 6262
f 6185 6264 6263
f 6186 6265 6264
f 6187 6266 6265
f 6188 6267 6266
f 6189 6268 6267
f 6190 6269 6268
f 6191 6270 6269
f 6192 6271 6270
f 6193 6272 6271
f 6194 6273 6272
f 6195 6274 6273
f 6196 6275 6274
f 6197 6276 6275
f 6198 6277 6276
f 6199 6278 6277
f 6200 6279 6278
f 6201 6280 6279
f 6202 6281 6280
f 6203 6282 6281
f 6204 6283 6282
f 6205 6284 6283
f 6206 6285 6284
f 6207 6287 6286
f 6208 6288 6287
f 6209 6289 6288
f 6210 6290 6289
f 6211 6291 6290
f 6212 6292 6291
f 6213 6293 6292
f 6214 6294 6293
f 6215 6295 6294
f 6216 6296 6295
f 6217 6297 6296
f 6222 6299 6298
f 6223 6300 6299
f 6224 6301 6300
f 6225 6302 6301
f 6226 6303 6302
f 6227 6304 6303
f 6228 6305 6304
f 6229 6306 6305
f 6230 6307 6306
f 6231 6308 6307
f 6232 6309 6308
f 6233 6310 6309
f 6234 6311 6310
f 6235 6312 6311
f 6236 6313 6312
f 6237 6314 6313
f 6238 6315 6314
f 6239 6316 6315
f 6240 6317 6316
f 6241 6318 6317
f 6242 6319 6318
f 6248 6323 6322
f 6249 6324 6323
f 6250 6325 6324
f 6251 6326 6325
f 6252 6327 6326
f 6253 6328 6327
f 6254 6329 6328
f 6255 6330 6329
f 6256 6331 6330
f 6275 6335 6334
f 6276 6336 6335
f 6277 6337 6336
f 6278 6338 6337
f 6279 6339 6338
f 6280 6340 6339
f 6281 6341 6340
f 6282 6342 6341
f 6283 6343 6342
f 6286 6348 6347
f 6287 6349 6348
f 6288 6350 6349
f 6289 6351 6350
f 6290 6352 6351
f 6291 6353 6352
f 6299 6356 6355
f 6300 6357 6356
f 6301 6358 6357
f 6302 6359 6358
f 6303 6360 6359
f 6304 6361 6360
f 6305 6362 6361
f 6306 6363 6362
f 6307 6364 6363
f 6308 6365 6364
f 6309 6366 6365
f 6310 6367 6366
f 6311 6368 6367
f 6312 6369 6368
f 6313 6370 6369
f 6314 6371 6370
f 6315 6372 6371
f 6316 6373 6372
f 6317 6374 6373
f 6318 6375 6374
f 6321 6379 6378
f 6322 6380 6379
f 6323 6381 6380
f 6324 6382 6381
f 6325 6383 6382
f 6326 6384 6383
f 6327 6385 6384
f 6328 6386 6385
f 6329 6387 6386
f 6330 6388 6387
f 6344 6390 6389
f 6345 6391 6390
f 6346 6392 6391
f 6347 6393 6392
f 6348 6394 6393
f 6349 6395 6394
f 6350 6396 6395
f 6351 6397 6396
f 6352 6398 6397
f 6357 6400 6399
f 6358 6401 6400
f 6359 6402 6401
f 6360 6403 6402
f 6361 6404 6403
f 6362 6405 6404
f 6363 6406 6405
f 6364 6407 6406
f 6365 6408 6407
f 6366 6409 6408
f 6367 6410 6409
f 6368 6411 6410
f 6369 6412 6411
f 6370 6413 6412
f 6371 6414 6413
f 6372 6415 6414
f 6373 6416 6415
f 6374 6417 6416
f 6375 6418 6417
f 6376 6419 6418
f 6377 6422 6421
f 6378 6426 6425
f 6379 6427 6426
f 6380 6428 6427
f 6381 6429 6428
f 6382 6430 6429
f 6383 6431 6430
f 6384 6432 6431
f 6385 6433 6432
f 6386 6434 6433
f 6387 6435 6434
f 6389 6437 6436
f 6390 6438 6437
f 6391 6439 6438
f 6392 6440 6439
f 6393 6441 6440
f 6394 6442 6441
f 6395 6443 6442
f 6396 6444 6443
f 6397 6445 6444
f 6402 6448 6447
f 6403 6449 6448
f 6404 6450 6449
f 6405 6451 6450
f 6406 6452 6451
f 6407 6453 6452
f 6408 6454 6453
f 6409 6455 6454
f 6410 6456 6455
f 6411 6457 6456
f 6412 6458 6457
f 6413 6459 6458
f 6414 6460 6459
f 6415 6461 6460
f 6416 6462 6461
f 6417 6463 6462
f 6418 6464 6463
f 6419 6465 6464
f 6420 6466 6465
f 6422 6468 6467
f 6423 6469 6468
f 6426 6471 6470
f 6427 6472 6471
f 6428 6473 6472
f 6429 6474 6473
f 6430 6475 6474
f 6431 6476 6475
f 6432 6477 6476
f 6433 6478 6477
f 6434 6479 6478
f 6435 6480 6479
f 6482 6483 6492
f 6484 6485 6495
f 6485 6486 6496
f 6486 6487 6497
f 6487 6488 6498
f 6492 6493 6513
f 6494 6495 6514
f 6495 6496 6515
f 6496 6497 6516
f 6497 6498 6517
f 6498 6499 6518
f 6499 6500 6519
f 6500 6501 6520
f 6501 6502 6521
f 6502 6503 6522
f 6503 6504 6523
f 6504 6505 6524
f 6505 6506 6525
f 6506 6507 6526
f 6512 6513 6538
f 6514 6515 6540
f 6515 6516 6541
f 6516 6517 6542
f 6517 6518 6543
f 6518 6519 6544
f 6519 6520 6545
f 6520 6521 6546
f 6521 6522 6547
f 6522 6523 6548
f 6523 6524 6549
f 6524 6525 6550
f 6525 6526 6551
f 6526 6527 6552
f 6527 6528 6553
f 6528 6529 6554
f 6529 6530 6555
f 6530 6531 6556
f 6531 6532 6557
f 6532 6533 6558
f 6533 6534 6559
f 6539 6540 6566
f 6540 6541 6567
f 6541 6542 6568
f 6542 6543 6569
f 6543 6544 6570
f 6544 6545 6571
f 6545 6546 6572
f 6546 6547 6573
f 6547 6548 6574
f 6548 6549 6575
f 6549 6550 6576
f 6550 6551 6577
f 6551 6552 6578
f 6552 6553 6579
f 6553 6554 6580
f 6554 6555 6581
f 6555 6556 6582
f 6556 6557 6583
f 6557 6558 6584
f 6558 6559 6585
f 6559 6560 6586
f 6560 6561 6587
f 6561 6562 6588
f 6562 6563 6589
f 6563 6564 6590
f 6565 6566 6598
f 6566 6567 6599
f 6567 6568 6600
f 6568 6569 6601
f 6569 6570 6602
f 6570 6571 6603
f 6571 6572 6604
f 6572 6573 6605
f 6573 6574 6606
f 6574 6575 6607
f 6575 6576 6608
f 6576 6577 6609
f 6577 6578 6610
f 6578 6579 6611
f 6579 6580 6612
f 6580 6581 6613
f 6581 6582 6614
f 6582 6583 6615
f 6583 6584 6616
f 6584 6585 6617
f 6585 6586 6618
f 6586 6587 6619
f 6587 6588 6620
f 6588 6589 6621
f 6589 6590 6622
f 6590 6591 6623
f 6591 6592 6624
f 6597 6598 6642
f 6598 6599 6643
f 6599 6600 6644
f 6600 6601 6645
f 6601 6602 6646
f 6602 6603 6647
f 6603 6604 6648
f 6604 6605 6649
f 6605 6606 6650
f 6606 6607 6651
f 6607 6608 6652
f 6608 6609 6653
f 6609 6610 6654
f 6610 6611 6655
f 6611 6612 6656
f 6612 6613 6657
f 6613 6614 6658
f 6614 6615 6659
f 6615 6616 6660
f 6616 6617 6661
f 6617 6618 6662
f 6618 6619 6663
f 6619 6620 6664
f 6620 6621 6665
f 6621 6622 6666
f 6622 6623 6667
f 6623 6624 6668
f 6624 6625 6669
f 6625 6626 6670
f 6627 6628 6673
f 6628 6629 6674
f 6629 6630 6675
f 6630 6631 6676
f 6631 6632 6677
f 6632 6633 6678
f 6633 6634 6679
f 6634 6635 6680
f 6635 6636 6681
f 6636 6637 6682
f 6637 6638 6683
f 6638 6639 6684
f 6641 6642 6688
f 6642 6643 6689
f 6643 6644 6690
f 6644 6645 6691
f 6645 6646 6692
f 6646 6647 6693
f 6647 6648 6694
f 6648 6649 6695
f 6649 6650 6696
f 6650 6651 6697
f 6651 6652 6698
f 6652 6653 6699
f 6653 6654 6700
f 6654 6655 6701
f 6655 6656 6702
f 6656 6657 6703
f 6657 6658 6704
f 6658 6659 6705
f 6659 6660 6706
f 6660 6661 6707
f 6661 6662 6708
f 6662 6663 6709
f 6663 6664 6710
f 6664 6665 6711
f 6665 6666 6712
f 6666 6667 6713
f 6667 6668 6714
f 6668 6669 6715
f 6669 6670 6716
f 6670 6671 6717
f 6673 6674 6720
f 6674 6675 6721
f 6675 6676 6722
f 6676 6677 6723
f 6677 6678 6724
f 6678 6679 6725
f 6679 6680 6726
f 6680 6681 6727
f 6681 6682 6728
f 6682 6683 6729
f 6683 6684 6730
f 6684 6685 6731
f 6685 6686 6732
f 6686 6687 6733
f 6688 6689 6738
f 6689 6690 6739
f 6690 6691 6740
f 6691 6692 6741
f 6692 6693 6742
f 6693 6694 6743
f 6694 6695 6744
f 6695 6696 6745
f 6696 6697 6746
f 6697 6698 6747
f 6698 6699 6748
f 6699 6700 6749
f 6700 6701 6750
f 6701 6702 6751
f 6702 6703 6752
f 6703 6704 6753
f 6704 6705 6754
f 6705 6706 6755
f 6706 6707 6756
f 6707 6708 6757
f 6708 6709 6758
f 6709 6710 6759
f 6710 6711 6760
f 6711 6712 6761
f 6712 6713 6762
f 6713 6714 6763
f 6714 6715 6764
f 6715 6716 6765
f 6716 6717 6766
f 6717 6718 6767
f 6718 6719 6768
f 6721 6722 6771
f 6722 6723 6772
f 6723 6724 6773
f 6724 6725 6774
f 6725 6726 6775
f 6726 6727 6776
f 6727 6728 6777
f 6728 6729 6778
f 6729 6730 6779
f 6730 6731 6780
f 6731 6732 6781
f 6732 6733 6782
f 6733 6734 6783
f 6734 6735 6784
f 6735 6736 6785
f 6737 6738 6788
f 6738 6739 6789
f 6739 6740 6790
f 6740 6741 6791
f 6741 6742 6792
f 6742 6743 6793
f 6743 6744 6794
f 6744 6745 6795
f 6745 6746 6796
f 6746 6747 6797
f 6747 6748 6798
f 6748 6749 6799
f 6749 6750 6800
f 6750 6751 6801
f 6751 6752 6802
f 6752 6753 6803
f 6753 6754 6804
f 6754 6755 6805
f 6755 6756 6806
f 6756 6757 6807
f 6757 6758 6808
f 6758 6759 6809
f 6759 6760 6810
f 6760 6761 6811
f 6761 6762 6812
f 6762 6763 6813
f 6763 6764 6814
f 6764 6765 6815
f 6765 6766 6816
f 6766 6767 6817
f 6767 6768 6818
f 6768 6769 6819
f 6769 6770 6820
f 6771 6772 6826
f 6772 6773 6827
f 6773 6774 6828
f 6774 6775 6829
f 6775 6776 6830
f 6776 6777 6831
f 6777 6778 6832
f 6778 6779 6833
f 6779 6780 6834
f 6780 6781 6835
f 6781 6782 6836
f 6782 6783 6837
f 6783 6784 6838
f 6784 6785 6839
f 6785 6786 6840
f 6786 6787 6841
f 6788 6789 6845
f 6789 6790 6846
f 6790 6791 6847
f 6791 6792 6848
f 6792 6793 6849
f 6793 6794 6850
f 6794 6795 6851
f 6795 6796 6852
f 6796 6797 6853
f 6797 6798 6854
f 6798 6799 6855
f 6799 6800 6856
f 6800 6801 6857
f 6801 6802 6858
f 6802 6803 6859
f 6803 6804 6860
f 6804 6805 6861
f 6805 6806 6862
f 6806 6807 6863
f 6807 6808 6864
f 6808 6809 6865
f 6809 6810 6866
f 6810 6811 6867
f 6811 6812 6868
f 6812 6813 6869
f 6813 6814 6870
f 6814 6815 6871
f 6815 6816 6872
f 6816 6817 6873
f 6817 6818 6874
f 6818 6819 6875
f 6819 6820 6876
f 6820 6821 6877
f 6821 6822 6878
f 6822 6823 6879
f 6826 6827 6891
f 6827 6828 6892
f 6828 6829 6893
f 6829 6830 6894
f 6830 6831 6895
f 6831 6832 6896
f 6832 6833 6897
f 6833 6834 6898
f 6834 6835 6899
f 6835 6836 6900
f 6836 6837 6901
f 6837 6838 6902
f 6838 6839 6903
f 6839 6840 6904
f 6840 6841 6905
f 6841 6842 6906
f 6842 6843 6907
f 6843 6844 6908
f 6845 6846 6911
f 6846 6847 6912
f 6847 6848 6913
f 6848 6849 6914
f 6849 6850 6915
f 6850 6851 6916
f 6851 6852 6917
f 6852 6853 6918
f 6853 6854 6919
f 6854 6855 6920
f 6855 6856 6921
f 6856 6857 6922
f 6857 6858 6923
f 6858 6859 6924
f 6859 6860 6925
f 6860 6861 6926
f 6861 6862 6927
f 6862 6863 6928
f 6863 6864 6929
f 6864 6865 6930
f 6865 6866 6931
f 6866 6867 6932
f 6867 6868 6933
f 6868 6869 6934
f 6869 6870 6935
f 6870 6871 6936
f 6871 6872 6937
f 6872 6873 6938
f 6873 6874 6939
f 6874 6875 6940
f 6875 6876 6941
f 6876 6877 6942
f 6877 6878 6943
f 6878 6879 6944
f 6879 6880 6945
f 6880 6881 6946
f 6881 6882 6947
f 6882 6883 6948
f 6883 6884 6949
f 6884 6885 6950
f 6885 6886 6951
f 6886 6887 6952
f 6887 6888 6953
f 6888 6889 6954
f 6891 6892 6959
f 6892 6893 6960
f 6893 6894 6961
f 6894 6895 6962
f 6895 6896 6963
f 6896 6897 6964
f 6897 6898 6965
f 6898 6899 6966
f 6899 6900 6967
f 6900 6901 6968
f 6901 6902 6969
f 6902 6903 6970
f 6903 6904 6971
f 6904 6905 6972
f 6905 6906 6973
f 6906 6907 6974
f 6907 6908 6975
f 6908 6909 6976
f 6909 6910 6977
f 6911 6912 6980
f 6912 6913 6981
f 6913 6914 6982
f 6914 6915 6983
f 6915 6916 6984
f 6916 6917 6985
f 6917 6918 6986
f 6918 6919 6987
f 6919 6920 6988
f 6920 6921 6989
f 6921 6922 6990
f 6922 6923 6991
f 6923 6924 6992
f 6924 6925 6993
f 6925 6926 6994
f 6926 6927 6995
f 6927 6928 6996
f 6928 6929 6997
f 6929 6930 6998
f 6930 6931 6999
f 6931 6932 7000
f 6932 6933 7001
f 6933 6934 7002
f 6934 6935 7003
f 6935 6936 7004
f 6936 6937 7005
f 6937 6938 7006
f 6938 6939 7007
f 6939 6940 7008
f 6940 6941 7009
f 6941 6942 7010
f 6942 6943 7011
f 6943 6944 7012
f 6944 6945 7013
f 6945 6946 7014
f 6946 6947 7015
f 6947 6948 7016
f 6948 6949 7017
f 6949 6950 7018
f 6950 6951 7019
f 6951 6952 7020
f 6952 6953 7021
f 6953 6954 7022
f 6954 6955 7023
f 6955 6956 7024
f 6956 6957 7025
f 6957 6958 7026
f 6959 6960 7028
f 6960 6961 7029
f 6961 6962 7030
f 6962 6963 7031
f 6963 6964 7032
f 6964 6965 7033
f 6965 6966 7034
f 6966 6967 7035
f 6967 6968 7036
f 6968 6969 7037
f 6969 6970 7038
f 6970 6971 7039
f 6971 6972 7040
f 6972 6973 7041
f 6973 6974 7042
f 6974 6975 7043
f 6975 6976 7044
f 6976 6977 7045
f 6977 6978 7046
f 6978 6979 7047
f 6980 6981 7051
f 6981 6982 7052
f 6982 6983 7053
f 6983 6984 7054
f 6984 6985 7055
f 6985 6986 7056
f 6986 6987 7057
f 6987 6988 7058
f 6988 6989 7059
f 6989 6990 7060
f 6990 6991 7061
f 6991 6992 7062
f 6992 6993 7063
f 6993 6994 7064
f 6994 6995 7065
f 6995 6996 7066
f 6996 6997 7067
f 6997 6998 7068
f 6998 6999 7069
f 6999 7000 7070
f 7000 7001 7071
f 7001 7002 7072
f 7002 7003 7073
f 7003 7004 7074
f 7004 7005 7075
f 7005 7006 7076
f 7006 7007 7077
f 7007 7008 7078
f 7008 7009 7079
f 7009 7010 7080
f 7010 7011 7081
f 7011 7012 7082
f 7012 7013 7083
f 7013 7014 7084
f 7014 7015 7085
f 7015 7016 7086
f 7016 7017 7087
f 7017 7018 7088
f 7018 7019 7089
f 7019 7020 7090
f 7020 7021 7091
f 7021 7022 7092
f 7022 7023 7093
f 7023 7024 7094
f 7024 7025 7095
f 7025 7026 7096
f 7026 7027 7097
f 7028 7029 7099
f 7029 7030 7100
f 7030 7031 7101
f 7031 7032 7102
f 7032 7033 7103
f 7033 7034 7104
f 7034 7035 7105
f 7035 7036 7106
f 7036 7037 7107
f 7037 7038 7108
f 7038 7039 7109
f 7039 7040 7110
f 7040 7041 7111
f 7041 7042 7112
f 7042 7043 7113
f 7043 7044 7114
f 7044 7045 7115
f 7045 7046 7116
f 7046 7047 7117
f 7047 7048 7118
f 7048 7049 7119
f 7050 7051 7122
f 7051 7052 7123
f 7052 7053 7124
f 7053 7054 7125
f 7054 7055 7126
f 7055 7056 7127
f 7056 7057 7128
f 7057 7058 7129
f 7058 7059 7130
f 7059 7060 7131
f 7060 7061 7132
f 7061 7062 7133
f 7062 7063 7134
f 7063 7064 7135
f 7064 7065 7136
f 7065 7066 7137
f 7066 7067 7138
f 7067 7068 7139
f 7068 7069 7140
f 7069 7070 7141
f 7070 7071 7142
f 7071 7072 7143
f 7072 7073 7144
f 7073 7074 7145
f 7074 7075 7146
f 7075 7076 7147
f 7076 7077 7148
f 7077 7078 7149
f 7078 7079 7150
f 7079 7080 7151
f 7080 7081 7152
f 7081 7082 7153
f 7082 7083 7154
f 7083 7084 7155
f 7084 7085 7156
f 7085 7086 7157
f 7086 7087 7158
f 7087 7088 7159
f 7088 7089 7160
f 7089 7090 7161
f 7090 7091 7162
f 7091 7092 7163
f 7092 7093 7164
f 7093 7094 7165
f 7094 7095 7166
f 7095 7096 7167
f 7096 7097 7168
f 7097 7098 7169
f 7099 7100 7172
f 7100 7101 7173
f 7101 7102 7174
f 7102 7103 7175
f 7103 7104 7176
f 7104 7105 7177
f 7105 7106 7178
f 7106 7107 7179
f 7107 7108 7180
f 7108 7109 7181
f 7109 7110 7182
f 7110 7111 7183
f 7111 7112 7184
f 7112 7113 7185
f 7113 7114 7186
f 7114 7115 7187
f 7115 7116 7188
f 7116 7117 7189
f 7117 7118 7190
f 7118 7119 7191
f 7119 7120 7192
f 7120 7121 7193
f 7122 7123 7196
f 7123 7124 7197
f 7124 7125 7198
f 7125 7126 7199
f 7126 7127 7200
f 7127 7128 7201
f 7128 7129 7202
f 7129 7130 7203
f 7130 7131 7204
f 7131 7132 7205
f 7132 7133 7206
f 7133 7134 7207
f 7134 7135 7208
f 7135 7136 7209
f 7136 7137 7210
f 7137 7138 7211
f 7138 7139 7212
f 7139 7140 7213
f 7140 7141 7214
f 7141 7142 7215
f 7142 7143 7216
f 7143 7144 7217
f 7144 7145 7218
f 7145 7146 7219
f 7146 7147 7220
f 7147 7148 7221
f 7148 7149 7222
f 7149 7150 7223
f 7150 7151 7224
f 7151 7152 7225
f 7152 7153 7226
f 7153 7154 7227
f 7154 7155 7228
f 7155 7156 7229
f 7156 7157 7230
f 7157 7158 7231
f 7158 7159 7232
f 7159 7160 7233
f 7160 7161 7234
f 7161 7162 7235
f 7162 7163 7236
f 7163 7164 7237
f 7164 7165 7238
f 7165 7166 7239
f 7166 7167 7240
f 7167 7168 7241
f 7168 7169 7242
f 7169 7170 7243
f 7171 7172 7246
f 7172 7173 7247
f 7173 7174 7248
f 7174 7175 7249
f 7175 7176 7250
f 7176 7177 7251
f 7177 7178 7252
f 7178 7179 7253
f 7179 7180 7254
f 7180 7181 7255
f 7181 7182 7256
f 7182 7183 7257
f 7183 7184 7258
f 7184 7185 7259
f 7185 7186 7260
f 7186 7187 7261
f 7187 7188 7262
f 7188 7189 7263
f 7189 7190 7264
f 7190 7191 7265
f 7191 7192 7266
f 7192 7193 7267
f 7193 7194 7268
f 7194 7195 7269
f 7196 7197 7272
f 7197 7198 7273
f 7198 7199 7274
f 7199 7200 7275
f 7200 7201 7276
f 7201 7202 7277
f 7202 7203 7278
f 7203 7204 7279
f 7204 7205 7280
f 7205 7206 7281
f 7206 7207 7282
f 7207 7208 7283
f 7208 7209 7284
f 7209 7210 7285
f 7210 7211 7286
f 7211 7212 7287
f 7212 7213 7288
f 7213 7214 7289
f 7214 7215 7290
f 7215 7216 7291
f 7216 7217 7292
f 7217 7218 7293
f 7218 7219 7294
f 7219 7220 7295
f 7220 7221 7296
f 7221 7222 7297
f 7222 7223 7298
f 7223 7224 7299
f 7224 7225 7300
f 7225 7226 7301
f 7226 7227 7302
f 7227 7228 7303
f 7228 7229 7304
f 7229 7230 7305
f 7230 7231 7306
f 7231 7232 7307
f 7232 7233 7308
f 7233 7234 7309
f 7234 7235 7310
f 7235 7236 7311
f 7236 7237 7312
f 7237 7238 7313
f 7238 7239 7314
f 7239 7240 7315
f 7240 7241 7316
f 7241 7242 7317
f 7242 7243 7318
f 7243 7244 7319
f 7244 7245 7320
f 7246 7247 7323
f 7247 7248 7324
f 7248 7249 7325
f 7249 7250 7326
f 7250 7251 7327
f 7251 7252 7328
f 7252 7253 7329
f 7253 7254 7330
f 7254 7255 7331
f 7255 7256 7332
f 7256 7257 7333
f 7257 7258 7334
f 7258 7259 7335
f 7259 7260 7336
f 7260 7261 7337
f 7261 7262 7338
f 7262 7263 7339
f 7263 7264 7340
f 7264 7265 7341
f 7265 7266 7342
f 7266 7267 7343
f 7267 7268 7344
f 7268 7269 7345
f 7269 7270 7346
f 7270 7271 7347
f 7272 7273 7350
f 7273 7274 7351
f 7274 7275 7352
f 7275 7276 7353
f 7276 7277 7354
f 7277 7278 7355
f 7278 7279 7356
f 7279 7280 7357
f 7280 7281 7358
f 7281 7282 7359
f 7282 7283 7360
f 7283 7284 7361
f 7284 7285 7362
f 7285 7286 7363
f 7286 7287 7364
f 7287 7288 7365
f 7288 7289 7366
f 7289 7290 7367
f 7290 7291 7368
f 7291 7292 7369
f 7292 7293 7370
f 7293 7294 7371
f 7294 7295 7372
f 7295 7296 7373
f 7296 7297 7374
f 7297 7298 7375
f 7298 7299 7376
f 7299 7300 7377
f 7300 7301 7378
f 7301 7302 7379
f 7302 7303 7380
f 7303 7304 7381
f 7304 7305 7382
f 7305 7306 7383
f 7306 7307 7384
f 7307 7308 7385
f 7308 7309 7386
f 7309 7310 7387
f 7310 7311 7388
f 7311 7312 7389
f 7312 7313 7390
f 7313 7314 7391
f 7314 7315 7392
f 7315 7316 7393
f 7316 7317 7394
f 7317 7318 7395
f 7318 7319 7396
f 7319 7320 7397
f 7320 7321 7398
f 7322 7323 7400
f 7323 7324 7401
f 7324 7325 7402
f 7325 7326 7403
f 7326 7327 7404
f 7327 7328 7405
f 7328 7329 7406
f 7329 7330 7407
f 7330 7331 7408
f 7331 7332 7409
f 7332 7333 7410
f 7333 7334 7411
f 7334 7335 7412
f 7335 7336 7413
f 7336 7337 7414
f 7337 7338 7415
f 7338 7339 7416
f 7339 7340 7417
f 7340 7341 7418
f 7341 7342 7419
f 7342 7343 7420
f 7343 7344 7421
f 7344 7345 7422
f 7345 7346 7423
f 7346 7347 7424
f 7347 7348 7425
f 7348 7349 7426
f 7350 7351 7429
f 7351 7352 7430
f 7352 7353 7431
f 7353 7354 7432
f 7354 7355 7433
f 7355 7356 7434
f 7356 7357 7435
f 7357 7358 7436
f 7358 7359 7437
f 7359 7360 7438
f 7360 7361 7439
f 7361 7362 7440
f 7362 7363 7441
f 7363 7364 7442
f 7364 7365 7443
f 7365 7366 7444
f 7366 7367 7445
f 7367 7368 7446
f 7368 7369 7447
f 7369 7370 7448
f 7370 7371 7449
f 7371 7372 7450
f 7372 7373 7451
f 7373 7374 7452
f 7374 7375 7453
f 7375 7376 7454
f 7376 7377 7455
f 7377 7378 7456
f 7378 7379 7457
f 7379 7380 7458
f 7380 7381 7459
f 7381 7382 7460
f 7382 7383 7461
f 7383 7384 7462
f 7384 7385 7463
f 7385 7386 7464
f 7386 7387 7465
f 7387 7388 7466
f 7388 7389 7467
f 7389 7390 7468
f 7390 7391 7469
f 7391 7392 7470
f 7392 7393 7471
f 7393 7394 7472
f 7394 7395 7473
f 7395 7396 7474
f 7396 7397 7475
f 7397 7398 7476
f 7398 7399 7477
f 7400 7401 7479
f 7401 7402 7480
f 7402 7403 7481
f 7403 7404 7482
f 7404 7405 7483
f 7405 7406 7484
f 7406 7407 7485
f 7407 7408 7486
f 7408 7409 7487
f 7409 7410 7488
f 7410 7411 7489
f 7411 7412 7490
f 7412 7413 7491
f 7413 7414 7492
f 7414 7415 7493
f 7415 7416 7494
f 7416 7417 7495
f 7417 7418 7496
f 7418 7419 7497
f 7419 7420 7498
f 7420 7421 7499
f 7421 7422 7500
f 7422 7423 7501
f 7423 7424 7502
f 7424 7425 7503
f 7425 7426 7504
f 7426 7427 7505
f 7427 7428 7506
f 7429 7430 7509
f 7430 7431 7510
f 7431 7432 7511
f 7432 7433 7512
f 7433 7434 7513
f 7434 7435 7514
f 7435 7436 7515
f 7436 7437 7516
f 7437 7438 7517
f 7438 7439 7518
f 7439 7440 7519
f 7440 7441 7520
f 7441 7442 7521
f 7442 7443 7522
f 7443 7444 7523
f 7444 7445 7524
f 7445 7446 7525
f 7446 7447 7526
f 7447 7448 7527
f 7448 7449 7528
f 7449 7450 7529
f 7450 7451 7530
f 7451 7452 7531
f 7452 7453 7532
f 7453 7454 7533
f 7454 7455 7534
f 7455 7456 7535
f 7456 7457 7536
f 7457 7458 7537
f 7458 7459 7538
f 7459 7460 7539
f 7460 7461 7540
f 7461 7462 7541
f 7462 7463 7542
f 7463 7464 7543
f 7464 7465 7544
f 7465 7466 7545
f 7466 7467 7546
f 7467 7468 7547
f 7468 7469 7548
f 7469 7470 7549
f 7470 7471 7550
f 7471 7472 7551
f 7472 7473 7552
f 7473 7474 7553
f 7474 7475 7554
f 7475 7476 7555
f 7476 7477 7556
f 7477 7478 7557
f 7479 7480 7559
f 7480 7481 7560
f 7481 7482 7561
f 7482 7483 7562
f 7483 7484 7563
f 7484 7485 7564
f 7485 7486 7565
f 7486 7487 7566
f 7487 7488 7567
f 7488 7489 7568
f 7489 7490 7569
f 7490 7491 7570
f 7491 7492 7571
f 7492 7493 7572
f 7493 7494 7573
f 7494 7495 7574
f 7495 7496 7575
f 7496 7497 7576
f 7497 7498 7577
f 7498 7499 7578
f 7499 7500 7579
f 7500 7501 7580
f 7501 7502 7581
f 7502 7503 7582
f 7503 7504 7583
f 7504 7505 7584
f 7505 7506 7585
f 7506 7507 7586
f 7507 7508 7587
f 7510 7511 7590
f 7511 7512 7591
f 7512 7513 7592
f 7513 7514 7593
f 7514 7515 7594
f 7515 7516 7595
f 7516 7517 7596
f 7517 7518 7597
f 7518 7519 7598
f 7519 7520 7599
f 7520 7521 7600
f 7521 7522 7601
f 7522 7523 7602
f 7523 7524 7603
f 7524 7525 7604
f 7525 7526 7605
f 7526 7527 7606
f 7527 7528 7607
f 7528 7529 7608
f 7529 7530 7609
f 7530 7531 7610
f 7531 7532 7611
f 7532 7533 7612
f 7533 7534 7613
f 7534 7535 7614
f 7535 7536 7615
f 7536 7537 7616
f 7537 7538 7617
f 7538 7539 7618
f 7539 7540 7619
f 7540 7541 7620
f 7541 7542 7621
f 7542 7543 7622
f 7543 7544 7623
f 7544 7545 7624
f 7545 7546 7625
f 7546 7547 7626
f 7547 7548 7627
f 7548 7549 7628
f 7549 7550 7629
f 7550 7551 7630
f 7551 7552 7631
f 7552 7553 7632
f 7553 7554 7633
f 7554 7555 7634
f 7555 7556 7635
f 7556 7557 7636
f 7557 7558 7637
f 7559 7560 7639
f 7560 7561 7640
f 7561 7562 7641
f 7562 7563 7642
f 7563 7564 7643
f 7564 7565 7644
f 7565 7566 7645
f 7566 7567 7646
f 7567 7568 7647
f 7568 7569 7648
f 7569 7570 7649
f 7570 7571 7650
f 7571 7572 7651
f 7572 7573 7652
f 7573 7574 7653
f 7574 7575 7654
f 7575 7576 7655
f 7576 7577 7656
f 7577 7578 7657
f 7578 7579 7658
f 7579 7580 7659
f 7580 7581 7660
f 7581 7582 7661
f 7582 7583 7662
f 7583 7584 7663
f 7584 7585 7664
f 7585 7586 7665
f 7586 7587 7666
f 7587 7588 7667
f 7588 7589 7668
f 7591 7592 7671
f 7592 7593 7672
f 7593 7594 7673
f 7594 7595 7674
f 7595 7596 7675
f 7596 7597 7676
f 7597 7598 7677
f 7598 7599 7678
f 7599 7600 7679
f 7600 7601 7680
f 7601 7602 7681
f 7602 7603 7682
f 7603 7604 7683
f 7604 7605 7684
f 7605 7606 7685
f 7606 7607 7686
f 7607 7608 7687
f 7608 7609 7688
f 7609 7610 7689
f 7610 7611 7690
f 7611 7612 7691
f 7612 7613 7692
f 7613 7614 7693
f 7614 7615 7694
f 7615 7616 7695
f 7616 7617 7696
f 7617 7618 7697
f 7618 7619 7698
f 7619 7620 7699
f 7620 7621 7700
f 7621 7622 7701
f 7622 7623 7702
f 7623 7624 7703
f 7624 7625 7704
f 7625 7626 7705
f 7626 7627 7706
f 7627 7628 7707
f 7628 7629 7708
f 7629 7630 7709
f 7630 7631 7710
f 7631 7632 7711
f 7632 7633 7712
f 7633 7634 7713
f 7634 7635 7714
f 7635 7636 7715
f 7636 7637 7716
f 7637 7638 7717
f 7639 7640 7719
f 7640 7641 7720
f 7641 7642 7721
f 7642 7643 7722
f 7643 7644 7723
f 7644 7645 7724
f 7645 7646 7725
f 7646 7647 7726
f 7647 7648 7727
f 7648 7649 7728
f 7649 7650 7729
f 7650 7651 7730
f 7651 7652 7731
f 7652 7653 7732
f 7653 7654 7733
f 7654 7655 7734
f 7655 7656 7735
f 7656 7657 7736
f 7657 7658 7737
f 7658 7659 7738
f 7659 7660 7739
f 7660 7661 7740
f 7661 7662 7741
f 7662 7663 7742
f 7663 7664 7743
f 7664 7665 7744
f 7665 7666 7745
f 7666 7667 7746
f 7667 7668 7747
f 7668 7669 7748
f 7669 7670 7749
f 7671 7672 7751
f 7672 7673 7752
f 7673 7674 7753
f 7674 7675 7754
f 7675 7676 7755
f 7676 7677 7756
f 7677 7678 7757
f 7678 7679 7758
f 7679 7680 7759
f 7680 7681 7760
f 7681 7682 7761
f 7682 7683 7762
f 7683 7684 7763
f 7684 7685 7764
f 7685 7686 7765
f 7686 7687 7766
f 7687 7688 7767
f 7688 7689 7768
f 7689 7690 7769
f 7690 7691 7770
f 7691 7692 7771
f 7692 7693 7772
f 7693 7694 7773
f 7694 7695 7774
f 7695 7696 7775
f 7696 7697 7776
f 7697 7698 7777
f 7698 7699 7778
f 7699 7700 7779
f 7700 7701 7780
f 7701 7702 7781
f 7702 7703 7782
f 7703 7704 7783
f 7704 7705 7784
f 7705 7706 7785
f 7706 7707 7786
f 7707 7708 7787
f 7708 7709 7788
f 7709 7710 7789
f 7710 7711 7790
f 7711 7712 7791
f 7712 7713 7792
f 7713 7714 7793
f 7714 7715 7794
f 7715 7716 7795
f 7716 7717 7796
f 7717 7718 7797
f 7719 7720 7799
f 7720 7721 7800
f 7721 7722 7801
f 7722 7723 7802
f 7723 7724 7803
f 7724 7725 7804
f 7725 7726 7805
f 7726 7727 7806
f 7727 7728 7807
f 7728 7729 7808
f 7729 7730 7809
f 7730 7731 7810
f 7731 7732 7811
f 7732 7733 7812
f 7733 7734 7813
f 7734 7735 7814
f 7735 7736 7815
f 7748 7749 7816
f 7749 7750 7817
f 7751 7752 7818
f 7752 7753 7819
f 7753 7754 7820
f 7754 7755 7821
f 7755 7756 7822
f 7756 7757 7823
f 7757 7758 7824
f 7758 7759 7825
f 7759 7760 7826
f 7760 7761 7827
f 7761 7762 7828
f 7762 7763 7829
f 7763 7764 7830
f 7764 7765 7831
f 7765 7766 7832
f 7766 7767 7833
f 7767 7768 7834
f 7768 7769 7835
f 7769 7770 7836
f 7770 7771 7837
f 7771 7772 7838
f 7772 7773 7839
f 7773 7774 7840
f 7774 7775 7841
f 7775 7776 7842
f 7776 7777 7843
f 7777 7778 7844
f 7778 7779 7845
f 7779 7780 7846
f 7780 7781 7847
f 7781 7782 7848
f 7782 7783 7849
f 7783 7784 7850
f 7784 7785 7851
f 7785 7786 7852
f 7786 7787 7853
f 7787 7788 7854
f 7788 7789 7855
f 7789 7790 7856
f 7790 7791 7857
f 7791 7792 7858
f 7792 7793 7859
f 7793 7794 7860
f 7794 7795 7861
f 7795 7796 7862
f 7796 7797 7863
f 7797 7798 7864
f 7799 7800 7869
f 7800 7801 7870
f 7801 7802 7871
f 7802 7803 7872
f 7803 7804 7873
f 7804 7805 7874
f 7805 7806 7875
f 7806 7807 7876
f 7807 7808 7877
f 7808 7809 7878
f 7809 7810 7879
f 7810 7811 7880
f 7811 7812 7881
f 7812 7813 7882
f 7813 7814 7883
f 7818 7819 7885
f 7819 7820 7886
f 7820 7821 7887
f 7821 7822 7888
f 7822 7823 7889
f 7823 7824 7890
f 7824 7825 7891
f 7825 7826 7892
f 7826 7827 7893
f 7827 7828 7894
f 7828 7829 7895
f 7829 7830 7896
f 7830 7831 7897
f 7831 7832 7898
f 7832 7833 7899
f 7833 7834 7900
f 7834 7835 7901
f 7835 7836 7902
f 7836 7837 7903
f 7837 7838 7904
f 7838 7839 7905
f 7839 7840 7906
f 7840 7841 7907
f 7841 7842 7908
f 7842 7843 7909
f 7843 7844 7910
f 7844 7845 7911
f 7845 7846 7912
f 7846 7847 7913
f 7847 7848 7914
f 7848 7849 7915
f 7849 7850 7916
f 7850 7851 7917
f 7851 7852 7918
f 7852 7853 7919
f 7853 7854 7920
f 7854 7855 7921
f 7855 7856 7922
f 7856 7857 7923
f 7857 7858 7924
f 7858 7859 7925
f 7859 7860 7926
f 7860 7861 7927
f 7861 7862 7928
f 7862 7863 7929
f 7863 7864 7930
f 7864 7865 7931
f 7865 7866 7932
f 7867 7868 7935
f 7868 7869 7936
f 7869 7870 7937
f 7870 7871 7938
f 7871 7872 7939
f 7872 7873 7940
f 7873 7874 7941
f 7874 7875 7942
f 7875 7876 7943
f 7876 7877 7944
f 7885 7886 7947
f 7886 7887 7948
f 7887 7888 7949
f 7888 7889 7950
f 7889 7890 7951
f 7890 7891 7952
f 7891 7892 7953
f 7892 7893 7954
f 7893 7894 7955
f 7894 7895 7956
f 7895 7896 7957
f 7896 7897 7958
f 7897 7898 7959
f 7898 7899 7960
f 7899 7900 7961
f 7900 7901 7962
f 7901 7902 7963
f 7902 7903 7964
f 7903 7904 7965
f 7904 7905 7966
f 7905 7906 7967
f 7906 7907 7968
f 7907 7908 7969
f 7908 7909 7970
f 7909 7910 7971
f 7910 7911 7972
f 7911 7912 7973
f 7912 7913 7974
f 7913 7914 7975
f 7914 7915 7976
f 7915 7916 7977
f 7916 7917 7978
f 7917 7918 7979
f 7918 7919 7980
f 7919 7920 7981
f 7920 7921 7982
f 7921 7922 7983
f 7922 7923 7984
f 7923 7924 7985
f 7924 7925 7986
f 7925 7926 7987
f 7926 7927 7988
f 7927 7928 7989
f 7928 7929 7990
f 7934 7935 7993
f 7935 7936 7994
f 7942 7943 7995
f 7943 7944 7996
f 7947 7948 7997
f 7948 7949 7998
f 7949 7950 7999
f 7950 7951 8000
f 7951 7952 8001
f 7952 7953 8002
f 7953 7954 8003
f 7954 7955 8004
f 7955 7956 8005
f 7956 7957 8006
f 7957 7958 8007
f 7958 7959 8008
f 7959 7960 8009
f 7960 7961 8010
f 7961 7962 8011
f 7962 7963 8012
f 7963 7964 8013
f 7964 7965 8014
f 7965 7966 8015
f 7966 7967 8016
f 7967 7968 8017
f 7968 7969 8018
f 7969 7970 8019
f 7970 7971 8020
f 7971 7972 8021
f 7972 7973 8022
f 7973 7974 8023
f 7974 7975 8024
f 7975 7976 8025
f 7976 7977 8026
f 7977 7978 8027
f 7978 7979 8028
f 7979 7980 8029
f 7980 7981 8030
f 7981 7982 8031
f 7982 7983 8032
f 7983 7984 8033
f 7984 7985 8034
f 7985 7986 8035
f 7986 7987 8036
f 7987 7988 8037
f 7988 7989 8038
f 7989 7990 8039
f 7997 7998 8042
f 7998 7999 8043
f 7999 8000 8044
f 8000 8001 8045
f 8001 8002 8046
f 8002 8003 8047
f 8003 8004 8048
f 8004 8005 8049
f 8005 8006 8050
f 8006 8007 8051
f 8007 8008 8052
f 8008 8009 8053
f 8009 8010 8054
f 8010 8011 8055
f 8011 8012 8056
f 8012 8013 8057
f 8013 8014 8058
f 8014 8015 8059
f 8015 8016 8060
f 8016 8017 8061
f 8017 8018 8062
f 8018 8019 8063
f 8019 8020 8064
f 8020 8021 8065
f 8021 8022 8066
f 8022 8023 8067
f 8023 8024 8068
f 8024 8025 8069
f 8025 8026 8070
f 8026 8027 8071
f 8027 8028 8072
f 8028 8029 8073
f 8029 8030 8074
f 8030 8031 8075
f 8031 8032 8076
f 8042 8043 8078
f 8043 8044 8079
f 8044 8045 8080
f 8045 8046 8081
f 8046 8047 8082
f 8047 8048 8083
f 8048 8049 8084
f 8049 8050 8085
f 8050 8051 8086
f 8051 8052 8087
f 8052 8053 8088
f 8053 8054 8089
f 8054 8055 8090
f 8055 8056 8091
f 8056 8057 8092
f 8057 8058 8093
f 8058 8059 8094
f 8059 8060 8095
f 8060 8061 8096
f 8061 8062 8097
f 8062 8063 8098
f 8063 8064 8099
f 8064 8065 8100
f 8065 8066 8101
f 8066 8067 8102
f 8067 8068 8103
f 8068 8069 8104
f 8069 8070 8105
f 8070 8071 8106
f 8071 8072 8107
f 8072 8073 8108
f 8073 8074 8109
f 8074 8075 8110
f 8077 8078 8111
f 8078 8079 8112
f 8079 8080 8113
f 8080 8081 8114
f 8081 8082 8115
f 8082 8083 8116
f 8083 8084 8117
f 8084 8085 8118
f 8085 8086 8119
f 8086 8087 8120
f 8087 8088 8121
f 8088 8089 8122
f 8089 8090 8123
f 8090 8091 8124
f 8091 8092 8125
f 8092 8093 8126
f 8093 8094 8127
f 8094 8095 8128
f 8095 8096 8129
f 8096 8097 8130
f 8097 8098 8131
f 8098 8099 8132
f 8099 8100 8133
f 8100 8101 8134
f 8101 8102 8135
f 8102 8103 8136
f 8103 8104 8137
f 8104 8105 8138
f 8105 8106 8139
f 8106 8107 8140
f 8107 8108 8141
f 8111 8112 8142
f 8112 8113 8143
f 8113 8114 8144
f 8114 8115 8145
f 8115 8116 8146
f 8116 8117 8147
f 8117 8118 8148
f 8118 8119 8149
f 8119 8120 8150
f 8120 8121 8151
f 8121 8122 8152
f 8122 8123 8153
f 8123 8124 8154
f 8124 8125 8155
f 8125 8126 8156
f 8126 8127 8157
f 8127 8128 8158
f 8128 8129 8159
f 8129 8130 8160
f 8130 8131 8161
f 8131 8132 8162
f 8132 8133 8163
f 8133 8134 8164
f 8134 8135 8165
f 8135 8136 8166
f 8136 8137 8167
f 8137 8138 8168
f 8138 8139 8169
f 8143 8144 8170
f 8144 8145 8171
f 8145 8146 8172
f 8146 8147 8173
f 8147 8148 8174
f 8148 8149 8175
f 8149 8150 8176
f 8150 8151 8177
f 8151 8152 8178
f 8152 8153 8179
f 8153 8154 8180
f 8154 8155 8181
f 8155 8156 8182
f 8156 8157 8183
f 8157 8158 8184
f 8158 8159 8185
f 8159 8160 8186
f 8160 8161 8187
f 8161 8162 8188
f 8162 8163 8189
f 8163 8164 8190
f 8164 8165 8191
f 8165 8166 8192
f 8166 8167 8193
f 8167 8168 8194
f 8171 8172 8195
f 8172 8173 8196
f 8173 8174 8197
f 8174 8175 8198
f 8175 8176 8199
f 8176 8177 8200
f 8177 8178 8201
f 8178 8179 8202
f 8179 8180 8203
f 8180 8181 8204
f 8181 8182 8205
f 8182 8183 8206
f 8183 8184 8207
f 8184 8185 8208
f 8185 8186 8209
f 8186 8187 8210
f 8187 8188 8211
f 8188 8189 8212
f 8189 8190 8213
f 8190 8191 8214
f 8191 8192 8215
f 8192 8193 8216
f 8193 8194 8217
f 8196 8197 8219
f 8197 8198 8220
f 8198 8199 8221
f 8199 8200 8222
f 8200 8201 8223
f 8201 8202 8224
f 8202 8203 8225
f 8203 8204 8226
f 8204 8205 8227
f 8205 8206 8228
f 8206 8207 8229
f 8207 8208 8230
f 8208 8209 8231
f 8209 8210 8232
f 8210 8211 8233
f 8211 8212 8234
f 8212 8213 8235
f 8213 8214 8236
f 8214 8215 8237
f 8215 8216 8238
f 8216 8217 8239
f 8217 8218 8240
f 8219 8220 8247
f 8220 8221 8248
f 8221 8222 8249
f 8222 8223 8250
f 8223 8224 8251
f 8224 8225 8252
f 8225 8226 8253
f 8226 8227 8254
f 8227 8228 8255
f 8228 8229 8256
f 8229 8230 8257
f 8230 8231 8258
f 8231 8232 8259
f 8232 8233 8260
f 8233 8234 8261
f 8234 8235 8262
f 8235 8236 8263
f 8236 8237 8264
f 8237 8238 8265
f 8238 8239 8266
f 8239 8240 8267
f 8240 8241 8268
f 8241 8242 8269
f 8244 8245 8275
f 8247 8248 8279
f 8248 8249 8280
f 8249 8250 8281
f 8250 8251 8282
f 8251 8252 8283
f 8252 8253 8284
f 8253 8254 8285
f 8254 8255 8286
f 8255 8256 8287
f 8256 8257 8288
f 8257 8258 8289
f 8258 8259 8290
f 8259 8260 8291
f 8260 8261 8292
f 8261 8262 8293
f 8262 8263 8294
f 8263 8264 8295
f 8264 8265 8296
f 8265 8266 8297
f 8267 8268 8298
f 8268 8269 8299
f 8269 8270 8300
f 8270 8271 8301
f 8276 8277 8304
f 8277 8278 8305
f 8279 8280 8306
f 8280 8281 8307
f 8281 8282 8308
f 8282 8283 8309
f 8283 8284 8310
f 8284 8285 8311
f 8285 8286 8312
f 8286 8287 8313
f 8287 8288 8314
f 8288 8289 8315
f 8289 8290 8316
f 8299 8300 8317
f 8300 8301 8318
f 8301 8302 8319
f 8302 8303 8320
f 8317 8318 8322
f 8318 8319 8323
f 8319 8320 8324
f 8320 8321 8325
f 8322 8323 8327
f 8323 8324 8328
f 8324 8325 8329
f 8325 8326 8330
f 6481 6483 6482
f 6483 6493 6492
f 6485 6496 6495
f 6486 6497 6496
f 6487 6498 6497
f 6488 6499 6498
f 6489 6500 6499
f 6490 6501 6500
f 6491 6502 6501
f 6492 6513 6512
f 6495 6515 6514
f 6496 6516 6515
f 6497 6517 6516
f 6498 6518 6517
f 6499 6519 6518
f 6500 6520 6519
f 6501 6521 6520
f 6502 6522 6521
f 6503 6523 6522
f 6504 6524 6523
f 6505 6525 6524
f 6506 6526 6525
f 6507 6527 6526
f 6508 6528 6527
f 6509 6529 6528
f 6510 6530 6529
f 6511 6531 6530
f 6514 6540 6539
f 6515 6541 6540
f 6516 6542 6541
f 6517 6543 6542
f 6518 6544 6543
f 6519 6545 6544
f 6520 6546 6545
f 6521 6547 6546
f 6522 6548 6547
f 6523 6549 6548
f 6524 6550 6549
f 6525 6551 6550
f 6526 6552 6551
f 6527 6553 6552
f 6528 6554 6553
f 6529 6555 6554
f 6530 6556 6555
f 6531 6557 6556
f 6532 6558 6557
f 6533 6559 6558
f 6534 6560 6559
f 6535 6561 6560
f 6536 6562 6561
f 6537 6563 6562
f 6539 6566 6565
f 6540 6567 6566
f 6541 6568 6567
f 6542 6569 6568
f 6543 6570 6569
f 6544 6571 6570
f 6545 6572 6571
f 6546 6573 6572
f 6547 6574 6573
f 6548 6575 6574
f 6549 6576 6575
f 6550 6577 6576
f 6551 6578 6577
f 6552 6579 6578
f 6553 6580 6579
f 6554 6581 6580
f 6555 6582 6581
f 6556 6583 6582
f 6557 6584 6583
f 6558 6585 6584
f 6559 6586 6585
f 6560 6587 6586
f 6561 6588 6587
f 6562 6589 6588
f 6563 6590 6589
f 6564 6591 6590
f 6565 6598 6597
f 6566 6599 6598
f 6567 6600 6599
f 6568 6601 6600
f 6569 6602 6601
f 6570 6603 6602
f 6571 6604 6603
f 6572 6605 6604
f 6573 6606 6605
f 6574 6607 6606
f 6575 6608 6607
f 6576 6609 6608
f 6577 6610 6609
f 6578 6611 6610
f 6579 6612 6611
f 6580 6613 6612
f 6581 6614 6613
f 6582 6615 6614
f 6583 6616 6615
f 6584 6617 6616
f 6585 6618 6617
f 6586 6619 6618
f 6587 6620 6619
f 6588 6621 6620
f 6589 6622 6621
f 6590 6623 6622
f 6591 6624 6623
f 6592 6625 6624
f 6593 6633 6632
f 6594 6634 6633
f 6595 6635 6634
f 6596 6636 6635
f 6597 6642 6641
f 6598 6643 6642
f 6599 6644 6643
f 6600 6645 6644
f 6601 6646 6645
f 6602 6647 6646
f 6603 6648 6647
f 6604 6649 6648
f 6605 6650 6649
f 6606 6651 6650
f 6607 6652 6651
f 6608 6653 6652
f 6609 6654 6653
f 6610 6655 6654
f 6611 6656 6655
f 6612 6657 6656
f 6613 6658 6657
f 6614 6659 6658
f 6615 6660 6659
f 6616 6661 6660
f 6617 6662 6661
f 6618 6663 6662
f 6619 6664 6663
f 6620 6665 6664
f 6621 6666 6665
f 6622 6667 6666
f 6623 6668 6667
f 6624 6669 6668
f 6625 6670 6669
f 6626 6671 6670
f 6627 6673 6672
f 6628 6674 6673
f 6629 6675 6674
f 6630 6676 6675
f 6631 6677 6676
f 6632 6678 6677
f 6633 6679 6678
f 6634 6680 6679
f 6635 6681 6680
f 6636 6682 6681
f 6637 6683 6682
f 6638 6684 6683
f 6639 6685 6684
f 6640 6686 6685
f 6642 6689 6688
f 6643 6690 6689
f 6644 6691 6690
f 6645 6692 6691
f 6646 6693 6692
f 6647 6694 6693
f 6648 6695 6694
f 6649 6696 6695
f 6650 6697 6696
f 6651 6698 6697
f 6652 6699 6698
f 6653 6700 6699
f 6654 6701 6700
f 6655 6702 6701
f 6656 6703 6702
f 6657 6704 6703
f 6658 6705 6704
f 6659 6706 6705
f 6660 6707 6706
f 6661 6708 6707
f 6662 6709 6708
f 6663 6710 6709
f 6664 6711 6710
f 6665 6712 6711
f 6666 6713 6712
f 6667 6714 6713
f 6668 6715 6714
f 6669 6716 6715
f 6670 6717 6716
f 6671 6718 6717
f 6674 6721 6720
f 6675 6722 6721
f 6676 6723 6722
f 6677 6724 6723
f 6678 6725 6724
f 6679 6726 6725
f 6680 6727 6726
f 6681 6728 6727
f 6682 6729 6728
f 6683 6730 6729
f 6684 6731 6730
f 6685 6732 6731
f 6686 6733 6732
f 6687 6734 6733
f 6688 6738 6737
f 6689 6739 6738
f 6690 6740 6739
f 6691 6741 6740
f 6692 6742 6741
f 6693 6743 6742
f 6694 6744 6743
f 6695 6745 6744
f 6696 6746 6745
f 6697 6747 6746
f 6698 6748 6747
f 6699 6749 6748
f 6700 6750 6749
f 6701 6751 6750
f 6702 6752 6751
f 6703 6753 6752
f 6704 6754 6753
f 6705 6755 6754
f 6706 6756 6755
f 6707 6757 6756
f 6708 6758 6757
f 6709 6759 6758
f 6710 6760 6759
f 6711 6761 6760
f 6712 6762 6761
f 6713 6763 6762
f 6714 6764 6763
f 6715 6765 6764
f 6716 6766 6765
f 6717 6767 6766
f 6718 6768 6767
f 6719 6769 6768
f 6722 6772 6771
f 6723 6773 6772
f 6724 6774 6773
f 6725 6775 6774
f 6726 6776 6775
f 6727 6777 6776
f 6728 6778 6777
f 6729 6779 6778
f 6730 6780 6779
f 6731 6781 6780
f 6732 6782 6781
f 6733 6783 6782
f 6734 6784 6783
f 6735 6785 6784
f 6736 6786 6785
f 6738 6789 6788
f 6739 6790 6789
f 6740 6791 6790
f 6741 6792 6791
f 6742 6793 6792
f 6743 6794 6793
f 6744 6795 6794
f 6745 6796 6795
f 6746 6797 6796
f 6747 6798 6797
f 6748 6799 6798
f 6749 6800 6799
f 6750 6801 6800
f 6751 6802 6801
f 6752 6803 6802
f 6753 6804 6803
f 6754 6805 6804
f 6755 6806 6805
f 6756 6807 6806
f 6757 6808 6807
f 6758 6809 6808
f 6759 6810 6809
f 6760 6811 6810
f 6761 6812 6811
f 6762 6813 6812
f 6763 6814 6813
f 6764 6815 6814
f 6765 6816 6815
f 6766 6817 6816
f 6767 6818 6817
f 6768 6819 6818
f 6769 6820 6819
f 6770 6821 6820
f 6772 6827 6826
f 6773 6828 6827
f 6774 6829 6828
f 6775 6830 6829
f 6776 6831 6830
f 6777 6832 6831
f 6778 6833 6832
f 6779 6834 6833
f 6780 6835 6834
f 6781 6836 6835
f 6782 6837 6836
f 6783 6838 6837
f 6784 6839 6838
f 6785 6840 6839
f 6786 6841 6840
f 6787 6842 6841
f 6789 6846 6845
f 6790 6847 6846
f 6791 6848 6847
f 6792 6849 6848
f 6793 6850 6849
f 6794 6851 6850
f 6795 6852 6851
f 6796 6853 6852
f 6797 6854 6853
f 6798 6855 6854
f 6799 6856 6855
f 6800 6857 6856
f 6801 6858 6857
f 6802 6859 6858
f 6803 6860 6859
f 6804 6861 6860
f 6805 6862 6861
f 6806 6863 6862
f 6807 6864 6863
f 6808 6865 6864
f 6809 6866 6865
f 6810 6867 6866
f 6811 6868 6867
f 6812 6869 6868
f 6813 6870 6869
f 6814 6871 6870
f 6815 6872 6871
f 6816 6873 6872
f 6817 6874 6873
f 6818 6875 6874
f 6819 6876 6875
f 6820 6877 6876
f 6821 6878 6877
f 6822 6879 6878
f 6823 6880 6879
f 6824 6881 6880
f 6825 6882 6881
f 6827 6892 6891
f 6828 6893 6892
f 6829 6894 6893
f 6830 6895 6894
f 6831 6896 6895
f 6832 6897 6896
f 6833 6898 6897
f 6834 6899 6898
f 6835 6900 6899
f 6836 6901 6900
f 6837 6902 6901
f 6838 6903 6902
f 6839 6904 6903
f 6840 6905 6904
f 6841 6906 6905
f 6842 6907 6906
f 6843 6908 6907
f 6844 6909 6908
f 6846 6912 6911
f 6847 6913 6912
f 6848 6914 6913
f 6849 6915 6914
f 6850 6916 6915
f 6851 6917 6916
f 6852 6918 6917
f 6853 6919 6918
f 6854 6920 6919
f 6855 6921 6920
f 6856 6922 6921
f 6857 6923 6922
f 6858 6924 6923
f 6859 6925 6924
f 6860 6926 6925
f 6861 6927 6926
f 6862 6928 6927
f 6863 6929 6928
f 6864 6930 6929
f 6865 6931 6930
f 6866 6932 6931
f 6867 6933 6932
f 6868 6934 6933
f 6869 6935 6934
f 6870 6936 6935
f 6871 6937 6936
f 6872 6938 6937
f 6873 6939 6938
f 6874 6940 6939
f 6875 6941 6940
f 6876 6942 6941
f 6877 6943 6942
f 6878 6944 6943
f 6879 6945 6944
f 6880 6946 6945
f 6881 6947 6946
f 6882 6948 6947
f 6883 6949 6948
f 6884 6950 6949
f 6885 6951 6950
f 6886 6952 6951
f 6887 6953 6952
f 6888 6954 6953
f 6889 6955 6954
f 6890 6956 6955
f 6892 6960 6959
f 6893 6961 6960
f 6894 6962 6961
f 6895 6963 6962
f 6896 6964 6963
f 6897 6965 6964
f 6898 6966 6965
f 6899 6967 6966
f 6900 6968 6967
f 6901 6969 6968
f 6902 6970 6969
f 6903 6971 6970
f 6904 6972 6971
f 6905 6973 6972
f 6906 6974 6973
f 6907 6975 6974
f 6908 6976 6975
f 6909 6977 6976
f 6910 6978 6977
f 6912 6981 6980
f 6913 6982 6981
f 6914 6983 6982
f 6915 6984 6983
f 6916 6985 6984
f 6917 6986 6985
f 6918 6987 6986
f 6919 6988 6987
f 6920 6989 6988
f 6921 6990 6989
f 6922 6991 6990
f 6923 6992 6991
f 6924 6993 6992
f 6925 6994 6993
f 6926 6995 6994
f 6927 6996 6995
f 6928 6997 6996
f 6929 6998 6997
f 6930 6999 6998
f 6931 7000 6999
f 6932 7001 7000
f 6933 7002 7001
f 6934 7003 7002
f 6935 7004 7003
f 6936 7005 7004
f 6937 7006 7005
f 6938 7007 7006
f 6939 7008 7007
f 6940 7009 7008
f 6941 7010 7009
f 6942 7011 7010
f 6943 7012 7011
f 6944 7013 7012
f 6945 7014 7013
f 6946 7015 7014
f 6947 7016 7015
f 6948 7017 7016
f 6949 7018 7017
f 6950 7019 7018
f 6951 7020 7019
f 6952 7021 7020
f 6953 7022 7021
f 6954 7023 7022
f 6955 7024 7023
f 6956 7025 7024
f 6957 7026 7025
f 6958 7027 7026
f 6960 7029 7028
f 6961 7030 7029
f 6962 7031 7030
f 6963 7032 7031
f 6964 7033 7032
f 6965 7034 7033
f 6966 7035 7034
f 6967 7036 7035
f 6968 7037 7036
f 6969 7038 7037
f 6970 7039 7038
f 6971 7040 7039
f 6972 7041 7040
f 6973 7042 7041
f 6974 7043 7042
f 6975 7044 7043
f 6976 7045 7044
f 6977 7046 7045
f 6978 7047 7046
f 6979 7048 7047
f 6980 7051 7050
f 6981 7052 7051
f 6982 7053 7052
f 6983 7054 7053
f 6984 7055 7054
f 6985 7056 7055
f 6986 7057 7056
f 6987 7058 7057
f 6988 7059 7058
f 6989 7060 7059
f 6990 7061 7060
f 6991 7062 7061
f 6992 7063 7062
f 6993 7064 7063
f 6994 7065 7064
f 6995 7066 7065
f 6996 7067 7066
f 6997 7068 7067
f 6998 7069 7068
f 6999 7070 7069
f 7000 7071 7070
f 7001 7072 7071
f 7002 7073 7072
f 7003 7074 7073
f 7004 7075 7074
f 7005 7076 7075
f 7006 7077 7076
f 7007 7078 7077
f 7008 7079 7078
f 7009 7080 7079
f 7010 7081 7080
f 7011 7082 7081
f 7012 7083 7082
f 7013 7084 7083
f 7014 7085 7084
f 7015 7086 7085
f 7016 7087 7086
f 7017 7088 7087
f 7018 7089 7088
f 7019 7090 7089
f 7020 7091 7090
f 7021 7092 7091
f 7022 7093 7092
f 7023 7094 7093
f 7024 7095 7094
f 7025 7096 7095
f 7026 7097 7096
f 7027 7098 7097
f 7029 7100 7099
f 7030 7101 7100
f 7031 7102 7101
f 7032 7103 7102
f 7033 7104 7103
f 7034 7105 7104
f 7035 7106 7105
f 7036 7107 7106
f 7037 7108 7107
f 7038 7109 7108
f 7039 7110 7109
f 7040 7111 7110
f 7041 7112 7111
f 7042 7113 7112
f 7043 7114 7113
f 7044 7115 7114
f 7045 7116 7115
f 7046 7117 7116
f 7047 7118 7117
f 7048 7119 7118
f 7049 7120 7119
f 7051 7123 7122
f 7052 7124 7123
f 7053 7125 7124
f 7054 7126 7125
f 7055 7127 7126
f 7056 7128 7127
f 7057 7129 7128
f 7058 7130 7129
f 7059 7131 7130
f 7060 7132 7131
f 7061 7133 7132
f 7062 7134 7133
f 7063 7135 7134
f 7064 7136 7135
f 7065 7137 7136
f 7066 7138 7137
f 7067 7139 7138
f 7068 7140 7139
f 7069 7141 7140
f 7070 7142 7141
f 7071 7143 7142
f 7072 7144 7143
f 7073 7145 7144
f 7074 7146 7145
f 7075 7147 7146
f 7076 7148 7147
f 7077 7149 7148
f 7078 7150 7149
f 7079 7151 7150
f 7080 7152 7151
f 7081 7153 7152
f 7082 7154 7153
f 7083 7155 7154
f 7084 7156 7155
f 7085 7157 7156
f 7086 7158 7157
f 7087 7159 7158
f 7088 7160 7159
f 7089 7161 7160
f 7090 7162 7161
f 7091 7163 7162
f 7092 7164 7163
f 7093 7165 7164
f 7094 7166 7165
f 7095 7167 7166
f 7096 7168 7167
f 7097 7169 7168
f 7098 7170 7169
f 7099 7172 7171
f 7100 7173 7172
f 7101 7174 7173
f 7102 7175 7174
f 7103 7176 7175
f 7104 7177 7176
f 7105 7178 7177
f 7106 7179 7178
f 7107 7180 7179
f 7108 7181 7180
f 7109 7182 7181
f 7110 7183 7182
f 7111 7184 7183
f 7112 7185 7184
f 7113 7186 7185
f 7114 7187 7186
f 7115 7188 7187
f 7116 7189 7188
f 7117 7190 7189
f 7118 7191 7190
f 7119 7192 7191
f 7120 7193 7192
f 7121 7194 7193
f 7123 7197 7196
f 7124 7198 7197
f 7125 7199 7198
f 7126 7200 7199
f 7127 7201 7200
f 7128 7202 7201
f 7129 7203 7202
f 7130 7204 7203
f 7131 7205 7204
f 7132 7206 7205
f 7133 7207 7206
f 7134 7208 7207
f 7135 7209 7208
f 7136 7210 7209
f 7137 7211 7210
f 7138 7212 7211
f 7139 7213 7212
f 7140 7214 7213
f 7141 7215 7214
f 7142 7216 7215
f 7143 7217 7216
f 7144 7218 7217
f 7145 7219 7218
f 7146 7220 7219
f 7147 7221 7220
f 7148 7222 7221
f 7149 7223 7222
f 7150 7224 7223
f 7151 7225 7224
f 7152 7226 7225
f 7153 7227 7226
f 7154 7228 7227
f 7155 7229 7228
f 7156 7230 7229
f 7157 7231 7230
f 7158 7232 7231
f 7159 7233 7232
f 7160 7234 7233
f 7161 7235 7234
f 7162 7236 7235
f 7163 7237 7236
f 7164 7238 7237
f 7165 7239 7238
f 7166 7240 7239
f 7167 7241 7240
f 7168 7242 7241
f 7169 7243 7242
f 7170 7244 7243
f 7172 7247 7246
f 7173 7248 7247
f 7174 7249 7248
f 7175 7250 7249
f 7176 7251 7250
f 7177 7252 7251
f 7178 7253 7252
f 7179 7254 7253
f 7180 7255 7254
f 7181 7256 7255
f 7182 7257 7256
f 7183 7258 7257
f 7184 7259 7258
f 7185 7260 7259
f 7186 7261 7260
f 7187 7262 7261
f 7188 7263 7262
f 7189 7264 7263
f 7190 7265 7264
f 7191 7266 7265
f 7192 7267 7266
f 7193 7268 7267
f 7194 7269 7268
f 7195 7270 7269
f 7197 7273 7272
f 7198 7274 7273
f 7199 7275 7274
f 7200 7276 7275
f 7201 7277 7276
f 7202 7278 7277
f 7203 7279 7278
f 7204 7280 7279
f 7205 7281 7280
f 7206 7282 7281
f 7207 7283 7282
f 7208 7284 7283
f 7209 7285 7284
f 7210 7286 7285
f 7211 7287 7286
f 7212 7288 7287
f 7213 7289 7288
f 7214 7290 7289
f 7215 7291 7290
f 7216 7292 7291
f 7217 7293 7292
f 7218 7294 7293
f 7219 7295 7294
f 7220 7296 7295
f 7221 7297 7296
f 7222 7298 7297
f 7223 7299 7298
f 7224 7300 7299
f 7225 7301 7300
f 7226 7302 7301
f 7227 7303 7302
f 7228 7304 7303
f 7229 7305 7304
f 7230 7306 7305
f 7231 7307 7306
f 7232 7308 7307
f 7233 7309 7308
f 7234 7310 7309
f 7235 7311 7310
f 7236 7312 7311
f 7237 7313 7312
f 7238 7314 7313
f 7239 7315 7314
f 7240 7316 7315
f 7241 7317 7316
f 7242 7318 7317
f 7243 7319 7318
f 7244 7320 7319
f 7245 7321 7320
f 7246 7323 7322
f 7247 7324 7323
f 7248 7325 7324
f 7249 7326 7325
f 7250 7327 7326
f 7251 7328 7327
f 7252 7329 7328
f 7253 7330 7329
f 7254 7331 7330
f 7255 7332 7331
f 7256 7333 7332
f 7257 7334 7333
f 7258 7335 7334
f 7259 7336 7335
f 7260 7337 7336
f 7261 7338 7337
f 7262 7339 7338
f 7263 7340 7339
f 7264 7341 7340
f 7265 7342 7341
f 7266 7343 7342
f 7267 7344 7343
f 7268 7345 7344
f 7269 7346 7345
f 7270 7347 7346
f 7271 7348 7347
f 7273 7351 7350
f 7274 7352 7351
f 7275 7353 7352
f 7276 7354 7353
f 7277 7355 7354
f 7278 7356 7355
f 7279 7357 7356
f 7280 7358 7357
f 7281 7359 7358
f 7282 7360 7359
f 7283 7361 7360
f 7284 7362 7361
f 7285 7363 7362
f 7286 7364 7363
f 7287 7365 7364
f 7288 7366 7365
f 7289 7367 7366
f 7290 7368 7367
f 7291 7369 7368
f 7292 7370 7369
f 7293 7371 7370
f 7294 7372 7371
f 7295 7373 7372
f 7296 7374 7373
f 7297 7375 7374
f 7298 7376 7375
f 7299 7377 7376
f 7300 7378 7377
f 7301 7379 7378
f 7302 7380 7379
f 7303 7381 7380
f 7304 7382 7381
f 7305 7383 7382
f 7306 7384 7383
f 7307 7385 7384
f 7308 7386 7385
f 7309 7387 7386
f 7310 7388 7387
f 7311 7389 7388
f 7312 7390 7389
f 7313 7391 7390
f 7314 7392 7391
f 7315 7393 7392
f 7316 7394 7393
f 7317 7395 7394
f 7318 7396 7395
f 7319 7397 7396
f 7320 7398 7397
f 7321 7399 7398
f 7323 7401 7400
f 7324 7402 7401
f 7325 7403 7402
f 7326 7404 7403
f 7327 7405 7404
f 7328 7406 7405
f 7329 7407 7406
f 7330 7408 7407
f 7331 7409 7408
f 7332 7410 7409
f 7333 7411 7410
f 7334 7412 7411
f 7335 7413 7412
f 7336 7414 7413
f 7337 7415 7414
f 7338 7416 7415
f 7339 7417 7416
f 7340 7418 7417
f 7341 7419 7418
f 7342 7420 7419
f 7343 7421 7420
f 7344 7422 7421
f 7345 7423 7422
f 7346 7424 7423
f 7347 7425 7424
f 7348 7426 7425
f 7349 7427 7426
f 7351 7430 7429
f 7352 7431 7430
f 7353 7432 7431
f 7354 7433 7432
f 7355 7434 7433
f 7356 7435 7434
f 7357 7436 7435
f 7358 7437 7436
f 7359 7438 7437
f 7360 7439 7438
f 7361 7440 7439
f 7362 7441 7440
f 7363 7442 7441
f 7364 7443 7442
f 7365 7444 7443
f 7366 7445 7444
f 7367 7446 7445
f 7368 7447 7446
f 7369 7448 7447
f 7370 7449 7448
f 7371 7450 7449
f 7372 7451 7450
f 7373 7452 7451
f 7374 7453 7452
f 7375 7454 7453
f 7376 7455 7454
f 7377 7456 7455
f 7378 7457 7456
f 7379 7458 7457
f 7380 7459 7458
f 7381 7460 7459
f 7382 7461 7460
f 7383 7462 7461
f 7384 7463 7462
f 7385 7464 7463
f 7386 7465 7464
f 7387 7466 7465
f 7388 7467 7466
f 7389 7468 7467
f 7390 7469 7468
f 7391 7470 7469
f 7392 7471 7470
f 7393 7472 7471
f 7394 7473 7472
f 7395 7474 7473
f 7396 7475 7474
f 7397 7476 7475
f 7398 7477 7476
f 7399 7478 7477
f 7401 7480 7479
f 7402 7481 7480
f 7403 7482 7481
f 7404 7483 7482
f 7405 7484 7483
f 7406 7485 7484
f 7407 7486 7485
f 7408 7487 7486
f 7409 7488 7487
f 7410 7489 7488
f 7411 7490 7489
f 7412 7491 7490
f 7413 7492 7491
f 7414 7493 7492
f 7415 7494 7493
f 7416 7495 7494
f 7417 7496 7495
f 7418 7497 7496
f 7419 7498 7497
f 7420 7499 7498
f 7421 7500 7499
f 7422 7501 7500
f 7423 7502 7501
f 7424 7503 7502
f 7425 7504 7503
f 7426 7505 7504
f 7427 7506 7505
f 7428 7507 7506
f 7430 7510 7509
f 7431 7511 7510
f 7432 7512 7511
f 7433 7513 7512
f 7434 7514 7513
f 7435 7515 7514
f 7436 7516 7515
f 7437 7517 7516
f 7438 7518 7517
f 7439 7519 7518
f 7440 7520 7519
f 7441 7521 7520
f 7442 7522 7521
f 7443 7523 7522
f 7444 7524 7523
f 7445 7525 7524
f 7446 7526 7525
f 7447 7527 7526
f 7448 7528 7527
f 7449 7529 7528
f 7450 7530 7529
f 7451 7531 7530
f 7452 7532 7531
f 7453 7533 7532
f 7454 7534 7533
f 7455 7535 7534
f 7456 7536 7535
f 7457 7537 7536
f 7458 7538 7537
f 7459 7539 7538
f 7460 7540 7539
f 7461 7541 7540
f 7462 7542 7541
f 7463 7543 7542
f 7464 7544 7543
f 7465 7545 7544
f 7466 7546 7545
f 7467 7547 7546
f 7468 7548 7547
f 7469 7549 7548
f 7470 7550 7549
f 7471 7551 7550
f 7472 7552 7551
f 7473 7553 7552
f 7474 7554 7553
f 7475 7555 7554
f 7476 7556 7555
f 7477 7557 7556
f 7478 7558 7557
f 7480 7560 7559
f 7481 7561 7560
f 7482 7562 7561
f 7483 7563 7562
f 7484 7564 7563
f 7485 7565 7564
f 7486 7566 7565
f 7487 7567 7566
f 7488 7568 7567
f 7489 7569 7568
f 7490 7570 7569
f 7491 7571 7570
f 7492 7572 7571
f 7493 7573 7572
f 7494 7574 7573
f 7495 7575 7574
f 7496 7576 7575
f 7497 7577 7576
f 7498 7578 7577
f 7499 7579 7578
f 7500 7580 7579
f 7501 7581 7580
f 7502 7582 7581
f 7503 7583 7582
f 7504 7584 7583
f 7505 7585 7584
f 7506 7586 7585
f 7507 7587 7586
f 7508 7588 7587
f 7511 7591 7590
f 7512 7592 7591
f 7513 7593 7592
f 7514 7594 7593
f 7515 7595 7594
f 7516 7596 7595
f 7517 7597 7596
f 7518 7598 7597
f 7519 7599 7598
f 7520 7600 7599
f 7521 7601 7600
f 7522 7602 7601
f 7523 7603 7602
f 7524 7604 7603
f 7525 7605 7604
f 7526 7606 7605
f 7527 7607 7606
f 7528 7608 7607
f 7529 7609 7608
f 7530 7610 7609
f 7531 7611 7610
f 7532 7612 7611
f 7533 7613 7612
f 7534 7614 7613
f 7535 7615 7614
f 7536 7616 7615
f 7537 7617 7616
f 7538 7618 7617
f 7539 7619 7618
f 7540 7620 7619
f 7541 7621 7620
f 7542 7622 7621
f 7543 7623 7622
f 7544 7624 7623
f 7545 7625 7624
f 7546 7626 7625
f 7547 7627 7626
f 7548 7628 7627
f 7549 7629 7628
f 7550 7630 7629
f 7551 7631 7630
f 7552 7632 7631
f 7553 7633 7632
f 7554 7634 7633
f 7555 7635 7634
f 7556 7636 7635
f 7557 7637 7636
f 7558 7638 7637
f 7560 7640 7639
f 7561 7641 7640
f 7562 7642 7641
f 7563 7643 7642
f 7564 7644 7643
f 7565 7645 7644
f 7566 7646 7645
f 7567 7647 7646
f 7568 7648 7647
f 7569 7649 7648
f 7570 7650 7649
f 7571 7651 7650
f 7572 7652 7651
f 7573 7653 7652
f 7574 7654 7653
f 7575 7655 7654
f 7576 7656 7655
f 7577 7657 7656
f 7578 7658 7657
f 7579 7659 7658
f 7580 7660 7659
f 7581 7661 7660
f 7582 7662 7661
f 7583 7663 7662
f 7584 7664 7663
f 7585 7665 7664
f 7586 7666 7665
f 7587 7667 7666
f 7588 7668 7667
f 7589 7669 7668
f 7592 7672 7671
f 7593 7673 7672
f 7594 7674 7673
f 7595 7675 7674
f 7596 7676 7675
f 7597 7677 7676
f 7598 7678 7677
f 7599 7679 7678
f 7600 7680 7679
f 7601 7681 7680
f 7602 7682 7681
f 7603 7683 7682
f 7604 7684 7683
f 7605 7685 7684
f 7606 7686 7685
f 7607 7687 7686
f 7608 7688 7687
f 7609 7689 7688
f 7610 7690 7689
f 7611 7691 7690
f 7612 7692 7691
f 7613 7693 7692
f 7614 7694 7693
f 7615 7695 7694
f 7616 7696 7695
f 7617 7697 7696
f 7618 7698 7697
f 7619 7699 7698
f 7620 7700 7699
f 7621 7701 7700
f 7622 7702 7701
f 7623 7703 7702
f 7624 7704 7703
f 7625 7705 7704
f 7626 7706 7705
f 7627 7707 7706
f 7628 7708 7707
f 7629 7709 7708
f 7630 7710 7709
f 7631 7711 7710
f 7632 7712 7711
f 7633 7713 7712
f 7634 7714 7713
f 7635 7715 7714
f 7636 7716 7715
f 7637 7717 7716
f 7638 7718 7717
f 7640 7720 7719
f 7641 7721 7720
f 7642 7722 7721
f 7643 7723 7722
f 7644 7724 7723
f 7645 7725 7724
f 7646 7726 7725
f 7647 7727 7726
f 7648 7728 7727
f 7649 7729 7728
f 7650 7730 7729
f 7651 7731 7730
f 7652 7732 7731
f 7653 7733 7732
f 7654 7734 7733
f 7655 7735 7734
f 7656 7736 7735
f 7657 7737 7736
f 7663 7743 7742
f 7664 7744 7743
f 7665 7745 7744
f 7666 7746 7745
f 7667 7747 7746
f 7668 7748 7747
f 7669 7749 7748
f 7670 7750 7749
f 7672 7752 7751
f 7673 7753 7752
f 7674 7754 7753
f 7675 7755 7754
f 7676 7756 7755
f 7677 7757 7756
f 7678 7758 7757
f 7679 7759 7758
f 7680 7760 7759
f 7681 7761 7760
f 7682 7762 7761
f 7683 7763 7762
f 7684 7764 7763
f 7685 7765 7764
f 7686 7766 7765
f 7687 7767 7766
f 7688 7768 7767
f 7689 7769 7768
f 7690 7770 7769
f 7691 7771 7770
f 7692 7772 7771
f 7693 7773 7772
f 7694 7774 7773
f 7695 7775 7774
f 7696 7776 7775
f 7697 7777 7776
f 7698 7778 7777
f 7699 7779 7778
f 7700 7780 7779
f 7701 7781 7780
f 7702 7782 7781
f 7703 7783 7782
f 7704 7784 7783
f 7705 7785 7784
f 7706 7786 7785
f 7707 7787 7786
f 7708 7788 7787
f 7709 7789 7788
f 7710 7790 7789
f 7711 7791 7790
f 7712 7792 7791
f 7713 7793 7792
f 7714 7794 7793
f 7715 7795 7794
f 7716 7796 7795
f 7717 7797 7796
f 7718 7798 7797
f 7720 7800 7799
f 7721 7801 7800
f 7722 7802 7801
f 7723 7803 7802
f 7724 7804 7803
f 7725 7805 7804
f 7726 7806 7805
f 7727 7807 7806
f 7728 7808 7807
f 7729 7809 7808
f 7730 7810 7809
f 7731 7811 7810
f 7732 7812 7811
f 7733 7813 7812
f 7734 7814 7813
f 7735 7815 7814
f 7752 7819 7818
f 7753 7820 7819
f 7754 7821 7820
f 7755 7822 7821
f 7756 7823 7822
f 7757 7824 7823
f 7758 7825 7824
f 7759 7826 7825
f 7760 7827 7826
f 7761 7828 7827
f 7762 7829 7828
f 7763 7830 7829
f 7764 7831 7830
f 7765 7832 7831
f 7766 7833 7832
f 7767 7834 7833
f 7768 7835 7834
f 7769 7836 7835
f 7770 7837 7836
f 7771 7838 7837
f 7772 7839 7838
f 7773 7840 7839
f 7774 7841 7840
f 7775 7842 7841
f 7776 7843 7842
f 7777 7844 7843
f 7778 7845 7844
f 7779 7846 7845
f 7780 7847 7846
f 7781 7848 7847
f 7782 7849 7848
f 7783 7850 7849
f 7784 7851 7850
f 7785 7852 7851
f 7786 7853 7852
f 7787 7854 7853
f 7788 7855 7854
f 7789 7856 7855
f 7790 7857 7856
f 7791 7858 7857
f 7792 7859 7858
f 7793 7860 7859
f 7794 7861 7860
f 7795 7862 7861
f 7796 7863 7862
f 7797 7864 7863
f 7798 7865 7864
f 7799 7869 7868
f 7800 7870 7869
f 7801 7871 7870
f 7802 7872 7871
f 7803 7873 7872
f 7804 7874 7873
f 7805 7875 7874
f 7806 7876 7875
f 7807 7877 7876
f 7808 7878 7877
f 7809 7879 7878
f 7810 7880 7879
f 7811 7881 7880
f 7812 7882 7881
f 7819 7886 7885
f 7820 7887 7886
f 7821 7888 7887
f 7822 7889 7888
f 7823 7890 7889
f 7824 7891 7890
f 7825 7892 7891
f 7826 7893 7892
f 7827 7894 7893
f 7828 7895 7894
f 7829 7896 7895
f 7830 7897 7896
f 7831 7898 7897
f 7832 7899 7898
f 7833 7900 7899
f 7834 7901 7900
f 7835 7902 7901
f 7836 7903 7902
f 7837 7904 7903
f 7838 7905 7904
f 7839 7906 7905
f 7840 7907 7906
f 7841 7908 7907
f 7842 7909 7908
f 7843 7910 7909
f 7844 7911 7910
f 7845 7912 7911
f 7846 7913 7912
f 7847 7914 7913
f 7848 7915 7914
f 7849 7916 7915
f 7850 7917 7916
f 7851 7918 7917
f 7852 7919 7918
f 7853 7920 7919
f 7854 7921 7920
f 7855 7922 7921
f 7856 7923 7922
f 7857 7924 7923
f 7858 7925 7924
f 7859 7926 7925
f 7860 7927 7926
f 7861 7928 7927
f 7862 7929 7928
f 7863 7930 7929
f 7864 7931 7930
f 7865 7932 7931
f 7866 7933 7932
f 7868 7936 7935
f 7869 7937 7936
f 7870 7938 7937
f 7871 7939 7938
f 7872 7940 7939
f 7873 7941 7940
f 7874 7942 7941
f 7875 7943 7942
f 7876 7944 7943
f 7884 7946 7945
f 7886 7948 7947
f 7887 7949 7948
f 7888 7950 7949
f 7889 7951 7950
f 7890 7952 7951
f 7891 7953 7952
f 7892 7954 7953
f 7893 7955 7954
f 7894 7956 7955
f 7895 7957 7956
f 7896 7958 7957
f 7897 7959 7958
f 7898 7960 7959
f 7899 7961 7960
f 7900 7962 7961
f 7901 7963 7962
f 7902 7964 7963
f 7903 7965 7964
f 7904 7966 7965
f 7905 7967 7966
f 7906 7968 7967
f 7907 7969 7968
f 7908 7970 7969
f 7909 7971 7970
f 7910 7972 7971
f 7911 7973 7972
f 7912 7974 7973
f 7913 7975 7974
f 7914 7976 7975
f 7915 7977 7976
f 7916 7978 7977
f 7917 7979 7978
f 7918 7980 7979
f 7919 7981 7980
f 7920 7982 7981
f 7921 7983 7982
f 7922 7984 7983
f 7923 7985 7984
f 7924 7986 7985
f 7925 7987 7986
f 7926 7988 7987
f 7927 7989 7988
f 7928 7990 7989
f 7929 7991 7990
f 7934 7993 7992
f 7935 7994 7993
f 7948 7998 7997
f 7949 7999 7998
f 7950 8000 7999
f 7951 8001 8000
f 7952 8002 8001
f 7953 8003 8002
f 7954 8004 8003
f 7955 8005 8004
f 7956 8006 8005
f 7957 8007 8006
f 7958 8008 8007
f 7959 8009 8008
f 7960 8010 8009
f 7961 8011 8010
f 7962 8012 8011
f 7963 8013 8012
f 7964 8014 8013
f 7965 8015 8014
f 7966 8016 8015
f 7967 8017 8016
f 7968 8018 8017
f 7969 8019 8018
f 7970 8020 8019
f 7971 8021 8020
f 7972 8022 8021
f 7973 8023 8022
f 7974 8024 8023
f 7975 8025 8024
f 7976 8026 8025
f 7977 8027 8026
f 7978 8028 8027
f 7979 8029 8028
f 7980 8030 8029
f 7981 8031 8030
f 7982 8032 8031
f 7983 8033 8032
f 7984 8034 8033
f 7989 8039 8038
f 7990 8040 8039
f 7997 8042 8041
f 7998 8043 8042
f 7999 8044 8043
f 8000 8045 8044
f 8001 8046 8045
f 8002 8047 8046
f 8003 8048 8047
f 8004 8049 8048
f 8005 8050 8049
f 8006 8051 8050
f 8007 8052 8051
f 8008 8053 8052
f 8009 8054 8053
f 8010 8055 8054
f 8011 8056 8055
f 8012 8057 8056
f 8013 8058 8057
f 8014 8059 8058
f 8015 8060 8059
f 8016 8061 8060
f 8017 8062 8061
f 8018 8063 8062
f 8019 8064 8063
f 8020 8065 8064
f 8021 8066 8065
f 8022 8067 8066
f 8023 8068 8067
f 8024 8069 8068
f 8025 8070 8069
f 8026 8071 8070
f 8027 8072 8071
f 8028 8073 8072
f 8029 8074 8073
f 8030 8075 8074
f 8031 8076 8075
f 8042 8078 8077
f 8043 8079 8078
f 8044 8080 8079
f 8045 8081 8080
f 8046 8082 8081
f 8047 8083 8082
f 8048 8084 8083
f 8049 8085 8084
f 8050 8086 8085
f 8051 8087 8086
f 8052 8088 8087
f 8053 8089 8088
f 8054 8090 8089
f 8055 8091 8090
f 8056 8092 8091
f 8057 8093 8092
f 8058 8094 8093
f 8059 8095 8094
f 8060 8096 8095
f 8061 8097 8096
f 8062 8098 8097
f 8063 8099 8098
f 8064 8100 8099
f 8065 8101 8100
f 8066 8102 8101
f 8067 8103 8102
f 8068 8104 8103
f 8069 8105 8104
f 8070 8106 8105
f 8071 8107 8106
f 8072 8108 8107
f 8073 8109 8108
f 8074 8110 8109
f 8078 8112 8111
f 8079 8113 8112
f 8080 8114 8113
f 8081 8115 8114
f 8082 8116 8115
f 8083 8117 8116
f 8084 8118 8117
f 8085 8119 8118
f 8086 8120 8119
f 8087 8121 8120
f 8088 8122 8121
f 8089 8123 8122
f 8090 8124 8123
f 8091 8125 8124
f 8092 8126 8125
f 8093 8127 8126
f 8094 8128 8127
f 8095 8129 8128
f 8096 8130 8129
f 8097 8131 8130
f 8098 8132 8131
f 8099 8133 8132
f 8100 8134 8133
f 8101 8135 8134
f 8102 8136 8135
f 8103 8137 8136
f 8104 8138 8137
f 8105 8139 8138
f 8106 8140 8139
f 8112 8143 8142
f 8113 8144 8143
f 8114 8145 8144
f 8115 8146 8145
f 8116 8147 8146
f 8117 8148 8147
f 8118 8149 8148
f 8119 8150 8149
f 8120 8151 8150
f 8121 8152 8151
f 8122 8153 8152
f 8123 8154 8153
f 8124 8155 8154
f 8125 8156 8155
f 8126 8157 8156
f 8127 8158 8157
f 8128 8159 8158
f 8129 8160 8159
f 8130 8161 8160
f 8131 8162 8161
f 8132 8163 8162
f 8133 8164 8163
f 8134 8165 8164
f 8135 8166 8165
f 8136 8167 8166
f 8137 8168 8167
f 8138 8169 8168
f 8144 8171 8170
f 8145 8172 8171
f 8146 8173 8172
f 8147 8174 8173
f 8148 8175 8174
f 8149 8176 8175
f 8150 8177 8176
f 8151 8178 8177
f 8152 8179 8178
f 8153 8180 8179
f 8154 8181 8180
f 8155 8182 8181
f 8156 8183 8182
f 8157 8184 8183
f 8158 8185 8184
f 8159 8186 8185
f 8160 8187 8186
f 8161 8188 8187
f 8162 8189 8188
f 8163 8190 8189
f 8164 8191 8190
f 8165 8192 8191
f 8166 8193 8192
f 8167 8194 8193
f 8172 8196 8195
f 8173 8197 8196
f 8174 8198 8197
f 8175 8199 8198
f 8176 8200 8199
f 8177 8201 8200
f 8178 8202 8201
f 8179 8203 8202
f 8180 8204 8203
f 8181 8205 8204
f 8182 8206 8205
f 8183 8207 8206
f 8184 8208 8207
f 8185 8209 8208
f 8186 8210 8209
f 8187 8211 8210
f 8188 8212 8211
f 8189 8213 8212
f 8190 8214 8213
f 8191 8215 8214
f 8192 8216 8215
f 8193 8217 8216
f 8194 8218 8217
f 8197 8220 8219
f 8198 8221 8220
f 8199 8222 8221
f 8200 8223 8222
f 8201 8224 8223
f 8202 8225 8224
f 8203 8226 8225
f 8204 8227 8226
f 8205 8228 8227
f 8206 8229 8228
f 8207 8230 8229
f 8208 8231 8230
f 8209 8232 8231
f 8210 8233 8232
f 8211 8234 8233
f 8212 8235 8234
f 8213 8236 8235
f 8214 8237 8236
f 8215 8238 8237
f 8216 8239 8238
f 8217 8240 8239
f 8218 8241 8240
f 8220 8248 8247
f 8221 8249 8248
f 8222 8250 8249
f 8223 8251 8250
f 8224 8252 8251
f 8225 8253 8252
f 8226 8254 8253
f 8227 8255 8254
f 8228 8256 8255
f 8229 8257 8256
f 8230 8258 8257
f 8231 8259 8258
f 8232 8260 8259
f 8233 8261 8260
f 8234 8262 8261
f 8235 8263 8262
f 8236 8264 8263
f 8237 8265 8264
f 8238 8266 8265
f 8239 8267 8266
f 8240 8268 8267
f 8241 8269 8268
f 8242 8270 8269
f 8243 8273 8272
f 8244 8275 8274
f 8245 8276 8275
f 8246 8277 8276
f 8248 8280 8279
f 8249 8281 8280
f 8250 8282 8281
f 8251 8283 8282
f 8252 8284 8283
f 8253 8285 8284
f 8254 8286 8285
f 8255 8287 8286
f 8256 8288 8287
f 8257 8289 8288
f 8258 8290 8289
f 8259 8291 8290
f 8260 8292 8291
f 8261 8293 8292
f 8262 8294 8293
f 8263 8295 8294
f 8268 8299 8298
f 8269 8300 8299
f 8270 8301 8300
f 8271 8302 8301
f 8280 8307 8306
f 8281 8308 8307
f 8282 8309 8308
f 8283 8310 8309
f 8284 8311 8310
f 8285 8312 8311
f 8286 8313 8312
f 8287 8314 8313
f 8288 8315 8314
f 8289 8316 8315
f 8300 8318 8317
f 8301 8319 8318
f 8302 8320 8319
f 8318 8323 8322
f 8319 8324 8323
f 8320 8325 8324
f 8321 8326 8325
f 8323 8328 8327
f 8324 8329 8328
f 8325 8330 8329
f 8331 8332 8336
f 8332 8333 8337
f 8333 8334 8338
f 8336 8337 8344
f 8337 8338 8345
f 8338 8339 8346
f 8339 8340 8347
f 8340 8341 8348
f 8341 8342 8349
f 8344 8345 8354
f 8345 8346 8355
f 8346 8347 8356
f 8347 8348 8357
f 8348 8349 8358
f 8349 8350 8359
f 8350 8351 8360
f 8351 8352 8361
f 8352 8353 8362
f 8355 8356 8366
f 8356 8357 8367
f 8357 8358 8368
f 8358 8359 8369
f 8359 8360 8370
f 8360 8361 8371
f 8361 8362 8372
f 8362 8363 8373
f 8363 8364 8374
f 8364 8365 8375
f 8367 8368 8388
f 8368 8369 8389
f 8369 8370 8390
f 8370 8371 8391
f 8371 8372 8392
f 8372 8373 8393
f 8373 8374 8394
f 8374 8375 8395
f 8375 8376 8396
f 8376 8377 8397
f 8377 8378 8398
f 8381 8382 8409
f 8382 8383 8410
f 8383 8384 8411
f 8384 8385 8412
f 8385 8386 8413
f 8388 8389 8418
f 8389 8390 8419
f 8390 8391 8420
f 8391 8392 8421
f 8392 8393 8422
f 8393 8394 8423
f 8394 8395 8424
f 8395 8396 8425
f 8396 8397 8426
f 8397 8398 8427
f 8398 8399 8428
f 8399 8400 8429
f 8403 8404 8444
f 8404 8405 8445
f 8405 8406 8446
f 8406 8407 8447
f 8407 8408 8448
f 8408 8409 8449
f 8409 8410 8450
f 8410 8411 8451
f 8411 8412 8452
f 8412 8413 8453
f 8413 8414 8454
f 8414 8415 8455
f 8415 8416 8456
f 8416 8417 8457
f 8418 8419 8460
f 8419 8420 8461
f 8420 8421 8462
f 8421 8422 8463
f 8422 8423 8464
f 8423 8424 8465
f 8424 8425 8466
f 8425 8426 8467
f 8426 8427 8468
f 8427 8428 8469
f 8428 8429 8470
f 8429 8430 8471
f 8430 8431 8472
f 8432 8433 8477
f 8434 8435 8479
f 8435 8436 8480
f 8436 8437 8481
f 8437 8438 8482
f 8438 8439 8483
f 8439 8440 8484
f 8440 8441 8485
f 8441 8442 8486
f 8442 8443 8487
f 8443 8444 8488
f 8444 8445 8489
f 8445 8446 8490
f 8446 8447 8491
f 8447 8448 8492
f 8448 8449 8493
f 8449 8450 8494
f 8450 8451 8495
f 8451 8452 8496
f 8452 8453 8497
f 8453 8454 8498
f 8454 8455 8499
f 8455 8456 8500
f 8456 8457 8501
f 8457 8458 8502
f 8458 8459 8503
f 8460 8461 8506
f 8461 8462 8507
f 8462 8463 8508
f 8463 8464 8509
f 8464 8465 8510
f 8465 8466 8511
f 8466 8467 8512
f 8467 8468 8513
f 8468 8469 8514
f 8469 8470 8515
f 8470 8471 8516
f 8471 8472 8517
f 8472 8473 8518
f 8473 8474 8519
f 8474 8475 8520
f 8476 8477 8523
f 8477 8478 8524
f 8478 8479 8525
f 8479 8480 8526
f 8480 8481 8527
f 8481 8482 8528
f 8482 8483 8529
f 8483 8484 8530
f 8484 8485 8531
f 8485 8486 8532
f 8486 8487 8533
f 8487 8488 8534
f 8488 8489 8535
f 8489 8490 8536
f 8490 8491 8537
f 8491 8492 8538
f 8492 8493 8539
f 8493 8494 8540
f 8494 8495 8541
f 8495 8496 8542
f 8496 8497 8543
f 8497 8498 8544
f 8498 8499 8545
f 8499 8500 8546
f 8500 8501 8547
f 8501 8502 8548
f 8502 8503 8549
f 8503 8504 8550
f 8504 8505 8551
f 8506 8507 8556
f 8507 8508 8557
f 8508 8509 8558
f 8509 8510 8559
f 8510 8511 8560
f 8511 8512 8561
f 8512 8513 8562
f 8513 8514 8563
f 8514 8515 8564
f 8515 8516 8565
f 8516 8517 8566
f 8517 8518 8567
f 8518 8519 8568
f 8519 8520 8569
f 8520 8521 8570
f 8521 8522 8571
f 8523 8524 8575
f 8524 8525 8576
f 8525 8526 8577
f 8526 8527 8578
f 8527 8528 8579
f 8528 8529 8580
f 8529 8530 8581
f 8530 8531 8582
f 8531 8532 8583
f 8532 8533 8584
f 8533 8534 8585
f 8534 8535 8586
f 8535 8536 8587
f 8536 8537 8588
f 8537 8538 8589
f 8538 8539 8590
f 8539 8540 8591
f 8540 8541 8592
f 8541 8542 8593
f 8542 8543 8594
f 8543 8544 8595
f 8544 8545 8596
f 8545 8546 8597
f 8546 8547 8598
f 8547 8548 8599
f 8548 8549 8600
f 8549 8550 8601
f 8550 8551 8602
f 8551 8552 8603
f 8552 8553 8604
f 8556 8557 8621
f 8557 8558 8622
f 8558 8559 8623
f 8559 8560 8624
f 8560 8561 8625
f 8561 8562 8626
f 8562 8563 8627
f 8563 8564 8628
f 8564 8565 8629
f 8565 8566 8630
f 8566 8567 8631
f 8567 8568 8632
f 8568 8569 8633
f 8569 8570 8634
f 8570 8571 8635
f 8571 8572 8636
f 8572 8573 8637
f 8573 8574 8638
f 8575 8576 8643
f 8576 8577 8644
f 8577 8578 8645
f 8578 8579 8646
f 8579 8580 8647
f 8580 8581 8648
f 8581 8582 8649
f 8582 8583 8650
f 8583 8584 8651
f 8584 8585 8652
f 8585 8586 8653
f 8586 8587 8654
f 8587 8588 8655
f 8588 8589 8656
f 8589 8590 8657
f 8590 8591 8658
f 8591 8592 8659
f 8592 8593 8660
f 8593 8594 8661
f 8594 8595 8662
f 8595 8596 8663
f 8596 8597 8664
f 8597 8598 8665
f 8598 8599 8666
f 8599 8600 8667
f 8600 8601 8668
f 8601 8602 8669
f 8602 8603 8670
f 8603 8604 8671
f 8604 8605 8672
f 8605 8606 8673
f 8613 8614 8682
f 8614 8615 8683
f 8615 8616 8684
f 8616 8617 8685
f 8617 8618 8686
f 8618 8619 8687
f 8619 8620 8688
f 8621 8622 8692
f 8622 8623 8693
f 8623 8624 8694
f 8624 8625 8695
f 8625 8626 8696
f 8626 8627 8697
f 8627 8628 8698
f 8628 8629 8699
f 8629 8630 8700
f 8630 8631 8701
f 8631 8632 8702
f 8632 8633 8703
f 8633 8634 8704
f 8634 8635 8705
f 8635 8636 8706
f 8636 8637 8707
f 8637 8638 8708
f 8638 8639 8709
f 8639 8640 8710
f 8643 8644 8714
f 8644 8645 8715
f 8645 8646 8716
f 8646 8647 8717
f 8647 8648 8718
f 8648 8649 8719
f 8649 8650 8720
f 8650 8651 8721
f 8651 8652 8722
f 8652 8653 8723
f 8653 8654 8724
f 8654 8655 8725
f 8655 8656 8726
f 8656 8657 8727
f 8657 8658 8728
f 8658 8659 8729
f 8659 8660 8730
f 8660 8661 8731
f 8661 8662 8732
f 8662 8663 8733
f 8663 8664 8734
f 8664 8665 8735
f 8665 8666 8736
f 8666 8667 8737
f 8667 8668 8738
f 8668 8669 8739
f 8669 8670 8740
f 8670 8671 8741
f 8671 8672 8742
f 8672 8673 8743
f 8673 8674 8744
f 8674 8675 8745
f 8675 8676 8746
f 8676 8677 8747
f 8677 8678 8748
f 8678 8679 8749
f 8679 8680 8750
f 8680 8681 8751
f 8681 8682 8752
f 8682 8683 8753
f 8683 8684 8754
f 8684 8685 8755
f 8685 8686 8756
f 8686 8687 8757
f 8687 8688 8758
f 8688 8689 8759
f 8689 8690 8760
f 8691 8692 8762
f 8692 8693 8763
f 8693 8694 8764
f 8694 8695 8765
f 8695 8696 8766
f 8696 8697 8767
f 8697 8698 8768
f 8698 8699 8769
f 8699 8700 8770
f 8700 8701 8771
f 8701 8702 8772
f 8702 8703 8773
f 8703 8704 8774
f 8704 8705 8775
f 8705 8706 8776
f 8706 8707 8777
f 8707 8708 8778
f 8708 8709 8779
f 8709 8710 8780
f 8710 8711 8781
f 8711 8712 8782
f 8712 8713 8783
f 8714 8715 8789
f 8715 8716 8790
f 8716 8717 8791
f 8717 8718 8792
f 8718 8719 8793
f 8719 8720 8794
f 8720 8721 8795
f 8721 8722 8796
f 8722 8723 8797
f 8723 8724 8798
f 8724 8725 8799
f 8725 8726 8800
f 8726 8727 8801
f 8727 8728 8802
f 8728 8729 8803
f 8729 8730 8804
f 8730 8731 8805
f 8731 8732 8806
f 8732 8733 8807
f 8733 8734 8808
f 8734 8735 8809
f 8735 8736 8810
f 8736 8737 8811
f 8737 8738 8812
f 8738 8739 8813
f 8739 8740 8814
f 8740 8741 8815
f 8741 8742 8816
f 8742 8743 8817
f 8743 8744 8818
f 8744 8745 8819
f 8745 8746 8820
f 8746 8747 8821
f 8747 8748 8822
f 8748 8749 8823
f 8749 8750 8824
f 8750 8751 8825
f 8751 8752 8826
f 8752 8753 8827
f 8753 8754 8828
f 8754 8755 8829
f 8755 8756 8830
f 8756 8757 8831
f 8757 8758 8832
f 8758 8759 8833
f 8759 8760 8834
f 8760 8761 8835
f 8762 8763 8837
f 8763 8764 8838
f 8764 8765 8839
f 8765 8766 8840
f 8766 8767 8841
f 8767 8768 8842
f 8768 8769 8843
f 8769 8770 8844
f 8770 8771 8845
f 8771 8772 8846
f 8772 8773 8847
f 8773 8774 8848
f 8774 8775 8849
f 8775 8776 8850
f 8776 8777 8851
f 8777 8778 8852
f 8778 8779 8853
f 8779 8780 8854
f 8780 8781 8855
f 8781 8782 8856
f 8782 8783 8857
f 8783 8784 8858
f 8784 8785 8859
f 8786 8787 8861
f 8788 8789 8863
f 8789 8790 8864
f 8790 8791 8865
f 8791 8792 8866
f 8792 8793 8867
f 8793 8794 8868
f 8794 8795 8869
f 8795 8796 8870
f 8796 8797 8871
f 8797 8798 8872
f 8798 8799 8873
f 8799 8800 8874
f 8800 8801 8875
f 8801 8802 8876
f 8802 8803 8877
f 8803 8804 8878
f 8804 8805 8879
f 8805 8806 8880
f 8806 8807 8881
f 8807 8808 8882
f 8808 8809 8883
f 8809 8810 8884
f 8810 8811 8885
f 8811 8812 8886
f 8812 8813 8887
f 8813 8814 8888
f 8814 8815 8889
f 8815 8816 8890
f 8816 8817 8891
f 8817 8818 8892
f 8818 8819 8893
f 8819 8820 8894
f 8820 8821 8895
f 8821 8822 8896
f 8822 8823 8897
f 8823 8824 8898
f 8824 8825 8899
f 8825 8826 8900
f 8826 8827 8901
f 8827 8828 8902
f 8828 8829 8903
f 8829 8830 8904
f 8830 8831 8905
f 8831 8832 8906
f 8832 8833 8907
f 8833 8834 8908
f 8834 8835 8909
f 8835 8836 8910
f 8839 8840 8912
f 8840 8841 8913
f 8841 8842 8914
f 8842 8843 8915
f 8843 8844 8916
f 8844 8845 8917
f 8845 8846 8918
f 8846 8847 8919
f 8847 8848 8920
f 8848 8849 8921
f 8849 8850 8922
f 8850 8851 8923
f 8851 8852 8924
f 8852 8853 8925
f 8853 8854 8926
f 8854 8855 8927
f 8855 8856 8928
f 8856 8857 8929
f 8861 8862 8930
f 8863 8864 8934
f 8864 8865 8935
f 8865 8866 8936
f 8866 8867 8937
f 8867 8868 8938
f 8868 8869 8939
f 8869 8870 8940
f 8870 8871 8941
f 8871 8872 8942
f 8872 8873 8943
f 8873 8874 8944
f 8874 8875 8945
f 8875 8876 8946
f 8876 8877 8947
f 8877 8878 8948
f 8878 8879 8949
f 8879 8880 8950
f 8880 8881 8951
f 8881 8882 8952
f 8882 8883 8953
f 8883 8884 8954
f 8884 8885 8955
f 8885 8886 8956
f 8886 8887 8957
f 8887 8888 8958
f 8888 8889 8959
f 8889 8890 8960
f 8890 8891 8961
f 8891 8892 8962
f 8892 8893 8963
f 8893 8894 8964
f 8894 8895 8965
f 8895 8896 8966
f 8896 8897 8967
f 8897 8898 8968
f 8898 8899 8969
f 8899 8900 8970
f 8900 8901 8971
f 8901 8902 8972
f 8902 8903 8973
f 8903 8904 8974
f 8904 8905 8975
f 8905 8906 8976
f 8906 8907 8977
f 8907 8908 8978
f 8908 8909 8979
f 8909 8910 8980
f 8910 8911 8981
f 8914 8915 8984
f 8915 8916 8985
f 8916 8917 8986
f 8917 8918 8987
f 8918 8919 8988
f 8919 8920 8989
f 8920 8921 8990
f 8921 8922 8991
f 8922 8923 8992
f 8923 8924 8993
f 8924 8925 8994
f 8925 8926 8995
f 8926 8927 8996
f 8930 8931 8998
f 8931 8932 8999
f 8932 8933 9000
f 8935 8936 9003
f 8936 8937 9004
f 8937 8938 9005
f 8938 8939 9006
f 8939 8940 9007
f 8940 8941 9008
f 8941 8942 9009
f 8942 8943 9010
f 8943 8944 9011
f 8944 8945 9012
f 8945 8946 9013
f 8946 8947 9014
f 8947 8948 9015
f 8948 8949 9016
f 8949 8950 9017
f 8950 8951 9018
f 8951 8952 9019
f 8952 8953 9020
f 8953 8954 9021
f 8954 8955 9022
f 8955 8956 9023
f 8956 8957 9024
f 8957 8958 9025
f 8958 8959 9026
f 8959 8960 9027
f 8960 8961 9028
f 8961 8962 9029
f 8962 8963 9030
f 8963 8964 9031
f 8964 8965 9032
f 8965 8966 9033
f 8966 8967 9034
f 8967 8968 9035
f 8968 8969 9036
f 8969 8970 9037
f 8970 8971 9038
f 8971 8972 9039
f 8972 8973 9040
f 8973 8974 9041
f 8974 8975 9042
f 8975 8976 9043
f 8976 8977 9044
f 8977 8978 9045
f 8978 8979 9046
f 8979 8980 9047
f 8982 8983 9050
f 8984 8985 9052
f 8998 8999 9055
f 8999 9000 9056
f 9000 9001 9057
f 9001 9002 9058
f 9003 9004 9060
f 9004 9005 9061
f 9005 9006 9062
f 9006 9007 9063
f 9007 9008 9064
f 9008 9009 9065
f 9009 9010 9066
f 9010 9011 9067
f 9011 9012 9068
f 9012 9013 9069
f 9013 9014 9070
f 9014 9015 9071
f 9015 9016 9072
f 9016 9017 9073
f 9017 9018 9074
f 9018 9019 9075
f 9019 9020 9076
f 9020 9021 9077
f 9021 9022 9078
f 9022 9023 9079
f 9023 9024 9080
f 9024 9025 9081
f 9025 9026 9082
f 9026 9027 9083
f 9027 9028 9084
f 9028 9029 9085
f 9029 9030 9086
f 9030 9031 9087
f 9031 9032 9088
f 9032 9033 9089
f 9033 9034 9090
f 9034 9035 9091
f 9035 9036 9092
f 9036 9037 9093
f 9037 9038 9094
f 9038 9039 9095
f 9039 9040 9096
f 9040 9041 9097
f 9041 9042 9098
f 9042 9043 9099
f 9043 9044 9100
f 9044 9045 9101
f 9045 9046 9102
f 9048 9049 9105
f 9049 9050 9106
f 9050 9051 9107
f 9051 9052 9108
f 9052 9053 9109
f 9055 9056 9112
f 9056 9057 9113
f 9057 9058 9114
f 9058 9059 9115
f 9063 9064 9118
f 9064 9065 9119
f 9065 9066 9120
f 9066 9067 9121
f 9067 9068 9122
f 9068 9069 9123
f 9069 9070 9124
f 9070 9071 9125
f 9071 9072 9126
f 9072 9073 9127
f 9073 9074 9128
f 9074 9075 9129
f 9075 9076 9130
f 9076 9077 9131
f 9077 9078 9132
f 9078 9079 9133
f 9079 9080 9134
f 9080 9081 9135
f 9081 9082 9136
f 9082 9083 9137
f 9083 9084 9138
f 9084 9085 9139
f 9085 9086 9140
f 9086 9087 9141
f 9087 9088 9142
f 9088 9089 9143
f 9089 9090 9144
f 9090 9091 9145
f 9091 9092 9146
f 9092 9093 9147
f 9093 9094 9148
f 9094 9095 9149
f 9095 9096 9150
f 9096 9097 9151
f 9097 9098 9152
f 9098 9099 9153
f 9099 9100 9154
f 9100 9101 9155
f 9101 9102 9156
f 9104 9105 9159
f 9105 9106 9160
f 9111 9112 9161
f 9112 9113 9162
f 9113 9114 9163
f 9114 9115 9164
f 9115 9116 9165
f 9116 9117 9166
f 9119 9120 9168
f 9120 9121 9169
f 9121 9122 9170
f 9122 9123 9171
f 9123 9124 9172
f 9124 9125 9173
f 9125 9126 9174
f 9126 9127 9175
f 9127 9128 9176
f 9128 9129 9177
f 9129 9130 9178
f 9130 9131 9179
f 9131 9132 9180
f 9132 9133 9181
f 9133 9134 9182
f 9134 9135 9183
f 9135 9136 9184
f 9136 9137 9185
f 9137 9138 9186
f 9138 9139 9187
f 9139 9140 9188
f 9140 9141 9189
f 9141 9142 9190
f 9142 9143 9191
f 9143 9144 9192
f 9144 9145 9193
f 9145 9146 9194
f 9146 9147 9195
f 9147 9148 9196
f 9148 9149 9197
f 9149 9150 9198
f 9150 9151 9199
f 9151 9152 9200
f 9152 9153 9201
f 9153 9154 9202
f 9154 9155 9203
f 9155 9156 9204
f 9158 9159 9207
f 9161 9162 9209
f 9162 9163 9210
f 9163 9164 9211
f 9164 9165 9212
f 9165 9166 9213
f 9166 9167 9214
f 9168 9169 9216
f 9169 9170 9217
f 9170 9171 9218
f 9171 9172 9219
f 9172 9173 9220
f 9173 9174 9221
f 9174 9175 9222
f 9175 9176 9223
f 9176 9177 9224
f 9177 9178 9225
f 9178 9179 9226
f 9179 9180 9227
f 9180 9181 9228
f 9181 9182 9229
f 9182 9183 9230
f 9183 9184 9231
f 9184 9185 9232
f 9185 9186 9233
f 9186 9187 9234
f 9187 9188 9235
f 9188 9189 9236
f 9189 9190 9237
f 9190 9191 9238
f 9191 9192 9239
f 9192 9193 9240
f 9193 9194 9241
f 9194 9195 9242
f 9195 9196 9243
f 9196 9197 9244
f 9197 9198 9245
f 9198 9199 9246
f 9199 9200 9247
f 9200 9201 9248
f 9201 9202 9249
f 9202 9203 9250
f 9203 9204 9251
f 9204 9205 9252
f 9206 9207 9260
f 9209 9210 9261
f 9210 9211 9262
f 9211 9212 9263
f 9212 9213 9264
f 9213 9214 9265
f 9214 9215 9266
f 9216 9217 9268
f 9217 9218 9269
f 9218 9219 9270
f 9219 9220 9271
f 9220 9221 9272
f 9221 9222 9273
f 9222 9223 9274
f 9223 9224 9275
f 9224 9225 9276
f 9225 9226 9277
f 9226 9227 9278
f 9227 9228 9279
f 9228 9229 9280
f 9229 9230 9281
f 9230 9231 9282
f 9231 9232 9283
f 9232 9233 9284
f 9233 9234 9285
f 9234 9235 9286
f 9235 9236 9287
f 9236 9237 9288
f 9237 9238 9289
f 9238 9239 9290
f 9239 9240 9291
f 9240 9241 9292
f 9241 9242 9293
f 9242 9243 9294
f 9243 9244 9295
f 9244 9245 9296
f 9245 9246 9297
f 9246 9247 9298
f 9247 9248 9299
f 9248 9249 9300
f 9249 9250 9301
f 9250 9251 9302
f 9251 9252 9303
f 9253 9254 9307
f 9254 9255 9308
f 9255 9256 9309
f 9256 9257 9310
f 9257 9258 9311
f 9261 9262 9312
f 9262 9263 9313
f 9263 9264 9314
f 9264 9265 9315
f 9265 9266 9316
f 9266 9267 9317
f 9269 9270 9319
f 9270 9271 9320
f 9271 9272 9321
f 9272 9273 9322
f 9273 9274 9323
f 9274 9275 9324
f 9275 9276 9325
f 9276 9277 9326
f 9277 9278 9327
f 9278 9279 9328
f 9279 9280 9329
f 9280 9281 9330
f 9281 9282 9331
f 9282 9283 9332
f 9283 9284 9333
f 9284 9285 9334
f 9285 9286 9335
f 9286 9287 9336
f 9287 9288 9337
f 9288 9289 9338
f 9289 9290 9339
f 9290 9291 9340
f 9291 9292 9341
f 9292 9293 9342
f 9293 9294 9343
f 9294 9295 9344
f 9295 9296 9345
f 9296 9297 9346
f 9297 9298 9347
f 9298 9299 9348
f 9299 9300 9349
f 9300 9301 9350
f 9301 9302 9351
f 9302 9303 9352
f 9303 9304 9353
f 9304 9305 9354
f 9307 9308 9361
f 9308 9309 9362
f 9313 9314 9363
f 9314 9315 9364
f 9315 9316 9365
f 9316 9317 9366
f 9317 9318 9367
f 9319 9320 9369
f 9320 9321 9370
f 9321 9322 9371
f 9322 9323 9372
f 9323 9324 9373
f 9324 9325 9374
f 9325 9326 9375
f 9326 9327 9376
f 9327 9328 9377
f 9328 9329 9378
f 9329 9330 9379
f 9330 9331 9380
f 9331 9332 9381
f 9332 9333 9382
f 9333 9334 9383
f 9334 9335 9384
f 9335 9336 9385
f 9336 9337 9386
f 9337 9338 9387
f 9338 9339 9388
f 9339 9340 9389
f 9340 9341 9390
f 9341 9342 9391
f 9342 9343 9392
f 9343 9344 9393
f 9344 9345 9394
f 9345 9346 9395
f 9346 9347 9396
f 9347 9348 9397
f 9348 9349 9398
f 9349 9350 9399
f 9350 9351 9400
f 9351 9352 9401
f 9352 9353 9402
f 9353 9354 9403
f 9354 9355 9404
f 9355 9356 9405
f 9356 9357 9406
f 9357 9358 9407
f 9358 9359 9408
f 9361 9362 9411
f 9363 9364 9412
f 9364 9365 9413
f 9365 9366 9414
f 9366 9367 9415
f 9367 9368 9416
f 9369 9370 9418
f 9370 9371 9419
f 9371 9372 9420
f 9372 9373 9421
f 9373 9374 9422
f 9374 9375 9423
f 9375 9376 9424
f 9376 9377 9425
f 9377 9378 9426
f 9378 9379 9427
f 9379 9380 9428
f 9380 9381 9429
f 9381 9382 9430
f 9382 9383 9431
f 9383 9384 9432
f 9384 9385 9433
f 9385 9386 9434
f 9386 9387 9435
f 9387 9388 9436
f 9388 9389 9437
f 9389 9390 9438
f 9390 9391 9439
f 9391 9392 9440
f 9392 9393 9441
f 9393 9394 9442
f 9394 9395 9443
f 9395 9396 9444
f 9396 9397 9445
f 9397 9398 9446
f 9398 9399 9447
f 9399 9400 9448
f 9400 9401 9449
f 9401 9402 9450
f 9402 9403 9451
f 9403 9404 9452
f 9404 9405 9453
f 9405 9406 9454
f 9406 9407 9455
f 9407 9408 9456
f 9408 9409 9457
f 9409 9410 9458
f 9410 9411 9459
f 9413 9414 9461
f 9414 9415 9462
f 9415 9416 9463
f 9416 9417 9464
f 9418 9419 9466
f 9419 9420 9467
f 9420 9421 9468
f 9421 9422 9469
f 9422 9423 9470
f 9423 9424 9471
f 9424 9425 9472
f 9425 9426 9473
f 9426 9427 9474
f 9427 9428 9475
f 9428 9429 9476
f 9429 9430 9477
f 9430 9431 9478
f 9431 9432 9479
f 9432 9433 9480
f 9433 9434 9481
f 9434 9435 9482
f 9435 9436 9483
f 9436 9437 9484
f 9437 9438 9485
f 9438 9439 9486
f 9439 9440 9487
f 9440 9441 9488
f 9441 9442 9489
f 9442 9443 9490
f 9443 9444 9491
f 9444 9445 9492
f 9445 9446 9493
f 9446 9447 9494
f 9447 9448 9495
f 9448 9449 9496
f 9449 9450 9497
f 9450 9451 9498
f 9451 9452 9499
f 9452 9453 9500
f 9453 9454 9501
f 9462 9463 9502
f 9463 9464 9503
f 9464 9465 9504
f 9466 9467 9506
f 9467 9468 9507
f 9468 9469 9508
f 9469 9470 9509
f 9470 9471 9510
f 9471 9472 9511
f 9472 9473 9512
f 9473 9474 9513
f 9474 9475 9514
f 9475 9476 9515
f 9476 9477 9516
f 9477 9478 9517
f 9478 9479 9518
f 9479 9480 9519
f 9480 9481 9520
f 9481 9482 9521
f 9482 9483 9522
f 9483 9484 9523
f 9484 9485 9524
f 9485 9486 9525
f 9486 9487 9526
f 9487 9488 9527
f 9488 9489 9528
f 9489 9490 9529
f 9490 9491 9530
f 9491 9492 9531
f 9492 9493 9532
f 9493 9494 9533
f 9494 9495 9534
f 9495 9496 9535
f 9496 9497 9536
f 9497 9498 9537
f 9498 9499 9538
f 9499 9500 9539
f 9503 9504 9540
f 9504 9505 9541
f 9506 9507 9543
f 9507 9508 9544
f 9508 9509 9545
f 9509 9510 9546
f 9510 9511 9547
f 9511 9512 9548
f 9512 9513 9549
f 9513 9514 9550
f 9514 9515 9551
f 9515 9516 9552
f 9516 9517 9553
f 9517 9518 9554
f 9518 9519 9555
f 9519 9520 9556
f 9520 9521 9557
f 9521 9522 9558
f 9522 9523 9559
f 9523 9524 9560
f 9524 9525 9561
f 9525 9526 9562
f 9526 9527 9563
f 9527 9528 9564
f 9528 9529 9565
f 9529 9530 9566
f 9530 9531 9567
f 9531 9532 9568
f 9532 9533 9569
f 9533 9534 9570
f 9534 9535 9571
f 9535 9536 9572
f 9536 9537 9573
f 9537 9538 9574
f 9541 9542 9575
f 9544 9545 9577
f 9545 9546 9578
f 9546 9547 9579
f 9547 9548 9580
f 9548 9549 9581
f 9549 9550 9582
f 9550 9551 9583
f 9551 9552 9584
f 9552 9553 9585
f 9553 9554 9586
f 9554 9555 9587
f 9555 9556 9588
f 9556 9557 9589
f 9557 9558 9590
f 9558 9559 9591
f 9559 9560 9592
f 9560 9561 9593
f 9561 9562 9594
f 9562 9563 9595
f 9563 9564 9596
f 9564 9565 9597
f 9565 9566 9598
f 9566 9567 9599
f 9567 9568 9600
f 9568 9569 9601
f 9569 9570 9602
f 9570 9571 9603
f 9571 9572 9604
f 9572 9573 9605
f 9578 9579 9610
f 9579 9580 9611
f 9580 9581 9612
f 9581 9582 9613
f 9582 9583 9614
f 9583 9584 9615
f 9584 9585 9616
f 9585 9586 9617
f 9586 9587 9618
f 9587 9588 9619
f 9588 9589 9620
f 9589 9590 9621
f 9590 9591 9622
f 9591 9592 9623
f 9592 9593 9624
f 9593 9594 9625
f 9594 9595 9626
f 9595 9596 9627
f 9596 9597 9628
f 9597 9598 9629
f 9598 9599 9630
f 9599 9600 9631
f 9600 9601 9632
f 9601 9602 9633
f 9602 9603 9634
f 9603 9604 9635
f 9604 9605 9636
f 9609 9610 9639
f 9610 9611 9640
f 9611 9612 9641
f 9612 9613 9642
f 9613 9614 9643
f 9614 9615 9644
f 9615 9616 9645
f 9616 9617 9646
f 9617 9618 9647
f 9618 9619 9648
f 9619 9620 9649
f 9620 9621 9650
f 9621 9622 9651
f 9622 9623 9652
f 9623 9624 9653
f 9624 9625 9654
f 9625 9626 9655
f 9626 9627 9656
f 9627 9628 9657
f 9628 9629 9658
f 9629 9630 9659
f 9630 9631 9660
f 9631 9632 9661
f 9632 9633 9662
f 9633 9634 9663
f 9634 9635 9664
f 9635 9636 9665
f 9637 9638 9666
f 9638 9639 9667
f 9639 9640 9668
f 9640 9641 9669
f 9641 9642 9670
f 9642 9643 9671
f 9643 9644 9672
f 9644 9645 9673
f 9645 9646 9674
f 9646 9647 9675
f 9647 9648 9676
f 9648 9649 9677
f 9649 9650 9678
f 9650 9651 9679
f 9651 9652 9680
f 9652 9653 9681
f 9653 9654 9682
f 9654 9655 9683
f 9655 9656 9684
f 9656 9657 9685
f 9657 9658 9686
f 9658 9659 9687
f 9659 9660 9688
f 9660 9661 9689
f 9661 9662 9690
f 9662 9663 9691
f 9666 9667 9692
f 9667 9668 9693
f 9668 9669 9694
f 9669 9670 9695
f 9670 9671 9696
f 9671 9672 9697
f 9672 9673 9698
f 9673 9674 9699
f 9674 9675 9700
f 9675 9676 9701
f 9676 9677 9702
f 9677 9678 9703
f 9678 9679 9704
f 9679 9680 9705
f 9680 9681 9706
f 9681 9682 9707
f 9682 9683 9708
f 9683 9684 9709
f 9684 9685 9710
f 9685 9686 9711
f 9686 9687 9712
f 9687 9688 9713
f 9688 9689 9714
f 9694 9695 9715
f 9695 9696 9716
f 9696 9697 9717
f 9697 9698 9718
f 9698 9699 9719
f 9699 9700 9720
f 9700 9701 9721
f 9701 9702 9722
f 9702 9703 9723
f 9703 9704 9724
f 9704 9705 9725
f 9705 9706 9726
f 9706 9707 9727
f 9707 9708 9728
f 9708 9709 9729
f 9709 9710 9730
f 9710 9711 9731
f 9711 9712 9732
f 9718 9719 9738
f 9719 9720 9739
f 9720 9721 9740
f 9721 9722 9741
f 9722 9723 9742
f 9723 9724 9743
f 9724 9725 9744
f 9725 9726 9745
f 9726 9727 9746
f 9727 9728 9747
f 9728 9729 9748
f 9729 9730 9749
f 9730 9731 9750
f 9731 9732 9751
f 9732 9733 9752
f 9733 9734 9753
f 9735 9736 9759
f 9738 9739 9761
f 9739 9740 9762
f 9740 9741 9763
f 9741 9742 9764
f 9742 9743 9765
f 9743 9744 9766
f 9744 9745 9767
f 9745 9746 9768
f 9746 9747 9769
f 9747 9748 9770
f 9748 9749 9771
f 9749 9750 9772
f 9750 9751 9773
f 9751 9752 9774
f 9752 9753 9775
f 9753 9754 9776
f 9757 9758 9789
f 9763 9764 9793
f 9764 9765 9794
f 9765 9766 9795
f 9766 9767 9796
f 9767 9768 9797
f 9768 9769 9798
f 9769 9770 9799
f 9770 9771 9800
f 9771 9772 9801
f 9772 9773 9802
f 9773 9774 9803
f 9774 9775 9804
f 9775 9776 9805
f 9776 9777 9806
f 9777 9778 9807
f 9779 9780 9812
f 9780 9781 9813
f 9781 9782 9814
f 9782 9783 9815
f 9786 9787 9821
f 9787 9788 9822
f 9791 9792 9823
f 9794 9795 9825
f 9795 9796 9826
f 9796 9797 9827
f 9797 9798 9828
f 9798 9799 9829
f 9799 9800 9830
f 9800 9801 9831
f 9801 9802 9832
f 9802 9803 9833
f 9803 9804 9834
f 9804 9805 9835
f 9805 9806 9836
f 9806 9807 9837
f 9807 9808 9838
f 9808 9809 9839
f 9809 9810 9840
f 9810 9811 9841
f 9811 9812 9842
f 9812 9813 9843
f 9813 9814 9844
f 9814 9815 9845
f 9815 9816 9846
f 9816 9817 9847
f 9817 9818 9848
f 9818 9819 9849
f 9819 9820 9850
f 9820 9821 9851
f 9823 9824 9852
f 9825 9826 9859
f 9826 9827 9860
f 9827 9828 9861
f 9828 9829 9862
f 9829 9830 9863
f 9830 9831 9864
f 9831 9832 9865
f 9832 9833 9866
f 9833 9834 9867
f 9834 9835 9868
f 9835 9836 9869
f 9836 9837 9870
f 9837 9838 9871
f 9838 9839 9872
f 9839 9840 9873
f 9840 9841 9874
f 9841 9842 9875
f 9842 9843 9876
f 9843 9844 9877
f 9844 9845 9878
f 9845 9846 9879
f 9846 9847 9880
f 9847 9848 9881
f 9848 9849 9882
f 9849 9850 9883
f 9850 9851 9884
f 9852 9853 9885
f 9853 9854 9886
f 9856 9857 9892
f 9857 9858 9893
f 9858 9859 9894
f 9859 9860 9895
f 9860 9861 9896
f 9861 9862 9897
f 9862 9863 9898
f 9863 9864 9899
f 9864 9865 9900
f 9865 9866 9901
f 9866 9867 9902
f 9867 9868 9903
f 9868 9869 9904
f 9869 9870 9905
f 9870 9871 9906
f 9871 9872 9907
f 9872 9873 9908
f 9873 9874 9909
f 9874 9875 9910
f 9875 9876 9911
f 9876 9877 9912
f 9877 9878 9913
f 9878 9879 9914
f 9879 9880 9915
f 9880 9881 9916
f 9881 9882 9917
f 9882 9883 9918
f 9885 9886 9919
f 9886 9887 9920
f 9887 9888 9921
f 9889 9890 9928
f 9890 9891 9929
f 9891 9892 9930
f 9892 9893 9931
f 9893 9894 9932
f 9894 9895 9933
f 9895 9896 9934
f 9896 9897 9935
f 9897 9898 9936
f 9898 9899 9937
f 9899 9900 9938
f 9900 9901 9939
f 9901 9902 9940
f 9902 9903 9941
f 9903 9904 9942
f 9904 9905 9943
f 9905 9906 9944
f 9906 9907 9945
f 9907 9908 9946
f 9908 9909 9947
f 9909 9910 9948
f 9910 9911 9949
f 9911 9912 9950
f 9912 9913 9951
f 9913 9914 9952
f 9914 9915 9953
f 9915 9916 9954
f 9916 9917 9955
f 9919 9920 9957
f 9920 9921 9958
f 9921 9922 9959
f 9922 9923 9960
f 9925 9926 9964
f 9926 9927 9965
f 9927 9928 9966
f 9928 9929 9967
f 9929 9930 9968
f 9930 9931 9969
f 9931 9932 9970
f 9932 9933 9971
f 9933 9934 9972
f 9934 9935 9973
f 9935 9936 9974
f 9936 9937 9975
f 9937 9938 9976
f 9938 9939 9977
f 9940 9941 9978
f 9941 9942 9979
f 9942 9943 9980
f 9943 9944 9981
f 9944 9945 9982
f 9945 9946 9983
f 9946 9947 9984
f 9947 9948 9985
f 9948 9949 9986
f 9949 9950 9987
f 9950 9951 9988
f 9951 9952 9989
f 9952 9953 9990
f 9953 9954 9991
f 9954 9955 9992
f 8332 8337 8336
f 8333 8338 8337
f 8334 8339 8338
f 8335 8340 8339
f 8337 8345 8344
f 8338 8346 8345
f 8339 8347 8346
f 8340 8348 8347
f 8341 8349 8348
f 8342 8350 8349
f 8343 8351 8350
f 8345 8355 8354
f 8346 8356 8355
f 8347 8357 8356
f 8348 8358 8357
f 8349 8359 8358
f 8350 8360 8359
f 8351 8361 8360
f 8352 8362 8361
f 8353 8363 8362
f 8356 8367 8366
f 8357 8368 8367
f 8358 8369 8368
f 8359 8370 8369
f 8360 8371 8370
f 8361 8372 8371
f 8362 8373 8372
f 8363 8374 8373
f 8364 8375 8374
f 8365 8376 8375
f 8368 8389 8388
f 8369 8390 8389
f 8370 8391 8390
f 8371 8392 8391
f 8372 8393 8392
f 8373 8394 8393
f 8374 8395 8394
f 8375 8396 8395
f 8376 8397 8396
f 8377 8398 8397
f 8378 8399 8398
f 8379 8407 8406
f 8380 8408 8407
f 8381 8409 8408
f 8382 8410 8409
f 8383 8411 8410
f 8384 8412 8411
f 8385 8413 8412
f 8386 8414 8413
f 8387 8415 8414
f 8389 8419 8418
f 8390 8420 8419
f 8391 8421 8420
f 8392 8422 8421
f 8393 8423 8422
f 8394 8424 8423
f 8395 8425 8424
f 8396 8426 8425
f 8397 8427 8426
f 8398 8428 8427
f 8399 8429 8428
f 8400 8430 8429
f 8401 8442 8441
f 8402 8443 8442
f 8403 8444 8443
f 8404 8445 8444
f 8405 8446 8445
f 8406 8447 8446
f 8407 8448 8447
f 8408 8449 8448
f 8409 8450 8449
f 8410 8451 8450
f 8411 8452 8451
f 8412 8453 8452
f 8413 8454 8453
f 8414 8455 8454
f 8415 8456 8455
f 8416 8457 8456
f 8417 8458 8457
f 8419 8461 8460
f 8420 8462 8461
f 8421 8463 8462
f 8422 8464 8463
f 8423 8465 8464
f 8424 8466 8465
f 8425 8467 8466
f 8426 8468 8467
f 8427 8469 8468
f 8428 8470 8469
f 8429 8471 8470
f 8430 8472 8471
f 8431 8473 8472
f 8432 8477 8476
f 8433 8478 8477
f 8434 8479 8478
f 8435 8480 8479
f 8436 8481 8480
f 8437 8482 8481
f 8438 8483 8482
f 8439 8484 8483
f 8440 8485 8484
f 8441 8486 8485
f 8442 8487 8486
f 8443 8488 8487
f 8444 8489 8488
f 8445 8490 8489
f 8446 8491 8490
f 8447 8492 8491
f 8448 8493 8492
f 8449 8494 8493
f 8450 8495 8494
f 8451 8496 8495
f 8452 8497 8496
f 8453 8498 8497
f 8454 8499 8498
f 8455 8500 8499
f 8456 8501 8500
f 8457 8502 8501
f 8458 8503 8502
f 8459 8504 8503
f 8461 8507 8506
f 8462 8508 8507
f 8463 8509 8508
f 8464 8510 8509
f 8465 8511 8510
f 8466 8512 8511
f 8467 8513 8512
f 8468 8514 8513
f 8469 8515 8514
f 8470 8516 8515
f 8471 8517 8516
f 8472 8518 8517
f 8473 8519 8518
f 8474 8520 8519
f 8475 8521 8520
f 8477 8524 8523
f 8478 8525 8524
f 8479 8526 8525
f 8480 8527 8526
f 8481 8528 8527
f 8482 8529 8528
f 8483 8530 8529
f 8484 8531 8530
f 8485 8532 8531
f 8486 8533 8532
f 8487 8534 8533
f 8488 8535 8534
f 8489 8536 8535
f 8490 8537 8536
f 8491 8538 8537
f 8492 8539 8538
f 8493 8540 8539
f 8494 8541 8540
f 8495 8542 8541
f 8496 8543 8542
f 8497 8544 8543
f 8498 8545 8544
f 8499 8546 8545
f 8500 8547 8546
f 8501 8548 8547
f 8502 8549 8548
f 8503 8550 8549
f 8504 8551 8550
f 8505 8552 8551
f 8507 8557 8556
f 8508 8558 8557
f 8509 8559 8558
f 8510 8560 8559
f 8511 8561 8560
f 8512 8562 8561
f 8513 8563 8562
f 8514 8564 8563
f 8515 8565 8564
f 8516 8566 8565
f 8517 8567 8566
f 8518 8568 8567
f 8519 8569 8568
f 8520 8570 8569
f 8521 8571 8570
f 8522 8572 8571
f 8524 8576 8575
f 8525 8577 8576
f 8526 8578 8577
f 8527 8579 8578
f 8528 8580 8579
f 8529 8581 8580
f 8530 8582 8581
f 8531 8583 8582
f 8532 8584 8583
f 8533 8585 8584
f 8534 8586 8585
f 8535 8587 8586
f 8536 8588 8587
f 8537 8589 8588
f 8538 8590 8589
f 8539 8591 8590
f 8540 8592 8591
f 8541 8593 8592
f 8542 8594 8593
f 8543 8595 8594
f 8544 8596 8595
f 8545 8597 8596
f 8546 8598 8597
f 8547 8599 8598
f 8548 8600 8599
f 8549 8601 8600
f 8550 8602 8601
f 8551 8603 8602
f 8552 8604 8603
f 8553 8605 8604
f 8554 8618 8617
f 8555 8619 8618
f 8557 8622 8621
f 8558 8623 8622
f 8559 8624 8623
f 8560 8625 8624
f 8561 8626 8625
f 8562 8627 8626
f 8563 8628 8627
f 8564 8629 8628
f 8565 8630 8629
f 8566 8631 8630
f 8567 8632 8631
f 8568 8633 8632
f 8569 8634 8633
f 8570 8635 8634
f 8571 8636 8635
f 8572 8637 8636
f 8573 8638 8637
f 8574 8639 8638
f 8575 8643 8642
f 8576 8644 8643
f 8577 8645 8644
f 8578 8646 8645
f 8579 8647 8646
f 8580 8648 8647
f 8581 8649 8648
f 8582 8650 8649
f 8583 8651 8650
f 8584 8652 8651
f 8585 8653 8652
f 8586 8654 8653
f 8587 8655 8654
f 8588 8656 8655
f 8589 8657 8656
f 8590 8658 8657
f 8591 8659 8658
f 8592 8660 8659
f 8593 8661 8660
f 8594 8662 8661
f 8595 8663 8662
f 8596 8664 8663
f 8597 8665 8664
f 8598 8666 8665
f 8599 8667 8666
f 8600 8668 8667
f 8601 8669 8668
f 8602 8670 8669
f 8603 8671 8670
f 8604 8672 8671
f 8605 8673 8672
f 8606 8674 8673
f 8607 8675 8674
f 8608 8677 8676
f 8609 8678 8677
f 8610 8679 8678
f 8611 8680 8679
f 8612 8681 8680
f 8613 8682 8681
f 8614 8683 8682
f 8615 8684 8683
f 8616 8685 8684
f 8617 8686 8685
f 8618 8687 8686
f 8619 8688 8687
f 8620 8689 8688
f 8621 8692 8691
f 8622 8693 8692
f 8623 8694 8693
f 8624 8695 8694
f 8625 8696 8695
f 8626 8697 8696
f 8627 8698 8697
f 8628 8699 8698
f 8629 8700 8699
f 8630 8701 8700
f 8631 8702 8701
f 8632 8703 8702
f 8633 8704 8703
f 8634 8705 8704
f 8635 8706 8705
f 8636 8707 8706
f 8637 8708 8707
f 8638 8709 8708
f 8639 8710 8709
f 8640 8711 8710
f 8641 8712 8711
f 8644 8715 8714
f 8645 8716 8715
f 8646 8717 8716
f 8647 8718 8717
f 8648 8719 8718
f 8649 8720 8719
f 8650 8721 8720
f 8651 8722 8721
f 8652 8723 8722
f 8653 8724 8723
f 8654 8725 8724
f 8655 8726 8725
f 8656 8727 8726
f 8657 8728 8727
f 8658 8729 8728
f 8659 8730 8729
f 8660 8731 8730
f 8661 8732 8731
f 8662 8733 8732
f 8663 8734 8733
f 8664 8735 8734
f 8665 8736 8735
f 8666 8737 8736
f 8667 8738 8737
f 8668 8739 8738
f 8669 8740 8739
f 8670 8741 8740
f 8671 8742 8741
f 8672 8743 8742
f 8673 8744 8743
f 8674 8745 8744
f 8675 8746 8745
f 8676 8747 8746
f 8677 8748 8747
f 8678 8749 8748
f 8679 8750 8749
f 8680 8751 8750
f 8681 8752 8751
f 8682 8753 8752
f 8683 8754 8753
f 8684 8755 8754
f 8685 8756 8755
f 8686 8757 8756
f 8687 8758 8757
f 8688 8759 8758
f 8689 8760 8759
f 8692 8763 8762
f 8693 8764 8763
f 8694 8765 8764
f 8695 8766 8765
f 8696 8767 8766
f 8697 8768 8767
f 8698 8769 8768
f 8699 8770 8769
f 8700 8771 8770
f 8701 8772 8771
f 8702 8773 8772
f 8703 8774 8773
f 8704 8775 8774
f 8705 8776 8775
f 8706 8777 8776
f 8707 8778 8777
f 8708 8779 8778
f 8709 8780 8779
f 8710 8781 8780
f 8711 8782 8781
f 8712 8783 8782
f 8713 8784 8783
f 8714 8789 8788
f 8715 8790 8789
f 8716 8791 8790
f 8717 8792 8791
f 8718 8793 8792
f 8719 8794 8793
f 8720 8795 8794
f 8721 8796 8795
f 8722 8797 8796
f 8723 8798 8797
f 8724 8799 8798
f 8725 8800 8799
f 8726 8801 8800
f 8727 8802 8801
f 8728 8803 8802
f 8729 8804 8803
f 8730 8805 8804
f 8731 8806 8805
f 8732 8807 8806
f 8733 8808 8807
f 8734 8809 8808
f 8735 8810 8809
f 8736 8811 8810
f 8737 8812 8811
f 8738 8813 8812
f 8739 8814 8813
f 8740 8815 8814
f 8741 8816 8815
f 8742 8817 8816
f 8743 8818 8817
f 8744 8819 8818
f 8745 8820 8819
f 8746 8821 8820
f 8747 8822 8821
f 8748 8823 8822
f 8749 8824 8823
f 8750 8825 8824
f 8751 8826 8825
f 8752 8827 8826
f 8753 8828 8827
f 8754 8829 8828
f 8755 8830 8829
f 8756 8831 8830
f 8757 8832 8831
f 8758 8833 8832
f 8759 8834 8833
f 8760 8835 8834
f 8761 8836 8835
f 8763 8838 8837
f 8764 8839 8838
f 8765 8840 8839
f 8766 8841 8840
f 8767 8842 8841
f 8768 8843 8842
f 8769 8844 8843
f 8770 8845 8844
f 8771 8846 8845
f 8772 8847 8846
f 8773 8848 8847
f 8774 8849 8848
f 8775 8850 8849
f 8776 8851 8850
f 8777 8852 8851
f 8778 8853 8852
f 8779 8854 8853
f 8780 8855 8854
f 8781 8856 8855
f 8782 8857 8856
f 8783 8858 8857
f 8784 8859 8858
f 8785 8860 8859
f 8789 8864 8863
f 8790 8865 8864
f 8791 8866 8865
f 8792 8867 8866
f 8793 8868 8867
f 8794 8869 8868
f 8795 8870 8869
f 8796 8871 8870
f 8797 8872 8871
f 8798 8873 8872
f 8799 8874 8873
f 8800 8875 8874
f 8801 8876 8875
f 8802 8877 8876
f 8803 8878 8877
f 8804 8879 8878
f 8805 8880 8879
f 8806 8881 8880
f 8807 8882 8881
f 8808 8883 8882
f 8809 8884 8883
f 8810 8885 8884
f 8811 8886 8885
f 8812 8887 8886
f 8813 8888 8887
f 8814 8889 8888
f 8815 8890 8889
f 8816 8891 8890
f 8817 8892 8891
f 8818 8893 8892
f 8819 8894 8893
f 8820 8895 8894
f 8821 8896 8895
f 8822 8897 8896
f 8823 8898 8897
f 8824 8899 8898
f 8825 8900 8899
f 8826 8901 8900
f 8827 8902 8901
f 8828 8903 8902
f 8829 8904 8903
f 8830 8905 8904
f 8831 8906 8905
f 8832 8907 8906
f 8833 8908 8907
f 8834 8909 8908
f 8835 8910 8909
f 8836 8911 8910
f 8840 8913 8912
f 8841 8914 8913
f 8842 8915 8914
f 8843 8916 8915
f 8844 8917 8916
f 8845 8918 8917
f 8846 8919 8918
f 8847 8920 8919
f 8848 8921 8920
f 8849 8922 8921
f 8850 8923 8922
f 8851 8924 8923
f 8852 8925 8924
f 8853 8926 8925
f 8854 8927 8926
f 8855 8928 8927
f 8856 8929 8928
f 8862 8931 8930
f 8864 8935 8934
f 8865 8936 8935
f 8866 8937 8936
f 8867 8938 8937
f 8868 8939 8938
f 8869 8940 8939
f 8870 8941 8940
f 8871 8942 8941
f 8872 8943 8942
f 8873 8944 8943
f 8874 8945 8944
f 8875 8946 8945
f 8876 8947 8946
f 8877 8948 8947
f 8878 8949 8948
f 8879 8950 8949
f 8880 8951 8950
f 8881 8952 8951
f 8882 8953 8952
f 8883 8954 8953
f 8884 8955 8954
f 8885 8956 8955
f 8886 8957 8956
f 8887 8958 8957
f 8888 8959 8958
f 8889 8960 8959
f 8890 8961 8960
f 8891 8962 8961
f 8892 8963 8962
f 8893 8964 8963
f 8894 8965 8964
f 8895 8966 8965
f 8896 8967 8966
f 8897 8968 8967
f 8898 8969 8968
f 8899 8970 8969
f 8900 8971 8970
f 8901 8972 8971
f 8902 8973 8972
f 8903 8974 8973
f 8904 8975 8974
f 8905 8976 8975
f 8906 8977 8976
f 8907 8978 8977
f 8908 8979 8978
f 8909 8980 8979
f 8910 8981 8980
f 8915 8985 8984
f 8918 8988 8987
f 8919 8989 8988
f 8920 8990 8989
f 8921 8991 8990
f 8922 8992 8991
f 8923 8993 8992
f 8924 8994 8993
f 8925 8995 8994
f 8926 8996 8995
f 8930 8998 8997
f 8931 8999 8998
f 8932 9000 8999
f 8933 9001 9000
f 8936 9004 9003
f 8937 9005 9004
f 8938 9006 9005
f 8939 9007 9006
f 8940 9008 9007
f 8941 9009 9008
f 8942 9010 9009
f 8943 9011 9010
f 8944 9012 9011
f 8945 9013 9012
f 8946 9014 9013
f 8947 9015 9014
f 8948 9016 9015
f 8949 9017 9016
f 8950 9018 9017
f 8951 9019 9018
f 8952 9020 9019
f 8953 9021 9020
f 8954 9022 9021
f 8955 9023 9022
f 8956 9024 9023
f 8957 9025 9024
f 8958 9026 9025
f 8959 9027 9026
f 8960 9028 9027
f 8961 9029 9028
f 8962 9030 9029
f 8963 9031 9030
f 8964 9032 9031
f 8965 9033 9032
f 8966 9034 9033
f 8967 9035 9034
f 8968 9036 9035
f 8969 9037 9036
f 8970 9038 9037
f 8971 9039 9038
f 8972 9040 9039
f 8973 9041 9040
f 8974 9042 9041
f 8975 9043 9042
f 8976 9044 9043
f 8977 9045 9044
f 8978 9046 9045
f 8979 9047 9046
f 8982 9050 9049
f 8983 9051 9050
f 8985 9053 9052
f 8998 9055 9054
f 8999 9056 9055
f 9000 9057 9056
f 9001 9058 9057
f 9002 9059 9058
f 9004 9061 9060
f 9005 9062 9061
f 9006 9063 9062
f 9007 9064 9063
f 9008 9065 9064
f 9009 9066 9065
f 9010 9067 9066
f 9011 9068 9067
f 9012 9069 9068
f 9013 9070 9069
f 9014 9071 9070
f 9015 9072 9071
f 9016 9073 9072
f 9017 9074 9073
f 9018 9075 9074
f 9019 9076 9075
f 9020 9077 9076
f 9021 9078 9077
f 9022 9079 9078
f 9023 9080 9079
f 9024 9081 9080
f 9025 9082 9081
f 9026 9083 9082
f 9027 9084 9083
f 9028 9085 9084
f 9029 9086 9085
f 9030 9087 9086
f 9031 9088 9087
f 9032 9089 9088
f 9033 9090 9089
f 9034 9091 9090
f 9035 9092 9091
f 9036 9093 9092
f 9037 9094 9093
f 9038 9095 9094
f 9039 9096 9095
f 9040 9097 9096
f 9041 9098 9097
f 9042 9099 9098
f 9043 9100 9099
f 9044 9101 9100
f 9045 9102 9101
f 9046 9103 9102
f 9048 9105 9104
f 9049 9106 9105
f 9050 9107 9106
f 9051 9108 9107
f 9052 9109 9108
f 9053 9110 9109
f 9055 9112 9111
f 9056 9113 9112
f 9057 9114 9113
f 9058 9115 9114
f 9059 9116 9115
f 9064 9119 9118
f 9065 9120 9119
f 9066 9121 9120
f 9067 9122 9121
f 9068 9123 9122
f 9069 9124 9123
f 9070 9125 9124
f 9071 9126 9125
f 9072 9127 9126
f 9073 9128 9127
f 9074 9129 9128
f 9075 9130 9129
f 9076 9131 9130
f 9077 9132 9131
f 9078 9133 9132
f 9079 9134 9133
f 9080 9135 9134
f 9081 9136 9135
f 9082 9137 9136
f 9083 9138 9137
f 9084 9139 9138
f 9085 9140 9139
f 9086 9141 9140
f 9087 9142 9141
f 9088 9143 9142
f 9089 9144 9143
f 9090 9145 9144
f 9091 9146 9145
f 9092 9147 9146
f 9093 9148 9147
f 9094 9149 9148
f 9095 9150 9149
f 9096 9151 9150
f 9097 9152 9151
f 9098 9153 9152
f 9099 9154 9153
f 9100 9155 9154
f 9101 9156 9155
f 9102 9157 9156
f 9104 9159 9158
f 9105 9160 9159
f 9112 9162 9161
f 9113 9163 9162
f 9114 9164 9163
f 9115 9165 9164
f 9116 9166 9165
f 9117 9167 9166
f 9120 9169 9168
f 9121 9170 9169
f 9122 9171 9170
f 9123 9172 9171
f 9124 9173 9172
f 9125 9174 9173
f 9126 9175 9174
f 9127 9176 9175
f 9128 9177 9176
f 9129 9178 9177
f 9130 9179 9178
f 9131 9180 9179
f 9132 9181 9180
f 9133 9182 9181
f 9134 9183 9182
f 9135 9184 9183
f 9136 9185 9184
f 9137 9186 9185
f 9138 9187 9186
f 9139 9188 9187
f 9140 9189 9188
f 9141 9190 9189
f 9142 9191 9190
f 9143 9192 9191
f 9144 9193 9192
f 9145 9194 9193
f 9146 9195 9194
f 9147 9196 9195
f 9148 9197 9196
f 9149 9198 9197
f 9150 9199 9198
f 9151 9200 9199
f 9152 9201 9200
f 9153 9202 9201
f 9154 9203 9202
f 9155 9204 9203
f 9156 9205 9204
f 9158 9207 9206
f 9159 9208 9207
f 9162 9210 9209
f 9163 9211 9210
f 9164 9212 9211
f 9165 9213 9212
f 9166 9214 9213
f 9167 9215 9214
f 9169 9217 9216
f 9170 9218 9217
f 9171 9219 9218
f 9172 9220 9219
f 9173 9221 9220
f 9174 9222 9221
f 9175 9223 9222
f 9176 9224 9223
f 9177 9225 9224
f 9178 9226 9225
f 9179 9227 9226
f 9180 9228 9227
f 9181 9229 9228
f 9182 9230 9229
f 9183 9231 9230
f 9184 9232 9231
f 9185 9233 9232
f 9186 9234 9233
f 9187 9235 9234
f 9188 9236 9235
f 9189 9237 9236
f 9190 9238 9237
f 9191 9239 9238
f 9192 9240 9239
f 9193 9241 9240
f 9194 9242 9241
f 9195 9243 9242
f 9196 9244 9243
f 9197 9245 9244
f 9198 9246 9245
f 9199 9247 9246
f 9200 9248 9247
f 9201 9249 9248
f 9202 9250 9249
f 9203 9251 9250
f 9204 9252 9251
f 9206 9260 9259
f 9210 9262 9261
f 9211 9263 9262
f 9212 9264 9263
f 9213 9265 9264
f 9214 9266 9265
f 9215 9267 9266
f 9217 9269 9268
f 9218 9270 9269
f 9219 9271 9270
f 9220 9272 9271
f 9221 9273 9272
f 9222 9274 9273
f 9223 9275 9274
f 9224 9276 9275
f 9225 9277 9276
f 9226 9278 9277
f 9227 9279 9278
f 9228 9280 9279
f 9229 9281 9280
f 9230 9282 9281
f 9231 9283 9282
f 9232 9284 9283
f 9233 9285 9284
f 9234 9286 9285
f 9235 9287 9286
f 9236 9288 9287
f 9237 9289 9288
f 9238 9290 9289
f 9239 9291 9290
f 9240 9292 9291
f 9241 9293 9292
f 9242 9294 9293
f 9243 9295 9294
f 9244 9296 9295
f 9245 9297 9296
f 9246 9298 9297
f 9247 9299 9298
f 9248 9300 9299
f 9249 9301 9300
f 9250 9302 9301
f 9251 9303 9302
f 9252 9304 9303
f 9254 9308 9307
f 9255 9309 9308
f 9256 9310 9309
f 9257 9311 9310
f 9262 9313 9312
f 9263 9314 9313
f 9264 9315 9314
f 9265 9316 9315
f 9266 9317 9316
f 9267 9318 9317
f 9270 9320 9319
f 9271 9321 9320
f 9272 9322 9321
f 9273 9323 9322
f 9274 9324 9323
f 9275 9325 9324
f 9276 9326 9325
f 9277 9327 9326
f 9278 9328 9327
f 9279 9329 9328
f 9280 9330 9329
f 9281 9331 9330
f 9282 9332 9331
f 9283 9333 9332
f 9284 9334 9333
f 9285 9335 9334
f 9286 9336 9335
f 9287 9337 9336
f 9288 9338 9337
f 9289 9339 9338
f 9290 9340 9339
f 9291 9341 9340
f 9292 9342 9341
f 9293 9343 9342
f 9294 9344 9343
f 9295 9345 9344
f 9296 9346 9345
f 9297 9347 9346
f 9298 9348 9347
f 9299 9349 9348
f 9300 9350 9349
f 9301 9351 9350
f 9302 9352 9351
f 9303 9353 9352
f 9304 9354 9353
f 9305 9355 9354
f 9306 9356 9355
f 9307 9361 9360
f 9308 9362 9361
f 9314 9364 9363
f 9315 9365 9364
f 9316 9366 9365
f 9317 9367 9366
f 9318 9368 9367
f 9320 9370 9369
f 9321 9371 9370
f 9322 9372 9371
f 9323 9373 9372
f 9324 9374 9373
f 9325 9375 9374
f 9326 9376 9375
f 9327 9377 9376
f 9328 9378 9377
f 9329 9379 9378
f 9330 9380 9379
f 9331 9381 9380
f 9332 9382 9381
f 9333 9383 9382
f 9334 9384 9383
f 9335 9385 9384
f 9336 9386 9385
f 9337 9387 9386
f 9338 9388 9387
f 9339 9389 9388
f 9340 9390 9389
f 9341 9391 9390
f 9342 9392 9391
f 9343 9393 9392
f 9344 9394 9393
f 9345 9395 9394
f 9346 9396 9395
f 9347 9397 9396
f 9348 9398 9397
f 9349 9399 9398
f 9350 9400 9399
f 9351 9401 9400
f 9352 9402 9401
f 9353 9403 9402
f 9354 9404 9403
f 9355 9405 9404
f 9356 9406 9405
f 9357 9407 9406
f 9358 9408 9407
f 9359 9409 9408
f 9361 9411 9410
f 9364 9413 9412
f 9365 9414 9413
f 9366 9415 9414
f 9367 9416 9415
f 9368 9417 9416
f 9370 9419 9418
f 9371 9420 9419
f 9372 9421 9420
f 9373 9422 9421
f 9374 9423 9422
f 9375 9424 9423
f 9376 9425 9424
f 9377 9426 9425
f 9378 9427 9426
f 9379 9428 9427
f 9380 9429 9428
f 9381 9430 9429
f 9382 9431 9430
f 9383 9432 9431
f 9384 9433 9432
f 9385 9434 9433
f 9386 9435 9434
f 9387 9436 9435
f 9388 9437 9436
f 9389 9438 9437
f 9390 9439 9438
f 9391 9440 9439
f 9392 9441 9440
f 9393 9442 9441
f 9394 9443 9442
f 9395 9444 9443
f 9396 9445 9444
f 9397 9446 9445
f 9398 9447 9446
f 9399 9448 9447
f 9400 9449 9448
f 9401 9450 9449
f 9402 9451 9450
f 9403 9452 9451
f 9404 9453 9452
f 9405 9454 9453
f 9406 9455 9454
f 9410 9459 9458
f 9411 9460 9459
f 9414 9462 9461
f 9415 9463 9462
f 9416 9464 9463
f 9417 9465 9464
f 9419 9467 9466
f 9420 9468 9467
f 9421 9469 9468
f 9422 9470 9469
f 9423 9471 9470
f 9424 9472 9471
f 9425 9473 9472
f 9426 9474 9473
f 9427 9475 9474
f 9428 9476 9475
f 9429 9477 9476
f 9430 9478 9477
f 9431 9479 9478
f 9432 9480 9479
f 9433 9481 9480
f 9434 9482 9481
f 9435 9483 9482
f 9436 9484 9483
f 9437 9485 9484
f 9438 9486 9485
f 9439 9487 9486
f 9440 9488 9487
f 9441 9489 9488
f 9442 9490 9489
f 9443 9491 9490
f 9444 9492 9491
f 9445 9493 9492
f 9446 9494 9493
f 9447 9495 9494
f 9448 9496 9495
f 9449 9497 9496
f 9450 9498 9497
f 9451 9499 9498
f 9452 9500 9499
f 9453 9501 9500
f 9463 9503 9502
f 9464 9504 9503
f 9465 9505 9504
f 9467 9507 9506
f 9468 9508 9507
f 9469 9509 9508
f 9470 9510 9509
f 9471 9511 9510
f 9472 9512 9511
f 9473 9513 9512
f 9474 9514 9513
f 9475 9515 9514
f 9476 9516 9515
f 9477 9517 9516
f 9478 9518 9517
f 9479 9519 9518
f 9480 9520 9519
f 9481 9521 9520
f 9482 9522 9521
f 9483 9523 9522
f 9484 9524 9523
f 9485 9525 9524
f 9486 9526 9525
f 9487 9527 9526
f 9488 9528 9527
f 9489 9529 9528
f 9490 9530 9529
f 9491 9531 9530
f 9492 9532 9531
f 9493 9533 9532
f 9494 9534 9533
f 9495 9535 9534
f 9496 9536 9535
f 9497 9537 9536
f 9498 9538 9537
f 9499 9539 9538
f 9504 9541 9540
f 9505 9542 9541
f 9507 9544 9543
f 9508 9545 9544
f 9509 9546 9545
f 9510 9547 9546
f 9511 9548 9547
f 9512 9549 9548
f 9513 9550 9549
f 9514 9551 9550
f 9515 9552 9551
f 9516 9553 9552
f 9517 9554 9553
f 9518 9555 9554
f 9519 9556 9555
f 9520 9557 9556
f 9521 9558 9557
f 9522 9559 9558
f 9523 9560 9559
f 9524 9561 9560
f 9525 9562 9561
f 9526 9563 9562
f 9527 9564 9563
f 9528 9565 9564
f 9529 9566 9565
f 9530 9567 9566
f 9531 9568 9567
f 9532 9569 9568
f 9533 9570 9569
f 9534 9571 9570
f 9535 9572 9571
f 9536 9573 9572
f 9537 9574 9573
f 9542 9576 9575
f 9545 9578 9577
f 9546 9579 9578
f 9547 9580 9579
f 9548 9581 9580
f 9549 9582 9581
f 9550 9583 9582
f 9551 9584 9583
f 9552 9585 9584
f 9553 9586 9585
f 9554 9587 9586
f 9555 9588 9587
f 9556 9589 9588
f 9557 9590 9589
f 9558 9591 9590
f 9559 9592 9591
f 9560 9593 9592
f 9561 9594 9593
f 9562 9595 9594
f 9563 9596 9595
f 9564 9597 9596
f 9565 9598 9597
f 9566 9599 9598
f 9567 9600 9599
f 9568 9601 9600
f 9569 9602 9601
f 9570 9603 9602
f 9571 9604 9603
f 9572 9605 9604
f 9573 9606 9605
f 9576 9608 9607
f 9578 9610 9609
f 9579 9611 9610
f 9580 9612 9611
f 9581 9613 9612
f 9582 9614 9613
f 9583 9615 9614
f 9584 9616 9615
f 9585 9617 9616
f 9586 9618 9617
f 9587 9619 9618
f 9588 9620 9619
f 9589 9621 9620
f 9590 9622 9621
f 9591 9623 9622
f 9592 9624 9623
f 9593 9625 9624
f 9594 9626 9625
f 9595 9627 9626
f 9596 9628 9627
f 9597 9629 9628
f 9598 9630 9629
f 9599 9631 9630
f 9600 9632 9631
f 9601 9633 9632
f 9602 9634 9633
f 9603 9635 9634
f 9604 9636 9635
f 9609 9639 9638
f 9610 9640 9639
f 9611 9641 9640
f 9612 9642 9641
f 9613 9643 9642
f 9614 9644 9643
f 9615 9645 9644
f 9616 9646 9645
f 9617 9647 9646
f 9618 9648 9647
f 9619 9649 9648
f 9620 9650 9649
f 9621 9651 9650
f 9622 9652 9651
f 9623 9653 9652
f 9624 9654 9653
f 9625 9655 9654
f 9626 9656 9655
f 9627 9657 9656
f 9628 9658 9657
f 9629 9659 9658
f 9630 9660 9659
f 9631 9661 9660
f 9632 9662 9661
f 9633 9663 9662
f 9634 9664 9663
f 9635 9665 9664
f 9638 9667 9666
f 9639 9668 9667
f 9640 9669 9668
f 9641 9670 9669
f 9642 9671 9670
f 9643 9672 9671
f 9644 9673 9672
f 9645 9674 9673
f 9646 9675 9674
f 9647 9676 9675
f 9648 9677 9676
f 9649 9678 9677
f 9650 9679 9678
f 9651 9680 9679
f 9652 9681 9680
f 9653 9682 9681
f 9654 9683 9682
f 9655 9684 9683
f 9656 9685 9684
f 9657 9686 9685
f 9658 9687 9686
f 9659 9688 9687
f 9660 9689 9688
f 9661 9690 9689
f 9662 9691 9690
f 9667 9693 9692
f 9668 9694 9693
f 9669 9695 9694
f 9670 9696 9695
f 9671 9697 9696
f 9672 9698 9697
f 9673 9699 9698
f 9674 9700 9699
f 9675 9701 9700
f 9676 9702 9701
f 9677 9703 9702
f 9678 9704 9703
f 9679 9705 9704
f 9680 9706 9705
f 9681 9707 9706
f 9682 9708 9707
f 9683 9709 9708
f 9684 9710 9709
f 9685 9711 9710
f 9686 9712 9711
f 9687 9713 9712
f 9695 9716 9715
f 9696 9717 9716
f 9697 9718 9717
f 9698 9719 9718
f 9699 9720 9719
f 9700 9721 9720
f 9701 9722 9721
f 9702 9723 9722
f 9703 9724 9723
f 9704 9725 9724
f 9705 9726 9725
f 9706 9727 9726
f 9707 9728 9727
f 9708 9729 9728
f 9709 9730 9729
f 9710 9731 9730
f 9711 9732 9731
f 9712 9733 9732
f 9718 9738 9737
f 9719 9739 9738
f 9720 9740 9739
f 9721 9741 9740
f 9722 9742 9741
f 9723 9743 9742
f 9724 9744 9743
f 9725 9745 9744
f 9726 9746 9745
f 9727 9747 9746
f 9728 9748 9747
f 9729 9749 9748
f 9730 9750 9749
f 9731 9751 9750
f 9732 9752 9751
f 9733 9753 9752
f 9736 9760 9759
f 9739 9762 9761
f 9740 9763 9762
f 9741 9764 9763
f 9742 9765 9764
f 9743 9766 9765
f 9744 9767 9766
f 9745 9768 9767
f 9746 9769 9768
f 9747 9770 9769
f 9748 9771 9770
f 9749 9772 9771
f 9750 9773 9772
f 9751 9774 9773
f 9752 9775 9774
f 9753 9776 9775
f 9754 9777 9776
f 9755 9781 9780
f 9756 9788 9787
f 9757 9789 9788
f 9760 9791 9790
f 9764 9794 9793
f 9765 9795 9794
f 9766 9796 9795
f 9767 9797 9796
f 9768 9798 9797
f 9769 9799 9798
f 9770 9800 9799
f 9771 9801 9800
f 9772 9802 9801
f 9773 9803 9802
f 9774 9804 9803
f 9775 9805 9804
f 9776 9806 9805
f 9777 9807 9806
f 9778 9808 9807
f 9780 9813 9812
f 9781 9814 9813
f 9782 9815 9814
f 9783 9816 9815
f 9784 9817 9816
f 9785 9820 9819
f 9786 9821 9820
f 9787 9822 9821
f 9792 9824 9823
f 9795 9826 9825
f 9796 9827 9826
f 9797 9828 9827
f 9798 9829 9828
f 9799 9830 9829
f 9800 9831 9830
f 9801 9832 9831
f 9802 9833 9832
f 9803 9834 9833
f 9804 9835 9834
f 9805 9836 9835
f 9806 9837 9836
f 9807 9838 9837
f 9808 9839 9838
f 9809 9840 9839
f 9810 9841 9840
f 9811 9842 9841
f 9812 9843 9842
f 9813 9844 9843
f 9814 9845 9844
f 9815 9846 9845
f 9816 9847 9846
f 9817 9848 9847
f 9818 9849 9848
f 9819 9850 9849
f 9820 9851 9850
f 9824 9853 9852
f 9825 9859 9858
f 9826 9860 9859
f 9827 9861 9860
f 9828 9862 9861
f 9829 9863 9862
f 9830 9864 9863
f 9831 9865 9864
f 9832 9866 9865
f 9833 9867 9866
f 9834 9868 9867
f 9835 9869 9868
f 9836 9870 9869
f 9837 9871 9870
f 9838 9872 9871
f 9839 9873 9872
f 9840 9874 9873
f 9841 9875 9874
f 9842 9876 9875
f 9843 9877 9876
f 9844 9878 9877
f 9845 9879 9878
f 9846 9880 9879
f 9847 9881 9880
f 9848 9882 9881
f 9849 9883 9882
f 9850 9884 9883
f 9853 9886 9885
f 9854 9887 9886
f 9855 9891 9890
f 9856 9892 9891
f 9857 9893 9892
f 9858 9894 9893
f 9859 9895 9894
f 9860 9896 9895
f 9861 9897 9896
f 9862 9898 9897
f 9863 9899 9898
f 9864 9900 9899
f 9865 9901 9900
f 9866 9902 9901
f 9867 9903 9902
f 9868 9904 9903
f 9869 9905 9904
f 9870 9906 9905
f 9871 9907 9906
f 9872 9908 9907
f 9873 9909 9908
f 9874 9910 9909
f 9875 9911 9910
f 9876 9912 9911
f 9877 9913 9912
f 9878 9914 9913
f 9879 9915 9914
f 9880 9916 9915
f 9881 9917 9916
f 9882 9918 9917
f 9886 9920 9919
f 9887 9921 9920
f 9888 9922 9921
f 9889 9928 9927
f 9890 9929 9928
f 9891 9930 9929
f 9892 9931 9930
f 9893 9932 9931
f 9894 9933 9932
f 9895 9934 9933
f 9896 9935 9934
f 9897 9936 9935
f 9898 9937 9936
f 9899 9938 9937
f 9900 9939 9938
f 9901 9940 9939
f 9902 9941 9940
f 9903 9942 9941
f 9904 9943 9942
f 9905 9944 9943
f 9906 9945 9944
f 9907 9946 9945
f 9908 9947 9946
f 9909 9948 9947
f 9910 9949 9948
f 9911 9950 9949
f 9912 9951 9950
f 9913 9952 9951
f 9914 9953 9952
f 9915 9954 9953
f 9916 9955 9954
f 9917 9956 9955
f 9920 9958 9957
f 9921 9959 9958
f 9922 9960 9959
f 9923 9961 9960
f 9924 9963 9962
f 9925 9964 9963
f 9926 9965 9964
f 9927 9966 9965
f 9928 9967 9966
f 9929 9968 9967
f 9930 9969 9968
f 9931 9970 9969
f 9932 9971 9970
f 9933 9972 9971
f 9934 9973 9972
f 9935 9974 9973
f 9936 9975 9974
f 9937 9976 9975
f 9938 9977 9976
f 9941 9979 9978
f 9942 9980 9979
f 9943 9981 9980
f 9944 9982 9981
f 9945 9983 9982
f 9946 9984 9983
f 9947 9985 9984
f 9948 9986 9985
f 9949 9987 9986
f 9950 9988 9987
f 9951 9989 9988
f 9952 9990 9989
f 9953 9991 9990
f 9954 9992 9991
f 9955 9993 9992
